molecule_id,smiles
m_005e53,CN(Cc1ncccc1C(=O)O)CC1(c2ccc(Br)cc2)CC1;CN(Cc1cc(C(=O)O)ccn1)CC1(c2ccc(Br)cc2)CC1;CN(Cc1ccc(C(=O)O)cn1)CC1(c2ccc(Br)cc2)CC1;CN(Cc1cccc(C(=O)O)n1)CC1(c2ccc(Br)cc2)CC1;Cc1ccc(C(=O)O)c(CNCC2(c3ccc(Br)cc3)CC2)n1;Cc1cnc(CNCC2(c3ccc(Br)cc3)CC2)c(C(=O)O)c1;CC1CC(c2ccc(Br)cc2)CN1Cc1ncccc1C(=O)O;Cc1ccnc(CNCC2(c3ccc(Br)cc3)CC2)c1C(=O)O;Cc1cc(C2(CNCc3ncccc3C(=O)O)CC2)ccc1Br;O=C(O)c1cccnc1CN1CCC(c2ccccc2Br)CC1;Cc1cc(Br)ccc1C1(CNCc2ncccc2C(=O)O)CC1;CN(Cc1ccccn1)CC1(c2ccc(Br)cc2C(=O)O)CC1;CN(Cc1ccccn1)CC1(c2ccc(Br)c(C(=O)O)c2)CC1;Cc1ccc(CN2CC(C(=O)O)C(c3ccc(Br)cc3)C2)nc1;Cc1cncc(CN2CC(C(=O)O)C(c3ccc(Br)cc3)C2)c1;Cc1nc(C2CC2)oc1C(=O)N1CCCc2c(Br)cccc2C1;Cc1ccc(CN2CC(C(=O)O)C(c3ccc(Br)cc3)C2)cn1;COc1cc(C)c2c(c1O)Oc1c(c(C)c(O)c3c1C(O)OC3=O)OC2=O;Cc1ncccc1CN1CC(C(=O)O)C(c2ccc(Br)cc2)C1;Cc1cc(O)c(CO)c2c1C(=O)Oc1c(C)c(O)c3c(c1O2)C(O)OC3=O;COc1c(O)c(OC)c2oc(-c3ccc4c(c3)OCO4)c(O)c(=O)c2c1O;Cc1c(O)c(O)c2c(c1C=O)C1OC(O2)c2c(C)c(O)c(O)c(O)c2C1=O;Oc1cc(O)c(Oc2cc(O)cc(O)c2-c2c(O)cc(O)cc2O)c(O)c1;COc1cc(O)c2c(=O)c(O)c(-c3ccc(O)c(O)c3)oc2c1OC(C)=O;Oc1cc(O)c(Oc2cc(O)c(-c3c(O)cc(O)cc3O)c(O)c2)c(O)c1
m_006153,COc1ccc(N2CC(C(=O)Nc3nncn3C3CC3)CC2=O)cc1;COc1ccc(N2CC(C(=O)N3CCCn4ncnc43)CC2=O)cc1;COc1ccccc1N1CC(C(=O)Nc2nncn2C2CC2)CC1=O;COc1cccc(N2CC(C(=O)Nc3nncn3C3CC3)CC2=O)c1;Cc1cc(O)ccc1N1CC(C(=O)Nc2nncn2C2CC2)CC1=O;Cc1cc(N2CC(C(=O)Nc3nncn3C3CC3)CC2=O)ccc1O;COc1ccc(N2CC(C(=O)Nc3nncn3C3CC3)=CC2O)cc1;COc1ccc(N2CC(C(O)Nc3nncn3C3CC3)=CC2=O)cc1;COc1ccc(N2C=C(C(=O)Nc3nncn3C3CC3)CC2O)cc1;O=C1CC(CNc2nncn2C2CC2)CN1c1ccc2c(c1)OCO2;O=C(Nc1nncn1C1CC1)C1CCN(c2ccc3c(c2)OCO3)C1;COc1ccc(N2CC(C(=O)Nc3nncn3C3=CC3)CC2O)cc1;COc1ccc(N2CC(C(O)Nc3nncn3C3=CC3)CC2=O)cc1;COc1ccc(N2C=C(C(O)Nc3nncn3C3CC3)CC2=O)cc1;COc1ccc(N2CC(C(O)Nc3nncn3C3C=C3)CC2=O)cc1;CN(C(=O)C1CC(=O)N(c2ccc(O)cc2)C1)c1nncn1C1CC1;Cc1nnc(NC(=O)C2CC(=O)N(c3ccc(O)cc3)C2)n1C1CC1;COc1ccc(N2CC(C(=O)Nc3nncn3C3C=C3)CC2O)cc1;CCn1nc(C)cc1-c1nc(CC(=O)Nc2ccccc2OC)no1;CCCc1cc(Oc2ccc(OCC(=O)NC)cc2)n2ncnc2n1;CCc1nnc2n1CCN(C(=O)C(C)n1c(=O)oc3ccccc31)C2;CCc1nnc2n1CCN(C(=O)CCn1c(=O)oc3ccccc31)C2;CCOc1cc(C#N)ccc1OCC(=O)N1CCn2c(C)nnc2C1;COc1nnc(NC(=O)C2CC(=O)N(c3ccccc3)C2)n1C1CC1;Cc1nnc(CNC(=O)c2ccc3c(c2)N(C)C(=O)CO3)n1C1CC1
m_00b5aa,COc1ccnc(CN2CCOCC3(CCCC3)C2)c1OC;COc1cnc(CN2CCOCC3(CCCC3)C2)c(OC)c1;COc1ccc(OC)c(CN2CCOCC3(CCCC3)C2)n1;COc1cnc(CN2CCOCC3(CCCC3)C2)cc1OC;COc1cc(CN2CCOCC3(CCCC3)C2)nc(OC)c1;COc1c(CN2CCOCC3(CCCC3)C2)ncc(C)c1O;COc1c(O)cc(C)nc1CN1CCOCC2(CCCC2)C1;COc1cc(C)nc(CN2CCOCC3(CCCC3)C2)c1O;COc1c(C)cnc(CN2CCOCC3(CCCC3)C2)c1O;Cc1cccc(OCC2(CNC3CCC3)CC(O)C(O)C2)n1;Cc1cccc(OCC2(CNCC3CC3)CC(O)C(O)C2)n1;COc1ccccc1NC(=O)CNC1CC(C)(C)OC1(C)C;CCOCCOc1ccccc1NC(=O)NC1CCCCC1;CCc1noc(CC)c1CC(=O)N1CC2CCCC(C1)C2O;CCCC1(CO)CCN(C(=O)c2cc(C)c(CC)nc2O)C1;CC(=O)Nc1ccc(OCC(O)CN2CCC(C)CC2)cc1;Cc1cc(CCC(=O)N2CCC3(CCC(O)CC3)CC2)no1;COCc1cc(CC2CC(NC(=O)C3CCC3)C2(C)C)no1;CCCNC(=O)CC1CCN(C(=O)c2ccco2)CC1CC;CCC1CN(C(=O)c2cc[nH]c2C(C)C)CC2(CCOC2)O1;CC(C)(C)C(=O)Nc1cccc(OCCN2CCOCC2)c1;CC(C)(C)CNC1COC(CNC(=O)c2ccccc2)C1O;COC1CCCC1C1COCCN1Cc1ncc(C2CC2)o1;CC(C)(C)c1cc(C(=O)NC2CCOC23CCCCC3)no1;CCC(C(=O)N1CCOC2CCCCC21)c1c(C)noc1C
m_01e922,Cc1ccc(C(=O)OCC2CCCCC2)c(=O)[nH]1;CCC=CCCCNc1cc(C(=O)O)ccc1O;CCC=CCCCNc1c(O)cccc1C(=O)O;CCCCCC(=O)Nc1ccc(C(=O)OC)cc1;Cc1cccc(NC(=O)CC2(O)CCCC2)c1O;Cc1ccc(C(O)OCC2CC=CCC2)c(=O)[nH]1;Cc1ccc(C(O)OCC2C=CCCC2)c(=O)[nH]1;CCOc1ccc(CC=C(C)C)c(C(=O)O)c1N;CCOc1c(CC=C(C)C)ccc(C(=O)O)c1N;CCOc1cc(CC=C(C)C)cc(C(=O)O)c1N;Cc1cc2c(c(=O)n1C)C(CC(C)C)CC(=O)O2;CC(C)CC(=O)C(C)OC(=O)c1ccccc1N;Cc1ccc(C(O)OCC2=CCCCC2)c(=O)[nH]1;Cc1ccccc1C(=O)NC(CC(C)C)C(=O)O;Cc1cc(O)ccc1C(=O)NC1CCCC1CO;Cc1ccc(C(O)OC=C2CCCCC2)c(=O)[nH]1;CN1C2CCCC1CC(OC(=O)c1ccco1)C2;CC(C)C(CCN1C(=O)CCC1=O)c1ccco1;COc1cccc(C(=O)NCC(OC)C2CC2)c1;COC1CC2=CC(=O)OC23CC1N1CCCCC13;CC(C)(C)c1ccc(C(=O)NCCC(=O)O)cc1;CC1COC(c2ccccc2)C(C)N1CC(=O)O;CC(NC(=O)c1ccc(C(C)(C)C)cc1)C(=O)O;COc1ccccc1CC(=O)N1CCCC(O)C1;CN(C)c1cccc(C(=O)OCC2CCCO2)c1
m_0259d4,O=C(NCCCn1ccnc1)NCCc1coc(-c2ccccc2)n1;Cc1ccc(-c2nc(CCNC(=O)NCCn3ccnc3)co2)cc1;OC(NCC=Cn1ccnc1)NCCc1coc(-c2ccccc2)n1;Cc1ccc(-c2cnc(CN3CCC(O)(Cn4ccnn4)C3)o2)cc1;OC(NC=CCn1ccnc1)NCCc1coc(-c2ccccc2)n1;Cc1ccc2[nH]c(C(=O)N3CCOC(Cn4ccnn4)C3)cc2c1C;Cc1ccc(-c2cc(CN3CCOC(Cn4cncn4)C3)on2)cc1;COC1CC(c2ncn[nH]2)N(C(=O)c2cc3c(C)cc(C)cc3[nH]2)C1;CCn1c(C(=O)N2CCC(c3nc(=O)[nH][nH]3)CC2)cc2ccccc21;OC(NC=Cc1coc(-c2ccccc2)n1)NCCCn1ccnc1;O=C(NC1CCCC1n1ccnc1)c1ccc(N2CCNC2=O)cc1;O=C(CCCCC1CCSS1)NC12CC3CC(CC(C3)C1)C2;Cc1cn(CC(=O)NCCCC(=O)Nc2cn[nH]c2)c2ccccc12;Cc1nn(C)c(C)c1NC(=O)C(=O)NCCc1c[nH]c2ccccc12;Cc1cccc2[nH]cc(CC(=O)N3CCOCC3c3ncnn3C)c12;CC1CC(=O)Nc2ccccc2N1C(=O)CN1CC(n2cccn2)C1;CC(c1nc(-c2ccccc2)no1)N1CCOC(Cn2cccn2)C1;CCCNC(=O)c1[nH]cnc1C(=O)NCCc1c[nH]c2ccccc12;COC1CC(c2ncc[nH]2)N(Cc2nc(Cc3ccccc3)no2)C1;COc1ccc(-c2cn3c(n2)COC(CNCc2ncc[nH]2)C3)cc1;COc1ccc(-n2nc(C(=O)NC(C)c3cnn(C)c3)cc2C)cc1;O=C(Nc1cc(C(=O)N2CCC(n3ccnc3)CC2)ccn1)C1CC1;COc1cccc(-c2c[nH]c(C3COCCN3Cc3c[nH]cn3)n2)c1;O=C1CC(c2ccccc2)N(C(=O)C2CCc3nncn3C2)CCN1;Cc1nn(CC(C)C)c(C)c1S(=O)(=O)N(C)CCn1cccn1
m_02d188,CC(=O)Nc1ccc(NCC(=O)NC(C)c2ccccc2)c(Cl)c1;CC(=O)Nc1ccc(Cl)cc1NCC(=O)NC(C)c1ccccc1;CCN(CC(=O)Nc1c(C)cccc1C)C(=O)c1ccc(Cl)cn1;Cc1ccc(NC(=O)CNC(=O)c2ccc(C(C)C)cn2)c(Cl)c1;CC(NC(=O)c1cc(N2CCOCC2)ccn1)c1cccc(Cl)c1;O=C(CCc1cccc(Cl)c1)NCCC(=O)NCc1ccncc1;Cc1cc(Cl)c(C(=O)NCCC(=O)NCc2ccccn2)cc1C;CC(c1ccc(Cl)cc1)N1CCN(C(=O)c2cccc(=O)[nH]2)CC1;Cn1cc(Cl)cc1C(=O)N1CCCNC(=O)C1Cc1ccccc1;Cc1ccc(C(N)=O)cc1NCC(=O)N(C)Cc1cccc(Cl)c1;O=C(CCc1cccnc1)Nc1cccc(Cl)c1N1CCOCC1;COc1cc(C)c(S(=O)(=O)NC(C(=O)O)C(C)(C)C)cc1OC;CC(C)Oc1ncc(C(=O)N2CCCC2c2ccccn2)cc1Cl;Cc1c(C(C)NC(=O)c2cn(CC(N)=O)nn2)oc2ccc(F)cc12;O=C(Nc1ccc(Cn2cccn2)cc1)c1cc(-c2ccncc2)on1;CC(NC(=O)N1CCOC(c2ccccc2Cl)C1)c1cccnc1;Cc1ccc(CNC(=O)N2CCOC(c3ccccc3Cl)C2)cn1;CC(C)CC(=O)OC(c1ccccc1)c1cc(O)c(C(=O)O)c(=O)[nH]1;Cn1nc2c(cc1=O)CC(NC(=O)CCc1cccc(Cl)c1)CC2;C#CCCC1(CCC(=O)NC2CCCOc3c(Cl)cccc32)N=N1;O=C(O)c1cccc(Nc2ncnc3c2cnn3Cc2ccccc2)c1;COC(=O)CC(c1ccccc1)c1c(O)cc(C)n(CC(=O)O)c1=O;Cc1cn2c(=O)c3ccccc3nc2nc1Nc1ccccc1C(N)=O;CNC(=O)c1ccccc1Nc1ccn2c(=O)c3ccccc3nc2n1;O=C(NC(Cc1ccccc1)C(=O)N1CCCC1)c1cc(Cl)c[nH]1
m_0318b5,O=C(Nc1ccc(F)cc1)C(c1ccccc1)N1CCC(n2cccn2)CC1;O=C(Nc1ccc(F)cc1)C(c1ccccc1)N1CCC(c2ccn[nH]2)CC1;Cc1cc(C)n(-c2ccc(C(=O)N3CCN(c4ccccc4F)CC3)cc2)n1;OC(Nc1ccc(F)cc1)C(c1ccccc1)N1CC=C(n2cccn2)CC1;OC(Nc1ccc(F)cc1)C(c1ccccc1)N1C=CC(n2cccn2)CC1;Cc1ccc(CC(=O)N2CCCCC2c2ncc(-c3cccc(F)c3)[nH]2)cn1;CC(C)=CCC1(C)CCc2c(O)cc(C(=O)C=Cc3ccc(O)cc3)cc2O1;CC12CCC(=O)C=C1CCC1C2C(O)CC2(C)C1CCC2(O)C(=O)CS;CC(=O)Oc1ccc2c(c1)CC=C1C2CCC2(C)C1CCC2(O)c1ccoc1;COc1c(F)cc(CN2CCC(CNC(=O)c3cnn(C)c3)CC2)cc1F;CC(C)=CCCC1(C)C=Cc2c(O)cc(C=Cc3ccc(O)c(O)c3)cc2O1;CC(C)=CCCC(C)=CCc1c(O)ccc2cc(-c3cc(O)cc(O)c3)oc12;CCCCCCc1c(C)c2ccc(OCC(=O)c3ccccc3)cc2oc1=O;CCOC(=O)c1c(C(C)(C)C)oc2ccc(OCC=Cc3ccccc3)cc12;CC(C=O)=CCCC(C)=CCCC1(C)C=Cc2c(c3ccccc3oc2=O)O1;O=C(O)C1C=CC2CC3C(CCCc4ccc5c(c4)OCO5)C4C=CC1C2C43;CC(C)=CCC(C)=CCOc1cc(O)c2c(c1)Cc1cc(C)cc(O)c1C2=O;CC(C)(C)C(=O)Oc1ccc2c(c1)OC(=Cc1ccc(C(C)(C)C)cc1)C2=O;C=C1C(C)CC(OC(=O)C=Cc2ccccc2)C2(C)C(C=O)C(C=O)=CCC12;CC(C)=CCc1c(O)cc(O)cc1-c1cc2ccc(O)c(CC=C(C)C)c2o1;COC(=O)C=Cc1ccc(OC(=O)CCc2ccccc2)c(CC=C(C)C)c1;CC(C)=CCCC(C)=CCc1c(O)cc(-c2cc3ccc(O)cc3o2)cc1O;COc1ccc2c(c1)c(=O)oc1cc(OCC=C(C)CCC=C(C)C)ccc12;CC(C)=CCCC(C)=CCc1c(O)cc(O)cc1-c1cc2ccc(O)cc2o1;CC(C)=CCc1cc(C2CC(=O)c3ccc(O)cc3O2)cc(C=C(C)C)c1O
m_043e86,OC(CNc1ncc(Cl)cc1F)CN1CCOCC1;OC(CCN1CCOCC1)Nc1ncc(Cl)cc1F;OC(CCNc1ncc(Cl)cc1F)N1CCOCC1;Oc1c(Cl)cnc(NCCCN2CCOCC2)c1F;Oc1nc(NCCCN2CCOCC2)c(F)cc1Cl;OC1CN(CCCNc2ncc(Cl)cc2F)CCO1;OC1COCCN1CCCNc1ncc(Cl)cc1F;Cc1cc(C(=O)NC2CCc3nc(N)sc3C2)cnn1;O=C(O)C(CNC(=O)C1CCCS1(=O)=O)CC1CC1;CCn1nc(C)c(Cn2cnc3c(C)csc3c2=O)n1;O=C(O)C1CCN(C(=O)CS(=O)(=O)C2CCCC2)C1;NCC1CCCN1C(=O)c1cnc(-c2ncccn2)s1;O=C(NCc1nnc(C2CC2)n1C1CC1)c1cscn1;Cc1nnsc1C(=O)N1CCN(c2ccccn2)CC1;C=CCNC(=O)CSCc1nnnn1-c1ccccc1;Nc1nc2c(c(=O)[nH]1)NC(C(O)C(O)CO)C(O)N2O;O=C(CSCc1nnnn1-c1ccccc1)NC1CC1;C=CCn1c(N)nnc1SCC(=O)Nc1ccccc1;Cc1nc(-c2ccnc(NC(=O)CC3CSC3)c2)n[nH]1;Cc1cn2c(CN(C)C(=O)c3cc[nH]n3)c(C)nc2s1;CN1CC(NCc2ccc(Cl)c3cccnc23)CC1=O;Cc1cn2c(CN(C)C(=O)c3cn[nH]c3)c(C)nc2s1;CC(C)(C)C(=O)Nc1ccc(-c2ncccc2Cl)cn1;CC(C)(C)C(=O)Nc1ccc(-c2ccc(Cl)cn2)cn1;OC1CCN(c2ccc(-c3ccccc3Cl)nn2)CC1
m_050bf1,CCc1noc(COCC(=O)N2CC(OC(C)=O)CCC2C)n1;CCc1noc(COCC(=O)N2CC(C)(C)OC3COCC32)n1;CCCc1noc(CCCC(=O)N2CCOC(CC(=O)O)C2)n1;CC(C)(C)c1noc(CCC(=O)N2CCOC(CC(=O)O)C2)n1;COC(=O)CN1C(=O)C2CC(O)CN2C2(CN(C(C)C)C2)C1=O;CCN1CCN(C(=O)COCc2ocnc2C(=O)OC)C(C)C1;CC(=O)N1CC2COCCN2C2(C1)CN(C(=O)CCC(=O)O)C2;CCC(C)C1=C(N(OC)C(=O)C(C)C)C(=O)N1C(=O)CC(N)=O;CCC(C)c1c(OC(=O)CC(N)=O)nc(C(C)C)c(=O)n1OC;c1cn(-c2cc(NC3=NCC4(CN5CCC4CC5)O3)ncn2)cn1;Cc1nc2ncnn2c(NCCC(=O)NCc2ccncc2)c1C;CCc1noc(COCC(O)N2CC(C)(C)OC3=COCC32)n1;CC1OC(n2ccc(=NC(=O)CC(C)(C)O)nc2O)CCC1O;COCCOCC1(CNC(=O)c2cnccn2)CC(O)C(O)C1;CCc1noc(COCC(O)N2CC(C)(C)OC3COC=C32)n1;CCc1noc(COCC(O)N2CC(C)(C)OC3=C2COC3)n1;Cc1nn(-c2ncnc3[nH]cnc23)c2c1C(CC(C)C)CC(=O)N2;Cn1c(C2C(C3CC3)CCN2c2ncnn3cccc23)n[nH]c1=O;Cn1ncnc1CN1CCC(Cc2nc(-c3ccncc3)no2)C1;CNc1ccc(-c2noc(C3CCCN3Cc3ncc[nH]3)n2)cn1;Cc1nn(C)c(C)c1C1C(Nc2cnc(C#N)cn2)CC(=O)N1C;Cc1noc(C23CCN(C)CC2CN(c2ncncc2C#N)C3)n1;OC1CC(Cn2ccnc2)CC1Nc1nccc(-n2cccn2)n1;Cc1nn(C)c(C)c1C1C(Nc2ccc(C#N)nn2)CC(=O)N1C;CC1CC(C)(C)N(c2ccccc2)[N+]1=C([S-])Nc1ccccc1
m_05b52e,COc1ccc(Cl)cc1-c1cc(NC(=O)c2ccnc(C)n2)[nH]n1;COc1cc(Cl)cc(-c2cc(NC(=O)c3ccnc(C)n3)[nH]n2)c1;COc1ccc(-c2cc(NC(=O)c3ccnc(C)n3)[nH]n2)cc1Cl;COc1c(-c2cccc(Cl)c2)n[nH]c1NC(=O)c1ccnc(C)n1;COc1c(Cl)cccc1-c1cc(NC(=O)c2ccnc(C)n2)[nH]n1;Cc1nccc(C(=O)Nc2cc(-c3cc(Cl)c(C)cc3O)n[nH]2)n1;Cc1nccc(C(=O)Nc2cc(-c3cc(Cl)cc(C)c3O)n[nH]2)n1;Cc1nccc(C(=O)Nc2[nH]nc(-c3cc(Cl)ccc3O)c2C)n1;Cc1nccc(C(=O)N(C)c2cc(-c3cc(Cl)ccc3O)n[nH]2)n1;Cc1nccc(C(=O)Nc2cc(-c3c(O)ccc(Cl)c3C)n[nH]2)n1;COc1cc(C(=O)Nc2cc(-c3cccc(Cl)c3)n[nH]2)nc(C)n1;COc1cnc(C)nc1C(=O)Nc1cc(-c2cccc(Cl)c2)n[nH]1;Cc1ncc(C)c(C(=O)Nc2cc(-c3cc(Cl)ccc3O)n[nH]2)n1;Cc1cc(C(=O)Nc2cc(-c3cc(Cl)ccc3O)n[nH]2)nc(C)n1;CN(C)c1nccc(NC(=O)c2cc(-c3cccc(Cl)c3)no2)n1;Cc1ccc(C(=O)Nc2ccc(-c3n[nH]c(C)n3)c(Cl)c2)c(=O)[nH]1;CCc1c(NC(=O)c2ccc(=O)[nH]n2)cnn1-c1cccc(Cl)c1;O=C(O)C1(C(=O)N2CCN(S(=O)(=O)Cc3ccon3)CC2)CC1;CN(C)c1ncc(NC(=O)c2cc(-c3cccc(Cl)c3)on2)cn1;Cc1nc(-c2ccc(NC(=O)c3ccc(=O)n(C)c3)cc2Cl)n[nH]1;O=C(Cn1cccn1)N1CCc2nc3ccc(Cl)cn3c(=O)c2C1;COc1ccc(Cl)cc1CNC(=O)c1ccnc(-n2cncn2)c1;O=C(NCCNC(=O)c1nccn2ccnc12)c1ccc(Cl)cc1;CC(OP(=O)(O)O)C(NC(=O)CCCCCCS)C(=O)O;Cc1ccccc1NC(=O)CSc1ncnc2sc(C)c(C)c12
m_068354,CC(NC(=O)C1CCn2ccnc2C1)C(O)Cc1ccccc1;O=C(NC(CO)CCc1ccccc1)C1CCn2ccnc2C1;CC(O)(CCc1ccccc1)NC(=O)C1CCn2ccnc2C1;CC(CC(O)c1ccccc1)NC(=O)C1CCn2ccnc2C1;CC(CCc1ccc(O)cc1)NC(=O)C1CCn2ccnc2C1;Cc1ccc(C(C)(C)O)cc1NC(=O)C1CCn2ccnc2C1;CC(CCc1ccccc1O)NC(=O)C1CCn2ccnc2C1;CC(CCc1cccc(O)c1)NC(=O)C1CCn2ccnc2C1;Cc1cc(O)c(C(C)C)cc1NC(=O)C1CCn2ccnc2C1;Cc1ccc(C(C)CO)cc1NC(=O)C1CCn2ccnc2C1;CC(CCc1ccccc1)NC(=O)C1(O)CCn2ccnc2C1;CC(NC(O)C1=Cc2nccn2CC1)C(O)Cc1ccccc1;CC(NC(O)C1=CCn2ccnc2C1)C(O)Cc1ccccc1;CC(NC(O)C1CCn2ccnc2C1)=C(O)Cc1ccccc1;CC(C)c1ccc(CO)c(NC(=O)C2CCn3ccnc3C2)c1;Cc1cc(CCNC(=O)C2CCCc3[nH]ncc32)cc(C)c1O;CC(CCc1ccccc1)NC(=O)C1CCn2ccnc2C1O;CC(CCc1ccccc1)NC(=O)C1Cc2nccn2CC1O;CC(CCc1ccccc1)NC(=O)C1Cc2nccn2C(O)C1;CC(NC(O)C1C=Cn2ccnc2C1)C(O)Cc1ccccc1;CCOc1ccccc1CCC(=O)NC1CCc2nccn2C1;Cc1ccc(C(C)C)c(O)c1NC(=O)C1CCn2ccnc2C1;Cc1c(O)cc(C(C)C)cc1NC(=O)C1CCn2ccnc2C1;Cc1ccc(C(C)C)cc1NC(=O)C1(O)CCn2ccnc2C1;CC(CCc1ccccc1)NC(=O)C1CCn2c(O)cnc2C1
m_06e13d,CCc1onc(C)c1NS(=O)(=O)c1cc(Cl)cc(C(=O)O)c1C;CCc1onc(C)c1NS(=O)(=O)c1cc(Cl)c(C)c(C(=O)O)c1;Cc1cc(CN(C)S(=O)(=O)c2cc(Cl)cc(C(=O)O)c2C)no1;Cc1c(C(=O)O)cc(Cl)cc1S(=O)(=O)N1CC(=O)N(C2CC2)C1;O=C(O)c1ccc(S(=O)(=O)N2CC(=O)N(CC3CC3)C2)cc1Cl;N#Cc1ccc(S(=O)(=O)NCC2(C(=O)O)CCOCC2)c(Cl)c1;O=C(O)c1ccc(S(=O)(=O)N2CC(=O)N(CC3CC3)C2)c(Cl)c1;O=C(NCC1CCOC1c1ncn[nH]1)c1cc(F)c(Cl)cc1Cl;O=C(c1cnn(-c2ccc(Cl)cc2Cl)c1)N1CCc2cnccc21;NC(=O)C1CCS(=O)(=O)C12CN(C(=O)c1ccc(Cl)c(O)c1)C2;OCc1nnc2n1-c1ccc(Cl)cc1C(c1ccccc1Cl)=NC2;CC1CCCC=CC(=O)c2c(O)c(Cl)c(O)c(Cl)c2CC(=O)O1;Cc1noc2ncnc(N3CC(Cc4ccccc4Br)C3)c12;NC(=O)CN1C(=O)C2CN(S(=O)(=O)c3cccs3)CCN2C1=O;O=C(NN=Cc1cn[nH]c1-c1ccccc1)c1ccc(Cl)cc1Cl;NNS(=O)(=O)c1ccc(Oc2ccc(S(=O)(=O)NN)cc2)cc1;O=C1C(=Cc2c(F)cccc2Cl)Oc2cc(OC(=O)C3CC3)ccc21;Brc1ccccc1Cc1noc(C2CCc3cn[nH]c3C2)n1;CCc1nnc(NC(=O)CN(C)Cc2ccc(Cl)cc2Cl)s1;Cc1ccc(Br)cc1C(=O)NCCNc1ccc(C#N)cn1
m_06f339,Cc1csc(NC(=O)CN2CCCC(Cn3nc(C)nc3C)C2)n1;Cc1cc(C)n(CC2CCCCN2CC(=O)Nc2nnc(C)s2)n1;CCc1nc(NC(=O)CN2CCCC(Cn3cncn3)C2)sc1C;Cc1csc(NC(O)CN2C=C(Cn3nc(C)nc3C)CCC2)n1;Cc1nc(NC(=O)C(C)N2CCCC(Cn3cncn3)C2)sc1C;Cc1csc(NC(O)CN2CCCC(=Cn3nc(C)nc3C)C2)n1;Cc1csc(NC(O)CN2CCC=C(Cn3nc(C)nc3C)C2)n1;Cc1csc(NC(O)CN2CC=CC(Cn3nc(C)nc3C)C2)n1;Cc1csc(NC(O)CN2C=CCC(Cn3nc(C)nc3C)C2)n1;CCc1nc(C2CCN(C(=O)Nc3ncc(C(C)C)s3)CC2)n[nH]1;C=C1C2CCC(C3(C)CCCC4(C)C(=O)OC(=O)C43)C(C=O)(C2)C1F;Cn1cnnc1C1CCN(C(=O)Nc2ncc(C(C)(C)C)s2)CC1;Cc1nc2n(n1)CCCC2NC(=O)NCc1csc(C(C)(C)C)n1;CCc1nc2n(n1)CC(NCc1csc(N(CC)C(C)=O)n1)CC2;CCn1cnnc1C1CCN(C(=O)CCc2cccc(F)c2F)CC1;Cc1nn(C)c(C)c1NC(=O)CN1CCN(c2nccs2)C(C)C1;Cn1ncnc1C1(O)CCN(c2nc(C3CCCCC3)ns2)CC1;CCc1nnc(CNC2CC(=O)N(C)C2c2c(C)nn(C)c2C)s1;Cc1nn(C)c(C)c1NC(=O)C(C)N1CCN(c2nccs2)CC1;CC(C)(C)c1nc(CNC(=O)NCCc2nnc3n2CCC3)cs1;C#CC=CCCCC(O)C=CC#CC#CCCCC#CC#CC(O)CO;CC(C)=CCOc1cc(C)cc2oc(=O)c(Cc3ccccc3)c(C)c12;CC(C)=CCOc1ccc2c(C)c(Cc3ccccc3)c(=O)oc2c1C;C#CC=CC(O)CCCC=CC#CC#CCCCC#CC#CC(O)CO;CC(C)=CCOc1ccc2c(c1)OC(=Cc1ccc(C(C)C)cc1)C2=O
m_070985,CCC(C)C(CO)NS(=O)(=O)c1cncc(Cl)c1;CCC(C)C(C)(O)NS(=O)(=O)c1cncc(Cl)c1;CC(O)C(C)C(C)NS(=O)(=O)c1cncc(Cl)c1;CCC(CO)C(C)NS(=O)(=O)c1cncc(Cl)c1;CCC(C)(O)C(C)NS(=O)(=O)c1cncc(Cl)c1;CC(CCO)C(C)NS(=O)(=O)c1cncc(Cl)c1;CCC(C)C(C)NS(=O)(=O)c1cc(Cl)cnc1O;CCC(C)C(C)NS(=O)(=O)c1cnc(O)c(Cl)c1;CCC(C)C(C)NS(=O)(=O)c1cncc(Cl)c1O;CCCOc1ccc(NS(=O)(=O)N(C)C)cc1Cl;O=C(C=Cc1ccc(Cl)cc1)c1cccc2ccccc12;CCOc1cc(OP(=S)(OC)OC)nc(CC)n1;CCNCCNS(=O)(=O)c1ccc(OC)c(Cl)c1;O=C(O)CCNC(=O)c1ncccc1OCC(F)(F)F;O=C1C2=C(NC(=S)NC2c2ccccc2)c2ccccc21;CCOP(=O)(OCC)c1ccccc1OCCCl;COC(=O)c1ccnc(NC(=O)c2cc(F)cc(F)c2)c1;CCC(C)(C)C(=O)Nc1nnc(NS(C)(=O)=O)s1;CC(C)(O)C(=O)Nc1ccc([N+](=O)[O-])c(C(F)(F)F)c1;COC(=O)c1ccnc(NC(=O)c2ccc(F)c(F)c2)c1;Cc1ccccc1C=c1sc2nc3ccccc3n2c1=O;COc1ccccc1C=C(C#N)c1nc2ccccc2s1;COC(=O)C(C)NC(=O)c1csc(-c2cnccn2)n1;COc1ccc(C=C(C#N)c2nc3ccccc3s2)cc1;COC(=O)c1ccc(NC(N)=O)c(OCC(F)(F)F)c1
m_074e83,CCOc1ccccc1C(=O)N1CCCC1C(=O)N1CCC(CN(C)CC)C1;CCOc1ccccc1C(=O)N1CCC=C1C(O)N1CCC(CN(C)CC)C1;CCOc1ccccc1C(=O)N1CC=CC1C(O)N1CCC(CN(C)CC)C1;CCOc1ccccc1C(=O)N1CCCC1C(O)N1C=CC(CN(C)CC)C1;CCOc1ccccc1C(=O)N1CCCC1C(O)N1CC=C(CN(C)CC)C1;CCOc1ccccc1C(=O)N1C=CCC1C(O)N1CCC(CN(C)CC)C1;CCOc1ccccc1C(=O)N1CCCC1C(O)N1C=C(CN(C)CC)CC1;CCOc1ccccc1C(=O)N1CCCC1C(O)N1CCC(=CN(C)CC)C1;COC(=O)c1cccc(CN2CC3CC(O)CN3C3(C2)CN(CC(C)C)C3)c1;CCNCC1CCN(C(=O)C2CCCN2C(=O)c2ccc(C)cc2OCC)C1;CCNCC1CCN(C(=O)C2CCCN2C(=O)c2cccc(C)c2OCC)C1;CCNCC1CCN(C(=O)C2CCCN2C(=O)c2cc(C)ccc2OCC)C1;CCNCC1CCN(C(=O)C2CCCN2C(=O)c2c(C)cccc2OCC)C1;CNC(=O)C(c1ccc(OC)cc1)N1CCCC1C(=O)NCC1CCCCC1;CC1C(N2CCOCC2)CCN1Cc1ccccc1OCC(=O)N1CCCC1;CCOc1ccccc1C(O)N1CCC=C1C(=O)N1CCC(CN(C)CC)C1;COc1ccc(CCN2C(=O)CC3C(CNC(=O)NC(C)C)C(C)CC32)cc1;CCOc1ccccc1C(O)N1C=CCC1C(=O)N1CCC(CN(C)CC)C1;COc1ccc(C2CC(NC(=O)C(C)C)CC2C(=O)N2CCN(C)CC2)cc1;CCOc1ccccc1C(O)N1CC=CC1C(=O)N1CCC(CN(C)CC)C1;COc1ccc(C(=O)N2CC3COCCN3C3(CN(CC(C)(C)C)C3)C2)cc1;COc1cccc(C(=O)N2CC3COCCN3C3(CN(CCC(C)C)C3)C2)c1;COc1ccc(C(=O)N2CC3COCCN3C3(CN(CCC(C)C)C3)C2)cc1;CCOc1ccccc1C(O)N1CCCC1C(=O)N1CC=C(CN(C)CC)C1;CCOc1ccccc1OC1CCN(C(=O)NC2CCN(C3CC3)CC2)CC1
m_089267,O=C(Nc1cnn(CC(F)(F)F)c1)N1CCCC(CN2CCOCC2)C1;OC(Nc1cnn(CC(F)(F)F)c1)N1C=CCC(CN2CCOCC2)C1;OC(Nc1cnn(CC(F)(F)F)c1)N1C=C(CN2CCOCC2)CCC1;OC(Nc1cnn(CC(F)(F)F)c1)N1CC=CC(CN2CCOCC2)C1;OC(Nc1cnn(CC(F)(F)F)c1)N1CCC=C(CN2CCOCC2)C1;OC(Nc1cnn(CC(F)(F)F)c1)N1CCCC(=CN2CCOCC2)C1;OC(Nc1cnn(CC(F)(F)F)c1)N1CCCC(CN2C=COCC2)C1;Cc1noc(C2(C(F)(F)F)CCN(C(=O)C(C)(C)N3CCNCC3)C2)n1;CC(=O)N1CCN(C(=O)c2cccn2C)CC1C(=O)NC1CCCNC1=O;COc1ccccc1C(NC(=O)NCCN1CCOCC1)c1noc(C)n1;CN(C)Cc1cn(CC2OC(CC(=O)Nc3ccccc3)C(O)C2O)nn1;COCC(=O)NC1CC(c2nc(COC)nn2-c2cccnc2)CCC1O;CC(C)C1(O)CN(C(=O)CCC(=O)Nc2ccc3c(n2)n(C)c(=O)n3C)C1;CCCCC(C)=CC1C=CC2=CC(=O)CC2C1C(=O)SCCNC(C)=O;O=C(C1CCC2(CCC2)CC1)N1CCC(S(=O)(=O)c2ccccc2)CC1;COC(=O)C1(C)CCCN(c2ncnc3c2ncn3CC2(CO)COC2)C1;COCc1cn(CC2OCC(O)C2NCc2ccc(NC(C)=O)cc2)nn1;COc1ccc(C2CN3C4C(=O)N(C)C(=O)N(C)C4NC3N2CCO)cc1;COc1ccc(NC(=O)C2CCNC(=O)C2)c(N2CCN(C(C)=O)CC2)n1;N=C(NCCCCC(N)C(=O)O)NC(Cc1c[nH]c2ccccc12)C(=O)O;CCOC(=O)C1CCCN(c2ncnc3c2ncn3CC2(CO)COC2)C1;COc1ccccc1-c1noc(C(C)NC(=O)CNC(=O)C(N)C(C)C)n1;O=S(=O)(CC12CCC(CC1)C2)NC1c2ccccc2CC12CCOCC2;CNC(=O)NC(=O)CN(CC(=O)NC(=O)NC)CC1(c2ccccc2)CC1;C=C1C(COC(=O)C(CC)CC)C(O)CC1n1cnc2c(=O)[nH]c(N)nc21
m_08d7f1,O=C(Nc1nnc[nH]1)c1cc(Cl)cc(C(F)(F)F)c1;OC1=NN=C(C(F)(F)F)C1=NNc1ccc(Cl)cc1;Cc1nc(-c2cccs2)c(NC(=O)c2ccco2)s1;CC#CC#Cc1ccc(C#CC(CCl)OC(C)=O)s1;CC#CC#Cc1cscc1C#CC(Cl)COC(C)=O;Nc1ccc(N=Nc2cccc(Br)c2)c(N)c1;CC#CC#Cc1ccc(C#CC(Cl)COC(C)=O)s1
m_0a8bf5,CNCC1CCCN(S(=O)(=O)c2cccc3cc(C)cnc23)C1;Cc1cnc2c(S(=O)(=O)N3CCC(CN(C)C)C3)cccc2c1;CNCC1CCN(S(=O)(=O)c2c(C)cc(C)c3cccnc23)C1;CNCC1CCN(S(=O)(=O)c2cccc3c(C)c(C)cnc23)C1;Cc1cc2cccc(S(=O)(=O)N3CCCC(CN)C3)c2nc1C;CNCC1CCN(S(=O)(=O)c2cccc3cc(C)c(C)nc23)C1;Cc1cnc2c(S(=O)(=O)N3CCCC(CN)C3)cccc2c1C;CNCC1CCN(S(=O)(=O)c2ccc(C)c3cc(C)cnc23)C1;CNCC1CCN(S(=O)(=O)c2cc(C)cc3cc(C)cnc23)C1;CNCC1CCN(S(=O)(=O)c2c(C)ccc3cc(C)cnc23)C1;Cc1cnc2c(S(=O)(=O)N3CCCC(CN)C3)ccc(C)c2c1;Cc1cnc2c(S(=O)(=O)N3CCCC(CN)C3)c(C)ccc2c1;Cc1cnc2c(S(=O)(=O)N3CCCC(CN)C3)cc(C)cc2c1;CCN(CC)C1CCN(S(=O)(=O)c2cccc3cnccc23)C1;CN1CCN(C)C(CNS(=O)(=O)c2cccc3ccccc23)C1;CCN1CCC(NC(=O)Cc2nc(-c3ccsc3)oc2C)CC1;CC(O[SH](=O)C(C)(C)C)C(O)(c1ccccc1)c1ccccc1;Cc1ccc(OCc2nnc(SCC3CCCN(C)C3)o2)cc1;Cc1cccc(OCc2nnc(SCC3CCCN(C)C3)o2)c1;COc1ccccc1Cc1nnc(SCC2CCCN(C)C2)o1;COc1ccc(Cc2nnc(SCC3CCCN(C)C3)o2)cc1;CCn1cc(S(=O)(=O)N2CCCC(C)c3ccccc32)nc1C;CCN(CC)S(=O)(=O)N1CC=C(c2c[nH]c3ccccc23)CC1;C#CCN(C)Cc1nc(C2(O)CCN(C(=O)C3CC3)CC2)cs1;O=C(NC1CC(Cn2cccn2)CC1O)c1ccc(CO)c(F)c1
m_0af51a,Cc1oc(-c2ccccc2)nc1CS(=O)(=O)c1ccccc1Cl;Cc1oc(-c2ccccc2)nc1CS(=O)(=O)c1cccc(Cl)c1;N#Cc1ccc(N2CCC(O)(Cn3ccnn3)C2)c(Br)c1;O=C(O)C1CC2CCC1N2S(=O)(=O)Cc1c(F)cccc1Cl;O=C(O)C1C2CCCC2CN1S(=O)(=O)c1cccc(Cl)c1F;O=C(O)C1CC2CCC1N2S(=O)(=O)Cc1ccc(Cl)c(F)c1;COc1ccc(Br)cc1CNc1ccc2nnc(C)n2n1;Cc1cc(NC(=O)Cn2nc(C)c(C#N)c2N)ccc1Br;COc1cc(Nc2nc(C)nc3c2cnn3C)ccc1Br;Cn1nnnc1Sc1ccc(Cl)cc1NC(=O)c1cnccn1;COc1cc(Br)ccc1C(C)Nc1ncnc2nc[nH]c12;O=C(O)C1C2CCCC2CN1S(=O)(=O)c1ccc(F)cc1Cl;C#CC(C)(CC)NC(=O)c1ccc(-n2cc(Br)cn2)nn1;O=C(O)C1CC12CCN(S(=O)(=O)c1cc(F)ccc1Cl)CC2;O=C(c1cnccn1)N1CCN(c2ccc(Br)cn2)CC1;Cc1cc(-c2ccc(CNc3nnnn3C)o2)ccc1Br;Cc1cc(S(N)(=O)=O)sc1C(=O)Nc1ccc2ncccc2c1;NC(=O)CN(c1nc2ccccc2s1)S(=O)(=O)c1ccccc1;Cc1nscc1C(=O)Nc1nc2cc3c(cc2s1)OCCCO3;CCOC(=O)c1cnc(SC)nc1Sc1nc2ccccc2o1;O=C(NCc1ncc[nH]1)c1ccc(S(=O)(=O)c2ccccc2)s1;O=C(O)CSCC(=O)Nc1ccc(-c2cn3ccsc3n2)cc1;O=C(O)COc1cccc(C=C(Cl)c2nc3cc(F)ccc3o2)c1;Cc1ccc(S(=O)(=O)NC(=O)Nc2nc3ccccc3s2)cc1;COc1cccc(-c2nc(SC)nc3sc(C(=O)O)c(N)c23)c1
m_0c4e10,CC(C)c1cc(C(=O)N2CCC(C)(N3CCOCC3)CC2)cc(O)n1;CC(C)Oc1cncc(C(=O)N2CCCC(CN3CCOCC3)C2)c1;CC(C)c1cc(C(=O)N2CCCC(CC(C)(C)C(N)=O)C2)cc(O)n1;CCOc1cccc(CC(=O)N2CCN(C3CCOCC3)CC2C)n1;CC(C)C(=O)N1CCC(NCc2ccc(OCC(N)=O)cc2)C(C)C1;CCC1CN(C(=O)Nc2ccccc2)C(CO)C1CN1CCOCC1;NC(=O)CC1(O)CCCN(Cc2cccc(CN3CCOCC3)c2)C1;COc1ccccc1NCC(=O)N1CCC(N2CCOC(C)C2)CC1;COc1ccc(CC(=O)NC2CCN(CC(=O)NC(C)C)CC2)cc1;NC(=O)CC1(O)CCCN(Cc2ccc(CN3CCOCC3)cc2)C1;CC1CN(C(=O)NCc2ccccc2CN2CCOCC2)CC(C)O1;CC(C)(CNC(=O)CN1CC(O)Cc2ccccc21)N1CCOCC1;Cc1cc(CCNC(=O)N2CCC(N3CCOCC3)C2)cc(C)c1O;CCOc1ccc(C(=O)NC2CCN(CCN3CCOCC3)C2)cc1;CCOC1CC(N(C)C(=O)NCc2ccc(C)n(C)c2=O)C12CCC2;COc1ccc(C2CC2NC(=O)NCC(C)(C)N2CCOCC2)cc1;Cc1ccc(CNC(=O)NC2CCC3(CCOCC3)CC2)c(=O)n1C;O=C(NC1CNCCCC1O)c1ccc(OCCN2CCCC2)cc1;Cc1nc(C(C)(C)C)[nH]c(=O)c1C(=O)N1CCC2(O)CCCCC2C1;CCOC1CC(NC(=O)CCc2nnc(C3CCCC3)o2)C12CCC2;COc1ccc(CN2CCCN(C(=O)CN3CCC(O)C3)CC2)cc1;CCOc1ncccc1CNC(=O)C1CCOC1C1CCN(C)CC1;Cc1nc(C2CC2)oc1C(=O)NC1CCN(C2CCCCC2O)CC1;Cc1ccc(CNC(=O)N2CC3(CCOCC3)C2C(C)C)c(=O)n1C;CC(C)Cn1cccc(C(=O)N2CC(=O)N(C(C)C)C(C)(C)C2)c1=O
m_0cc9ea,O=C(c1ccc2nc[nH]c2n1)N1CCOc2ccc(Br)cc2C1;OC(c1ccc2nc[nH]c2n1)N1C=COc2ccc(Br)cc2C1;O=C1C(=Cc2cccc([N+](=O)[O-])c2O)SC(=S)N1Cc1ccccc1;COc1ncccc1NC(=O)c1cnn(-c2cccc(Br)c2)c1;Nc1cc(S(=O)(=O)O)ccc1N=Nc1ccc(S(=O)(=O)O)cc1N
m_0d08be,NC(=O)N1CCC(NCc2ccc(F)c(C(F)(F)F)c2)CC1;NC(=O)N1CCCN(Cc2cc(F)cc(C(F)(F)F)c2)CC1;NC(=O)N1CCCN(Cc2ccc(F)cc2C(F)(F)F)CC1;NC(O)N1C=CC(NCc2ccc(F)c(C(F)(F)F)c2)CC1;NC(O)N1CC=C(NCc2ccc(F)c(C(F)(F)F)c2)CC1;CC1CN(Cc2cc(C(F)(F)F)cc(N)c2F)CC1C(N)=O;CC1CN(Cc2cc(C(F)(F)F)c(F)cc2N)CC1C(N)=O;CC1CN(Cc2c(F)ccc(C(F)(F)F)c2N)CC1C(N)=O;CC1CN(Cc2cc(C(F)(F)F)c(N)cc2F)CC1C(N)=O;CC1CN(Cc2cc(N)c(F)c(C(F)(F)F)c2)CC1C(N)=O;CC1CN(Cc2ccc(F)c(C(F)(F)F)c2N)CC1C(N)=O;Cc1ccc(C(=O)N2CCC(N3C(=O)CNC3=O)CC2)cc1F;O=C(NCCF)NC1CCN(c2ccccc2C(F)(F)F)C1;N#Cc1ccc(CN2CC3CC2C(=O)Nc2ccccc2O3)cc1;Cn1c(=O)c(C2=NNC(c3ccccc3)C2)c(O)c2ccccc21;CN1CCc2c[nH]c3c(O)c(N=CC=C4C=CC(=O)C=C4)cc1c23;COc1cccc2c(=O)n3c(nc12)C1Nc2ccccc2C1CC3;Cc1c(O)cccc1C(=O)Nc1cccc2ccc(C(=N)N)cc12;CN1c2ccccc2C(=O)N2CCc3c([nH]c4ccccc34)C21O;NC(=O)C1CCN(C2CC(=O)N(c3cccc(F)c3)C2=O)CC1;COc1ccc2c3c([nH]c2c1)C1(NCC3)C(=O)Nc2ccccc21;Cn1ccc(C(=O)Nc2ccc(Cc3ccncc3)cc2)cc1=O;O=C(c1n[nH]c(=O)c2ccccc12)N1CCC(c2ccccc2)C1;O=C(CCN1Cc2ccccc2C1=O)Nc1ccc2[nH]ccc2c1;Cn1cc2c3c1C(=O)C(NC=Cc1ccc(O)cc1)=CC3=NCC2
m_0d2197,Nc1nccnc1C(=O)NC1CC(N(CC(=O)O)CC2CC2)C1;CCOc1cc(N2CCCC(O)(Cc3nc(C)no3)C2)ncn1;CCOC(=O)NC(C(=O)NCc1nnc2ccccn12)C(C)C;CCCN(CC(=O)O)C(=O)c1cn(C)nc1-c1cnn(CC)c1;CCCn1nccc1C(=O)NC1(c2nc(C)no2)CCOCC1;CNC(=O)C1CC(=O)N(C2CN(c3cc(COC)ncn3)C2)C1;CCOc1cc(N2CC(O)C(Oc3cnn(CC)c3)C2)ncn1;Cn1c(=O)c2c(ncn2CC(=O)N2CCCCCC2)n(C)c1=O;CC1CCN(C(=O)Cn2cnc3c2c(=O)n(C)c(=O)n3C)CC1;CC(C)Cn1cc(C(=O)Nc2ccn(C(C)(C)C(=O)O)n2)cn1;CCOC(Cn1cc(C(=O)Nc2cc(C)ccn2)nn1)OCC;COCc1nc(C)cc(N2CC(OC)CC2c2nc(C)no2)n1;COCc1cn(CC2OCC(O)C2NCc2cccnc2)nn1;Cc1nccn1C1C2OCC(O2)C(NCc2nccn2C)C1O;O=C(NCc1nc(-c2ccco2)n[nH]1)N1CCCCC1CCO;Cc1cnn(C2C3OCC(O3)C(NCc3cnn(C)c3)C2O)c1;Cc1cnn(C2C3OCC(O3)C(NCc3nccn3C)C2O)c1;CCC(C)n1ncc(C(=O)N(C)Cc2noc(O)n2)c1C1CC1;CC(C)=CCNc1ncnc2c1ncn2C1OC(C)C(O)C1O;CC1C(O)CC2CC(Cc3cc(O)nc(O)n3)NC3=NCC1N32;Cc1nccn1C1C2OCC(O2)C(NCc2cnn(C)c2)C1O;CC1CCCCN1C(=O)Cn1c(=O)c2c(ncn2C)n(C)c1=O;COCCn1ncc2c1C(NC(=O)c1cn(C)c(=O)[nH]1)CCC2;COC(=O)C(C)(C)NC(=O)c1cc(-c2c(C)nn(C)c2C)n[nH]1;COC1CC(c2nc(C)no2)N(C(=O)c2cc(C(C)C)[nH]n2)C1
m_0d3550,COc1ccc(OC)c(CN(C)C(=O)C(N)C(C)(C)C)c1;COc1ccccc1CC(C)(CO)NCC(=O)NC(C)C;Cc1ccc(CNC(=O)NCCCO)c(OC(C)(C)C)c1;COc1ccc(CNC(=O)NC(CO)CC(C)C)cc1C;CN(C)CC1OC(CO)C(O)C1N(C)Cc1ccccc1;CCOc1ccc(CNCC2CN(C)CCO2)cc1OC;CCc1ccc(C2COCCN2CC(=O)NCC(C)C)o1;CC1CC2CC3CCCC(=O)N3C3CCC(O)C(C1)[N+]23[O-];CCOc1cc(CNCC2CN(C)CCO2)ccc1OC;CCN(CC)CC1OCC(NCc2ccccc2O)C1O;COCCN1C(=O)CC2C(CNC(=O)C3CC3)C(C)CC21;COc1ccccc1OCCN1CCCC(NCCO)C1;COc1ccc2c(c1)C(NCC(O)CN(C)C)CCCO2;CC1=CCC2CC1NC(=O)CCOCCC(=O)NC2(C)C;Cc1cccc(OCC2CC(NCC(C)C)C(O)C2O)n1;CCCCC12CN(C(C)=O)CC(C)(CN(C(C)=O)C1)C2=O;Cc1cccc(OCC2(CNC(C)C)CC(O)C(O)C2)n1;COC1CC(C(N)=O)N(C(=O)C=C2CCC(C)(C)CC2)C1;COC1CCN(C(=O)c2nc(C(C)C)oc2C)CC1(C)C;CC(C)c1ccc(CNCC(O)CCC(N)C(=O)O)cc1;C#CCNC(=O)C1OC(CCN2CCCCC2)CCC1O;CC(C)C(=O)NC1CC(Cc2cc(CCO)on2)C1(C)C;CC(C(=O)O)=C1CC2N(C)C1(O)CC1(C)C(N)CCC21C;NCC1CCC(CNC(=O)C2(C(=O)O)CC=CCC2)CC1;CC(C)(C)C(=O)NC1CC(Cc2cc(CO)on2)C1(C)C
m_0d463f,O=C(Nc1nnc(-c2ccsc2)s1)N1CCCc2occc2C1;O=C(Nc1nnc(-c2ccsc2)s1)N(Cc1ccoc1)C1CC1;OC(Nc1nnc(-c2ccsc2)s1)N1C=CCc2occc2C1;OC(Nc1nnc(-c2ccsc2)s1)N1CC=Cc2occc2C1;O=C(O)CNC(=O)CCCP(=O)(O)Oc1ccc([N+](=O)[O-])cc1;O=C(O)CCCC#CC#CCCCCC=CC#CC=CBr;O=C(O)CCCC#CC#CC=CCCCCC=CC#CBr;O=C(O)CCCC#CC#CC=CCCCCC#CC=CBr;C#CC=CC#CC#CCCCCC(Br)=CCCCC(=O)O;COc1cccc(Cc2nnc(NC(=O)c3scnc3C)s2)c1;Cn1c(=O)n(-c2cccc(Cl)c2)c(=O)c2c3c(sc21)CCCC3;O=C(NCc1ccc([N+](=O)[O-])cc1)c1cc([N+](=O)[O-])cc([N+](=O)[O-])c1;C=CC1OCCC1NC(=O)Nc1nc2ccc3scnc3c2s1;O=C(NC1CC1)C1CCCN1S(=O)(=O)c1cc(Cl)ccc1F;CN(C)C(CNS(=O)(=O)c1ccc(Cl)cc1F)c1ccco1;O=C(CNC(=O)c1ccsc1)Nc1ccnn1Cc1ccsc1;O=C(OC1OC(C(=O)O)C(O)C(O)C1O)c1cc(O)c(O)c(O)c1;CN1CCC(c2nc(-c3ccc(OC(F)F)cn3)no2)S1(=O)=O;CC(c1cccc(O)c1)N(C)C(=O)c1sc2ncccc2c1Cl;O=C(O)c1cc(O)c(OC2OC(C(=O)O)C(O)C(O)C2O)c(O)c1;O=C(Nc1ccccc1Cl)C1CSCN1C(=O)c1ccccc1;Cc1ccccc1-c1noc(C[S+]([O-])Cc2cccc(Cl)c2)n1;CN1CCC(c2nc(-c3ccnc(OC(F)F)c3)no2)S1(=O)=O;Cc1coc(C)c1C(=O)Nc1ncc(Cc2ccc(Cl)cc2)s1;Cc1cccc(-c2noc(C[S+]([O-])Cc3ccccc3Cl)n2)c1
m_0ea8a3,CC(NC1CCN(c2ccc(C#N)cn2)CC1)C(C)c1ccccc1;c1ccc(CN2CC3CN(c4ncnc5c4CCCC5)CC3C2)cc1;CC(NC(c1ccccc1)C1CCCCC1)c1nnc2ccccn12;CCn1c(CN2CCN(Cc3ccccc3)CC2)nc2ccccc21;CN(C)c1ccc(CN2CCC(c3nc4ccccc4n3C)C2)cc1;Cc1ccc2nc(C3CCN(Cc4ccc(N(C)C)cc4)C3)[nH]c2c1;Cc1ccc2[nH]c3c(N4CC5(C)CC4CC(C)(C)C5)ncnc3c2c1;c1ccc2c(c1)[nH]c1c(N3CCC(N4CCCCC4)CC3)nccc12;CCC=CCC=CCC=CCC=CC=CC(CCCC(=O)O)OO;Cc1nc2c(c3[nH]c4ccccc4c13)C(=NNC(C)C)CC(C)(C)C2;CC12COC3=C1C(C)(CCC2O)C12CCC(O)(CO)C(CC1C3)C2;CC1CC2=C(C1O)C(O)C1(C)CCC3C(C(O)C1(C)C2=O)C3(C)C;CCNN=C1CC(C)(C)Cc2nc(CC)c3c([nH]c4ccccc43)c21;CCc1nc2c(c3[nH]c4ccccc4c13)C(=NN(C)C)CC(C)(C)C2;CN(CC1CC(F)CN1Cc1nccn1C)C(=O)C1CC=CCC1;CC1=CCCC2(C)OC2C2(O)OCC3C2=C(O)CC(C)C3(C)CC1;CCC=CCC(C=CC=CCC=CCC=CCCCC(=O)O)OO;CC1C(=O)OC23CCC4C(C)(C(=O)O)CCCC4(C)C2CCC1C3;O=C(O)CCCC=CCC=CCC=CCC=CCCCCC(=O)O;CCC=CCC(O)C=CC=CCC=CC=CC(O)CCCC(=O)O;CC1(CO)C(O)CCC2(C)C1CC=C1C3OCC4(O)CCC12CC34;CC1=CC2OOC1CC1(C)CCC3(C(=O)O)C(C(C)C)CCC3C21;CC1=C(O)C(=O)CC2C1(C)CCC1CC(C)(C(=O)CO)CCC12C;C=CC(C)=CC=CC1(C)CC(OC(=O)C(C)=CC)C(O)C(C)(C)O1;CCN1CCN(c2ccc(C(=O)N3CCC(N)CC3)cc2F)CC1
m_0ee46b,Cc1oc(C(=O)NC2(c3ccccc3)CC2(C)C)cc1CO;Cc1cc(CO)oc1C(=O)NCC(c1ccccc1)C1CC1;Cc1cc(C(=O)O)oc1CNCC(c1ccccc1)C1CC1;COc1coc(C(=O)NCC(c2ccccc2)C2CC2)c1C;COCc1ccc(C(=O)N2CCC(Cc3ccccc3)C2)o1;COc1ccccc1C(CNC(=O)c1occc1C)C1CC1;CC(COc1ccccc1)NC(C)C(=O)c1ccc(O)cc1;COc1ccc(C(CNC(=O)c2occc2C)C2CC2)cc1;O=C(O)c1ccoc1CN1CCC(Cc2ccccc2)CC1;COc1cccc(C(CNC(=O)c2occc2C)C2CC2)c1;COc1ccccc1C1(CNC(=O)c2occc2C)CCC1;COc1cc(CNc2ccc3c(c2)CCC3)cc(OC)c1O;CN(C(=O)c1occ2c1CCC2)C(CCO)c1ccccc1;CN(CC=Cc1ccccc1)CC(O)c1ccc(O)c(O)c1;CC12CCC(C(=CNc3ccccc3C(=O)O)C1=O)C2(C)C;O=C(C=CCCC=Cc1ccc2c(c1)OCO2)N1CCCC1;CC12CCC3c4ccc(O)cc4CCC3C1CC(=NO)C2=O;O=C(C=CC=CCCc1ccc2c(c1)OCO2)N1CCCC1;COc1ccc(CC(=O)NC(C)c2ccccc2)cc1OC;O=C(CC=CC=Cc1ccc2c(c1)OCO2)N1CCCCC1;Cc1ccc(C2CCCCN2C(=O)c2ccc(CO)cc2)o1;CCCCc1ccc(NC(=O)Oc2ccc(OC)cc2)cc1;CCCCc1ccc(NC2=C(C)C(=O)C(OC)=CC2=O)cc1;COc1ccc(CN2CCc3cc(O)c(OC)cc3C2)cc1;COc1cc2c(cc1O)C(Cc1ccccc1)N(C)CC2O
m_0f05e7,COc1cccc(CNC(=O)c2cc(F)ccc2F)c1;COCc1cccc(C(=O)Nc2ccc(F)c(F)c2)c1;COc1ccc(C(NC(=O)C(C)O)C(F)(F)F)cc1;NC(=O)CNC(CNC(CC(=O)O)C(=O)O)C(=O)O;COc1cc(C(=O)NCC(F)(F)F)cc(OC)c1C;COc1ccc(C(=O)N(C)CC(O)C(F)(F)F)cc1;CC(C(=O)O)N(C)Cc1cccc(OC(F)(F)F)c1;COCC(=O)NC(C)c1ccc(OC(F)(F)F)cc1;Cc1cc(C(=O)N2CC(C)(CO)C2)c(C(F)(F)F)o1;CCCCCC1=NC(C)(O)C(C)C(C)[Se]1;Cc1cc(C(=O)NCC2CCCO2)c(C(F)(F)F)o1;CN(CC(O)CO)C(=O)c1ccc(C(F)F)c(F)c1
m_0fe9d9,CC(C)(C)c1nsc(NC(=O)c2cccc(F)c2)n1;O=C(NCc1nc(C2CC2)no1)c1cccc(F)c1F;CCOC(=O)C(=NNc1cccc([N+](=O)[O-])c1)C(C)=O;CCOC(=O)C(=NNc1ccccc1[N+](=O)[O-])C(C)=O;CC(=NNc1ccccc1C(=O)O)C(=O)NCC(=O)O;Fc1cccc(OCCSc2nnc(C3CC3)[nH]2)c1;COc1ccc(CSc2nc(C)cc(N)n2)cc1F;Cc1cc(C(=O)NC(C)c2onc(C)c2C(=O)O)no1;Fc1ccccc1OCCSc1nnc(C2CC2)[nH]1;COC(=O)c1cn(CCCC(=O)O)cc2c(=O)[nH]nc1-2;Cc1csc(NC(=O)CN(C)c2ccc(F)cc2)n1;Cc1ncsc1CNC(=O)NCc1ccc(F)cc1;O=C(Nc1cccc(OCC(F)F)n1)c1ccncc1;CC(CC(=O)Nc1ccn(CC(=O)O)n1)C(F)(F)F;CCOC(=O)c1cn(C)nc1NC(=O)CC(F)(F)F;Cc1noc2ncc(C(=O)NCC(C)(O)C(=O)O)cc12;CC(C)(CC(=O)Nc1cc(C(=O)O)[nH]n1)C(F)(F)F;Cc1cc(NC(=O)Cc2ccc(F)c(F)c2)nc(=O)[nH]1
m_108fdb,COc1cccc2c1OCC(C(=O)N1CCCC1c1cnn(C)c1)C2;COc1ccc2c(c1)CC(C(=O)N1CCCC1c1cnn(C)c1)CO2;COc1ccc2c(c1)OCC(C(=O)N1CCCC1c1cnn(C)c1)C2;COc1cccc2c1CC(C(=O)N1CCCC1c1cnn(C)c1)CO2;Cc1cc(O)c2c(c1)CC(C(=O)N1CCCC1c1cnn(C)c1)CO2;Cc1ccc2c(c1O)OCC(C(=O)N1CCCC1c1cnn(C)c1)C2;Cc1c(O)ccc2c1OCC(C(=O)N1CCCC1c1cnn(C)c1)C2;Cc1ccc(O)c2c1CC(C(=O)N1CCCC1c1cnn(C)c1)CO2;Cc1cc2c(cc1O)CC(C(=O)N1CCCC1c1cnn(C)c1)CO2;Cc1cc2c(cc1O)OCC(C(=O)N1CCCC1c1cnn(C)c1)C2;COC1c2ccccc2OCC1C(=O)N1CCCC1c1cnn(C)c1;Cc1cc(O)cc2c1OCC(C(=O)N1CCCC1c1cnn(C)c1)C2;Cc1cc(O)c2c(c1)OCC(C(=O)N1CCCC1c1cnn(C)c1)C2;Cc1ccc(O)c2c1OCC(C(=O)N1CCCC1c1cnn(C)c1)C2;Cc1cc(O)cc2c1CC(C(=O)N1CCCC1c1cnn(C)c1)CO2;Cc1c(O)ccc2c1CC(C(=O)N1CCCC1c1cnn(C)c1)CO2;Cc1ccc2c(c1O)CC(C(=O)N1CCCC1c1cnn(C)c1)CO2;COC1Oc2ccccc2CC1C(=O)N1CCCC1c1cnn(C)c1;CC(C(=O)N1CCCC(c2ccn[nH]2)C1)c1ccc2c(c1)OCCO2;Cc1nn(C)cc1C1CCCN1C(=O)C1COc2c(O)cccc2C1;Cc1c(C2CCCN2C(=O)C2COc3c(O)cccc3C2)cnn1C;COc1ccc2c(c1)OCC(C(=O)NCc1cccc(N(C)C)n1)C2;COc1c(C2CCCN2C(=O)C2COc3ccccc3C2)cnn1C;COc1nn(C)cc1C1CCCN1C(=O)C1COc2ccccc2C1;Cc1nn(C)cc1C1CCCN1C(=O)C1COc2cc(O)ccc2C1
m_12945e,O=C(NC1CCCC1)c1cccnc1OCc1ccccc1F;O=C(NCc1ccc(F)cc1)c1ccnc(OC2CCCC2)c1;Cc1cnc(OCc2ccccc2F)c(C(=O)N(C)C2CC2)c1;Cc1ccc(C(=O)N(C)C2CC2)c(OCc2ccccc2F)n1;Cc1ccnc(OCc2ccccc2F)c1C(=O)N(C)C1CC1;Cc1cc(C(=O)NC2CC2)c(OCc2ccccc2F)nc1C;Cc1cc(C)c(C(=O)NC2CC2)c(OCc2ccccc2F)n1;Cc1cnc(OCc2ccccc2F)c(C(=O)NC2CC2)c1C;CC(C)(NC(=O)Cc1ccccc1F)C(=O)Nc1ccccc1;NC(=O)C1CCC(c2ccc(OCc3ccccc3F)cc2)N1;OC(NC1CC=CC1)c1cccnc1OCc1ccccc1F;OC(NC1C=CCC1)c1cccnc1OCc1ccccc1F;OC(NC1=CCCC1)c1cccnc1OCc1ccccc1F;Cc1cc(C(=O)N2CCC(Cc3ccc(F)cc3)C2)cc(O)n1;CNC(=O)c1ccc(CN(C)C(=O)Cc2ccccc2F)cc1;Cc1ccc(F)cc1C(=O)N(CC1CCCO1)c1ccncc1;Cc1ccc(COc2ncccc2C(=O)N(C)C2CC2)c(F)c1;Cc1cc(C(=O)N(CC2CCCO2)c2ccncc2)ccc1F;Cc1ccc(F)c(COc2ncccc2C(=O)N(C)C2CC2)c1;Cc1cc(F)c(COc2ncccc2C(=O)NC2CC2)cc1C;Cc1ccc(F)cc1C(=O)NCc1ccnc(OCC2CC2)c1;Cc1cnc(OCc2cccc(C)c2F)c(C(=O)NC2CC2)c1;Cc1ccc(F)c(COc2ncc(C)cc2C(=O)NC2CC2)c1;Cc1cccc(COc2ncccc2C(=O)N(C)C2CC2)c1F;Cc1ccc(C(=O)NC2CC2)c(OCc2cccc(C)c2F)n1
m_13152b,CCn1nccc1C1OCCC1CNC(=O)c1cccc(C(=O)O)c1;CCn1nccc1C1OCCC1CNC(=O)c1ccc(C(=O)O)cc1;CCn1nccc1C1OCCC1CNC(=O)c1ccccc1C(=O)O;Cn1ccnc1C(NC(=O)c1ccc2c(c1)OCO2)C1CCOCC1;Cn1ccnc1C(NC(=O)c1cccc2c1OCO2)C1CCOCC1;COC1CC(c2nc(C)c(C)[nH]2)N(C(=O)c2ccc3c(c2)OCO3)C1;CCn1ncc(C(=O)O)c1C1OCCC1CNC(=O)c1ccccc1;CCn1nc(C(=O)O)cc1C1OCCC1CNC(=O)c1ccccc1;CCn1ccnc1C1OCCC1C(=O)NCc1cccc2c1OCO2;Cc1nn(C)cc1C1OCCC1NC(=O)c1cccc2c1OCCO2;Cn1cc(C(=O)NCc2ccc(C(=O)O)cc2)c(C2CCOCC2)n1;Cn1ccnc1C1OCCCC1C(=O)NCc1ccc2c(c1)OCO2;Cn1cc(C2(C)CN(C(=O)Cc3ccc(C(=O)O)cc3)CCO2)cn1;Cc1c(C(=O)NC(C(=O)O)c2ccccc2)cnn1C1CCOCC1;COC(=O)C1Cc2ncn(C)c2CN1C(=O)Cc1ccc(OC)cc1;O=C(CC1CCNCC1Cc1cc(C(=O)O)on1)Nc1ccccc1;CCc1n[nH]c(=O)c(CNC(=O)c2cc(C)cc(C(=O)O)c2)c1CC;Cn1ccnc1C1OCCC1CNC(=O)c1ccc2c(c1)OCCO2;Cn1nccc1C1OCCC1NC(=O)CCc1cccc2c1OCO2;Cc1cc(NC(=O)c2cnn(C3CCOCC3)c2C)ccc1C(=O)O;COc1cccc(NC(=O)NC2C(c3cccnc3)CC(O)C2O)c1;COc1ccc(CC(=O)NC2C(c3cncnc3)CC(O)C2O)cc1;COc1ccc(CCNC(=O)C(=O)NCc2cccnc2)cc1OC;Cc1cn(C2CCOCC2)nc1C(=O)NC(C(=O)O)c1ccccc1;Cc1cc(C(=O)Nc2cccc(CC(=O)O)c2)n(C2CCOCC2)n1
m_134d4a,O=C(c1cccc2c1OCCO2)N1CCCC1Cn1cccn1;O=C(c1ccc2c(c1)OCCO2)N1CCCC1Cn1cccn1;Cc1cnn(CC2CN(C(=O)c3cccc4c3OCCO4)C2)c1;O=C(O)Cc1ccc(C(=O)NC2CCCC2n2ccnc2)cc1;O=C(c1cccc2c1OCO2)N1CCCCC1Cn1cccn1;Cc1cnn(CC2CCCN2C(=O)c2cccc3c2OCO3)c1;OC(c1cccc2c1OC=CO2)N1CCCC1Cn1cccn1;CN(Cc1ccc2c(c1)OCO2)C(=O)C1CCc2cncn2C1;Cn1cc(CC2CCN(C(=O)c3cccc4c3OCO4)C2)cn1;O=C(O)C1CCCCN1C(=O)c1ccc(Cn2ccnc2)cc1;OC(c1cccc2c1OCCO2)N1C=CCC1Cn1cccn1;OC(c1cccc2c1OCCO2)N1CCC=C1Cn1cccn1;Cn1cc(C2OCCC2NC(=O)C2COc3ccccc32)cn1;COc1ccc(-c2nnc(C3CCN(C(=O)C4CC4)C3)o2)cc1;COc1ccccc1-c1nnc(C2CCN(C(=O)C3CC3)C2)o1;OC(c1cccc2c1OCCO2)N1CCCC1=Cn1cccn1;CN(C)c1cc(CNC(=O)C2COc3ccccc3O2)ccn1;O=C(Cc1cn2c(n1)CCCC2)NCc1cccc(C(=O)O)c1;CCC(C)C(=O)Nc1ncc2c(n1)CC(c1ccco1)CC2=O;OC(c1cccc2c1OCCO2)N1CC=CC1Cn1cccn1;CCOc1ccc(CN(C)C(=O)c2cc(C#N)c[nH]2)cc1OC;Cn1ncc(C2CC2)c1C(=O)NCCc1ccc(C(=O)O)cc1;O=C(Nc1cccnc1)N1CCOCC(Oc2ccccc2)C1;COC(=O)c1cccc(CNC(=O)c2[nH]nc3c2CCCC3)c1;O=C(O)c1cccc(CCNC(=O)c2cnn3c2CCCC3)c1
m_145679,CC(C)c1nnc(C2COCCN2C(=O)CCc2ccco2)o1;CC(C)c1nnc(C2COCCN2C(=O)CCc2ccoc2)o1;Cc1cc(C(=O)N2CCOCC2c2nnc(C(C)C)o2)c(C)o1;Cc1ccc(CN2C(=O)C3CC(O)CN3C3(CN(C)C3)C2=O)o1;CCn1cc(OC2COCC2NC(=O)c2cc(C)c(C)o2)cn1;Cc1cc(C(=O)N2CCOC(c3nnc(C(C)C)o3)C2)c(C)o1;COCc1nc(C2COCCN2C(=O)C2CC3C=CC2C3)no1;COc1cc(C#N)ccc1OCCCC(=O)NC(C)(C)C(N)=O;CC(=O)Nc1ccc(CNC(=O)C2CC(O)CN2C(C)=O)cc1;CC(=O)NC(C)C(=O)Nc1ccc(NC(=O)C2CCCO2)cc1;Cc1ccc(CCNC(=O)c2coc(CN3CCC(O)C3)n2)o1;CC(C)NC(=O)N1CCCC1C(=O)Nc1cccc(C(=O)O)c1;CCCNC(=O)CCc1nc(-c2ccc(OC)c(OC)c2)no1;COCc1noc(CN2CC(O)CC2c2cccc(OC)c2)n1;COCC(=O)NCC1OCC(NCc2cccc(C#N)c2)C1O;COc1ccc(OC(C)C(=O)N2CCN3C(=O)NCC3C2)cc1;COc1ccc(-c2noc(CN3CCOCC3C)n2)cc1OC;Cc1noc(C(NC(=O)c2cc(C)c(C)o2)C2CCOCC2)n1;COc1cccc(NC(=O)N2CC3C(OC)C(=O)N(C)C3C2)c1;CNC(=O)c1cc(OC2CCN(C(=O)C3(O)CCC3)C2)ccn1;CCC(OC1CCCCC1)C(=O)Nc1cc(C(F)(F)F)n[nH]1;COc1ccccc1NC(=O)N1CC2C(OC)C(=O)N(C)C2C1;COc1ccc(NC(=O)N2CC3C(OC)C(=O)N(C)C3C2)cc1;Cc1cc(C(=O)N2CC3C(OCC4CC4)C(=O)N(C)C3C2)no1;O=C(CNC(=O)OCc1ccccc1)NC1CCCCNC1=O
m_153108,O=S(=O)(Nc1ccc2c(c1)OCCO2)c1ccc(Cl)cc1F;O=C(O)Cc1cccc(NS(=O)(=O)c2cc(Cl)ccc2F)c1;O=C(O)Cc1ccc(NS(=O)(=O)c2cc(F)cc(Cl)c2)cc1;O=S(=O)(NCc1ccc2c(c1)OCO2)c1ccc(Cl)cc1F;Cc1ccc(NS(=O)(=O)c2ccc(C(=O)O)cc2Cl)c(F)c1;O=C(Nc1cccc(Br)c1)c1ccc(-n2ccnc2)nn1;O=C(O)C1COCCN1C(=O)COc1ccc(Br)cc1;CN(CCC(=O)O)S(=O)(=O)c1cc(Cl)ccc1OC(F)F;Cc1c(NC(=O)C2COCCO2)cc(Br)cc1C(=O)O;O=C(O)C1COCCN1C(=O)COc1cccc(Br)c1;O=C(O)c1cc(Br)cc(C(=O)NCC2COCCO2)c1;COc1ccc(Br)c(C(=O)N2CCOC(C(=O)O)C2)c1;COc1c(C(=O)O)cc(Cl)cc1S(=O)(=O)N(C)CC(F)F;COc1cc(C(=O)NC2(C(=O)O)CC2)cc(OC)c1Br;Cn1cc(Cl)c(C(=O)NNC(=S)Nc2cccc(Cl)c2)n1;CC(NC(=O)c1ccc(Cl)s1)c1ccc(S(C)(=O)=O)cc1;CS(=O)(=O)c1cccc(Cl)c1C(=O)NCCc1cccs1;CC(NC(=O)c1sccc1Cl)c1ccc(S(C)(=O)=O)cc1
m_156305,Cc1c(C2C(C(=O)N(C)Cc3cc[nH]n3)CC(=O)N2C)cnn1C;Cc1c(C2C(C(=O)N(C)Cc3ncc[nH]3)CC(=O)N2C)cnn1C;Cc1c[nH]c(CNC(=O)C2CC(=O)N(C)C2c2cnn(C)c2C)n1;Cc1cc(CNC(=O)C2CC(=O)N(C)C2c2cnn(C)c2C)n[nH]1;Cc1c[nH]nc1CNC(=O)C1CC(=O)N(C)C1c1cnn(C)c1C;Cc1nn(C)c(C)c1C1NC(=O)CC1C(=O)N(C)Cc1ncc[nH]1;Cc1nn(C)c(C)c1C1NC(=O)CC1C(=O)N(C)Cc1cc[nH]n1;CCN1C(=O)CC(C(=O)NCCn2cccn2)C1c1nccn1C;CN1C(=O)CCC(NC(=O)CCn2cccn2)C1c1nccn1C;Cc1nn(C)c(C)c1C1C(C(=O)NCc2cc[nH]n2)CC(=O)N1C;Cc1nn(C)c(C)c1C1C(C(=O)NCc2ncc[nH]2)CC(=O)N1C;Cc1c(C2C(NCc3nc(C4CC4)no3)CC(=O)N2C)cnn1C;Cc1c[nH]c(CN(C)C(=O)C2CC(=O)NC2c2cnn(C)c2C)n1;Cc1c[nH]nc1CN(C)C(=O)C1CC(=O)NC1c1cnn(C)c1C;Cc1cc(CN(C)C(=O)C2CC(=O)NC2c2cnn(C)c2C)n[nH]1;CCn1cc(NC(=O)NCc2ccc(N3CCOCC3)nc2)cn1;Cc1c(C2=C(C(=O)N(C)Cc3cc[nH]n3)CC(O)N2C)cnn1C;CCn1cc(NC(=O)NCc2cccnc2N2CCOCC2)cn1;CCn1nccc1C1NC(=O)CCC1NC(=O)c1cc(C)nn1C;Cc1c(C2=C(C(=O)N(C)Cc3ncc[nH]3)CC(O)N2C)cnn1C;CCOc1cc(NC2CC(=O)N(C)C2c2cnn(C)c2C)ncn1;O=C(c1ccn(C2CCCC2)n1)N1CCC(O)(Cn2ccnn2)C1;CC1CN(c2ccc(CNC(=O)NCc3cc[nH]n3)cn2)CCO1;Cc1cc(C(=O)NC2CCCN(c3nccn(C)c3=O)C2)n(C)n1;CCN1CCOC(CNC(=O)c2cnccn2)C1c1cnn(C)c1
m_15dab4,CNCC1CCN(C(=O)c2cc(C)n(-c3ccc(Br)cc3)n2)C1;Cc1c(C(=O)N2CCC(N)CC2C)cnn1-c1cccc(Br)c1;Cc1cc(-n2nc(C(=O)N3CCC(CN)C3)cc2C)ccc1Br;Cc1cc(Br)ccc1-n1nc(C(=O)N2CCC(CN)C2)cc1C;Cc1c(C(=O)N2CCC(CN)C2)nn(-c2ccc(Br)cc2)c1C;Cc1nn(-c2ccc(C(=O)N3CCC(CN)C3)cc2)c(C)c1Br;Cc1nn(-c2ccc(C(=O)N3CCNC(C)C3)cc2)c(C)c1Br;CC(C)C12SSC(C(O)c3c[nH]c4ccccc34)(CC1=O)C(=O)N2C;CNCC1=CN(C(O)c2cc(C)n(-c3ccc(Br)cc3)n2)CC1;CNCC1=CCN(C(O)c2cc(C)n(-c3ccc(Br)cc3)n2)C1;CNCC1C=CN(C(O)c2cc(C)n(-c3ccc(Br)cc3)n2)C1;COc1cc(NC(=O)c2ccc(OC)c([N+](=O)[O-])c2)c(C(=O)O)cc1OC;CNC=C1CCN(C(O)c2cc(C)n(-c3ccc(Br)cc3)n2)C1;O=C(NC1CCN(CC2CC2)CC1)c1n[nH]c2ccc(Br)cc12;N#Cc1ccc(N2CCN(CC(=O)N3CCCC3)CC2)c(Br)c1;COc1cc(C(=O)Nc2ccc(C(=O)O)cc2[N+](=O)[O-])cc(OC)c1OC;Cc1c(-c2nn3c(-c4cccc(F)c4)nnc3s2)cnn1-c1ccccc1;COP(N)(=O)OCC1OC(n2c(O)nc3c(N)ncnc32)C(O)C1O;CNC(=O)CC1CS(=O)(=O)CCN1Cc1cccc2c1OC(F)(F)O2;CC1(C)C=Cc2c(ccc3c(=O)c4c(oc23)COc2cc3c(cc2-4)OCO3)O1;CCC(Sc1nc2c(c(=O)n1-c1ccc(C)cc1)SCC2)C(=O)OC;O=C1C(=Cc2ccncc2)Oc2c1ccc1c2CN(Cc2cccs2)CO1;COCCn1c(SCC(=O)c2ccccc2)nc2c(c1=O)SC(C)C2;Cc1cc(=O)c2c(O)c3c(O)cc(=O)c4c3c3c(cc(O)c1c23)C(C)(C)C=4O;C=C1OC=C(c2c(OC)cc3oc(-c4ccccc4)cc(=O)c3c2OC)C1=O
m_163bfd,Cc1nc(CNC(=O)NCc2ccccc2CC(F)(F)F)no1;Cc1nc(CNC(=O)NC(Cc2ccccc2)C(F)(F)F)no1;CC(C)(C(=O)NCc1n[nH]c(=O)[nH]1)c1cccc(C(F)(F)F)c1;CC(C(=O)O)c1ccc(OC2OC(CO)C(O)C(O)C2O)cc1;Cc1nnc2ccc(C(=O)NC3CC3c3c(F)cccc3F)cn12;Cn1c(C(F)(F)F)nn(CC(=O)NCCc2ccccc2)c1=O;COc1ccc(C(C)=O)c(OC2OC(CO)C(O)C(O)C2O)c1;O=C(O)CCc1ccc(OC2OC(CO)C(O)C(O)C2O)cc1;CC(=O)c1cc(OC2OC(CO)C(O)C(O)C2O)cc(O)c1C;OCC=Cc1ccc(O)c(OC2OC(CO)C(O)C(O)C2O)c1;CC(=O)OCC1OC(Oc2ccc(O)cc2C)C(O)C(O)C1O;CC(=O)c1c(C)cc(OC2OC(CO)C(O)C(O)C2O)cc1O;OCC=Cc1ccc(OC2OC(CO)C(O)C(O)C2O)c(O)c1;COC1(C(F)(F)F)CN(C(=O)Cn2ncc3cc(C)cnc32)C1;CC(C(=O)OC1OC(CO)C(O)C(O)C1O)c1ccc(O)cc1;COc1ccc(CNC(=O)C(C)n2cncn2)c(C(F)(F)F)c1;O=C(O)CCc1cccc(OC2OC(CO)C(O)C(O)C2O)c1;CC(=O)OCC1OC(Oc2ccccc2CO)C(O)C(O)C1O;O=C(OC1OC(CO)C(O)C(O)C1O)C(CO)c1ccccc1;CCOC(=O)c1ccc(OC2OC(CO)C(O)C(O)C2O)cc1;CC(CO)NC(=O)Nc1cnn(-c2ccccc2)c1C(F)(F)F;O=C(O)C(COC1OC(CO)C(O)C(O)C1O)c1ccccc1;CCOC1OC(C(O)C(=O)c2ccc(O)cc2)C(O)C(O)C1O;Cc1cccc(O)c1C(=O)COC1OC(CO)C(O)C(O)C1O;COc1ccc(C(=O)COC2OC(CO)C(O)C(O)C2O)cc1
m_163da0,CN(c1cccnn1)C1CCN(C(=O)c2sccc2C2CC2)CC1;Cc1ccc(NC2CCN(C(=O)c3sccc3C3CC3)CC2)nn1;O=C(c1sccc1C1CC1)N1CCC(c2nnc3n2CCC3)CC1;Cc1ccnnc1NC1CCN(C(=O)c2sccc2C2CC2)CC1;Cc1cnnc(NC2CCN(C(=O)c3sccc3C3CC3)CC2)c1;Cc1ccc(N2CCCN(C(=O)c3sccc3C3CC3)CC2)nn1;Cc1cnnc(N2CCCN(C(=O)c3sccc3C3CC3)CC2)c1;Cc1ccnnc1N1CCCN(C(=O)c2sccc2C2CC2)CC1;Cc1cc(C2CC2)c(C(=O)N2CCC(Nc3cccnn3)CC2)s1;Cc1csc(C(=O)N2CCC(Nc3cccnn3)CC2)c1C1CC1;Cc1cc(C2CC2)c(C(=O)N2CCCN(c3cccnn3)CC2)s1;Cc1csc(C(=O)N2CCCN(c3cccnn3)CC2)c1C1CC1;CN(c1cccnn1)C1CCN(C(O)c2sccc2C2=CC2)CC1;OC(c1sccc1C1CC1)N1CCC(c2nnc3n2CC=C3)CC1;OC(c1sccc1C1=CC1)N1CCC(c2nnc3n2CCC3)CC1;OC(c1sccc1C1CC1)N1CCC(c2nnc3n2C=CC3)CC1;OC(c1sccc1C1C=C1)N1CCC(c2nnc3n2CCC3)CC1;CN(c1cccnn1)C1CCN(C(O)c2sccc2C2C=C2)CC1;CN(C1=CCN(C(O)c2sccc2C2CC2)CC1)c1cccnn1;OC(c1sccc1C1CC1)N1CC=C(c2nnc3n2CCC3)CC1;Cc1ccc(N2CCC(NC(=O)c3scnc3C3CC3)CC2)nc1;Cc1cc(C)c(N2CCC(Sc3nnc(C4CC4)[nH]3)C2=O)c(C)c1;CN(c1cccnn1)C1C=CN(C(O)c2sccc2C2CC2)CC1;C[Si](C)(C)Oc1cc(O[Si](C)(C)C)cc(O[Si](C)(C)C)c1;CCC(C)(C#N)C(=O)N1CC(C)(c2nnc(-c3ccccc3F)o2)C1
m_1700bc,COc1ccc(CN2CCN(c3nnc(C4CC4)s3)CC2)cc1;COc1cccc(CN2CCN(c3nnc(C4CC4)s3)CC2)c1;COc1ccc(CNC2CCC(C(F)(F)F)N(C(C)=O)C2)cc1;COc1ccccc1CN1CCN(c2nnc(C3CC3)s2)CC1;COc1cccc(CNC2CCC(C(F)(F)F)N(C(C)=O)C2)c1;Cc1cc(CN2CCN(c3nnc(C4CC4)s3)CC2)ccc1O;Cc1cc(O)ccc1CN1CCN(c2nnc(C3CC3)s2)CC1;COc1ccc(CN2C=CCN(c3nnc(C)s3)CC2)c(C)c1;COc1ccc(CN2C=CN(c3nnc(C)s3)CCC2)cc1C;COc1ccc(CN2C=CN(c3nnc(C)s3)CCC2)c(C)c1;COc1ccc(CN2CC=CN(c3nnc(C)s3)CC2)c(C)c1;COc1ccccc1CNC1CCC(C(F)(F)F)N(C(C)=O)C1;COc1ccc(CN2C=CCN(c3nnc(C)s3)CC2)cc1C;COc1ccc(CN2CC=CN(c3nnc(C)s3)CC2)cc1C;COc1ccccc1CCC(=O)N1CC(N)CCC1C(F)(F)F;CC(NC(=O)C(C)NC(=O)C(N)CCC1(O)CN=C1O)C(=O)O;CCOc1ccccc1CN1CCN(c2ccc(Cl)cc2)CC1;COc1ccccc1CC1CCCN1C(=O)CNCC(F)(F)F;O=C(NC1CCC(C(F)(F)F)CC1)NC(CO)c1ccccc1;CC(C)(NC(=O)C1CCN(c2cnccn2)CC1)c1cccs1;Cn1nnc2c1CC(C(=O)N1CCC(c3ccsc3)CC1)CC2;COc1ccccc1CCN(C)C(=O)C1CNCC1C(F)(F)F;CCc1ccsc1C(=O)N1CCC(N(C)Cc2ncccn2)C1;Cc1nnc2n1CC(NC(=O)c1cc3c(s1)CCCCC3)CC2;COC1C(=O)CCC2(O)CSC(CC=C(C)C)C(C)(O)C12O
m_1712db,CCNC(=O)c1ccc(NCC2CCOC2C(C)C)nn1;CCC1(CC)C(NC(=O)c2nccnc2CN)CC1OC;Cc1nnccc1NC(=O)N(C)CC1(O)CCCCCC1;CC(C)Nc1nnccc1C(=O)N1CCC(CCCO)C1;CCC1(CC)C(NCc2nccnc2C(N)=O)CC1OC;CCNC(O)c1ccc(NC2CCCC3OCCC23)nn1;CNc1nc(C)cc(C(=O)NC2CC(C)(C)OC2(C)C)n1;COC1(C)CCCN(C(=O)C2CCc3[nH]nnc3C2)CC1;Cc1cc(N2CCN(C(=O)C3CCCOC3C)CC2)n[nH]1;CC(C(=O)NCC1CCC2(CCCCC2)O1)n1cncn1;O=C(CC1(O)CCCCC1)N1CCCCC1c1nc[nH]n1;CC1C(CO)CCCN1c1cc(N2CCOCC2)ncn1;CC1CC(CN2CCN(c3cnn(C)c3)C(=O)C2)CCO1;Cc1nnccc1NC(=O)NCCC1CCC(C)(C)CO1;CN(CC1(CO)CC1)C(=O)Nc1ccc(C(C)(C)C)nn1;Cn1cc(N2CCN(CC3CCC(C)(C)O3)CC2=O)cn1;O=C(CC1CCCCC1O)N1CCCC(n2ccnn2)C1;CCNC(O)c1ccc(NCC2CCOC2=C(C)C)nn1;C=CCCCCCCCC1=C[C](OC)C=CN1CC(=O)O;Cn1c(CNC(=O)C2(O)CCCCC2)nnc1C1CCC1;COCCC1(C(=O)Nc2ncn(C3CCCCC3)n2)CC1;COC1(CNc2nccc(NC3CCCOC3)n2)CCC1;Cc1nccc(NC(=O)NCC2CCOC2C(C)(C)C)n1;CCCOC1CCCN(C(=O)Nc2ccnc(C)n2)CC1;CC1(C)CC2(CO1)CC(NC1COCC1n1ccnn1)C2
m_1777b7,CS(=O)(=O)CCN1CCC(NC(=O)c2cc3ccccc3[nH]2)CC1;CCN(C1CCN(C(=O)c2ccc3cc[nH]c3c2)CC1)S(C)(=O)=O;Cc1ccc(-c2noc(CN(C(C)CS(C)(=O)=O)C3CC3)n2)cc1;Cn1cc(C(=O)N2CCCCC2CNS(C)(=O)=O)c2ccccc21;Cn1ccc2c(C(=O)NCC3CCN(S(C)(=O)=O)CC3)cccc21;CS(=O)(=O)NCC1CCCCN1Cc1ncc(-c2ccccc2)o1;CS(=O)(=O)CCN1C=CC(NC(O)c2cc3ccccc3[nH]2)CC1;CN1CCC2CCN(S(=O)(=O)CCc3noc4ccccc34)C2C1;CS(=O)(=O)C=CN1CCC(NC(O)c2cc3ccccc3[nH]2)CC1;CC1CN2CCCC2CN1S(=O)(=O)c1ccc2c(c1)C(=O)NCC2;CN(CC(=O)N1CCCCC1c1cc2ccccc2[nH]1)S(C)(=O)=O;CC(C(=O)N1CCC(CS(C)(=O)=O)CC1)n1cnc2ccccc21;CS(=O)(=O)CCN1CC=C(NC(O)c2cc3ccccc3[nH]2)CC1;CC(C)N1CCOCC1c1nc(-c2ccc(S(C)(=O)=O)cc2)c[nH]1;CC(c1nc2ccccc2o1)N1CCN(C2CCS(=O)(=O)C2)CC1;CCS(=O)(=O)N1CCC(c2nc(Cc3ccccc3C)no2)CC1;CNS(=O)(=O)C1CCCN(C(=O)CCc2ccc3[nH]ccc3c2)C1;CSCCC(CO)NC(=O)CCCc1nc2ccccc2c(=O)[nH]1;CC1CCCCC1N(C)C(=O)c1nc(S(C)(=O)=O)n2ccccc12;COc1ccccc1NC(=O)CCCCC1SCC2NC(=O)NC21;Cc1ccc2[nH]c(C(=O)N3CCCCC3CS(N)(=O)=O)cc2c1C;Cc1nc(S(=O)(=O)Cc2cccc(C(N)=O)c2)n(CC(C)C)c1C;CCc1nc2ccccc2n1C1CCN(C(=O)CS(C)(=O)=O)CC1;CC(C)(CNS(=O)(=O)c1cccc2cnccc12)N1CCOCC1;CC1(C)COCCN1CCNS(=O)(=O)c1cccc2cnccc12
m_1813a1,Cc1cc(C)nc(CN2CCOC(C)C2c2nc(C3CC3)no2)c1;CN(C)c1ccc(CN2CC(O)CC2c2nc(C3CC3)no2)cc1;Cc1n[nH]c(C)c1C1COCCN1C(=O)c1cccc(C(C)C)n1;Cc1cc(C)c(CNC(=O)C2CCCOC2c2nccn2C)cn1;CCN(C(=O)Cc1nnc(C2CCOCC2)[nH]1)c1ccccc1C;Cc1cc(CN2CCN(C(=O)c3cccc(N(C)C)c3)CC2)no1;CCc1cc(N2CCCC(O)(Cc3nc(C4CC4)no3)C2)ccn1;Cc1cc(CNC(=O)N2CCN(c3cccc(C)c3C)CC2)no1;CN(Cc1nnc(C2CC2)o1)Cc1ccccc1N1CCOCC1;Cc1ncccc1CN1CCCC(O)(Cc2nc(C3CC3)no2)C1;CCN1CC(CN(C)Cc2nc(C3CC3)no2)Oc2ccccc21;CCc1cccc(NC(=O)CN2CCC(c3nc(C)no3)CC2)c1;Cc1cccc(C)c1NC(=O)CNC(=O)Cn1ccnc1C(C)C;CCc1cnccc1CNC(=O)C1CCCOC1c1cnn(C)c1;Cn1cc(C2(C)CN(C(=O)C(N)Cc3ccccc3)CCO2)cn1;Cc1cc(C)c(CN2CC3COCC3(c3nnc(C)o3)C2)c(C)n1;Cc1cnc(CCN2CC3COCC3(c3nnc(C)o3)C2)c(C)c1;CCn1cc(C2CN(C(=O)c3ccc(N(C)C)cc3)CCO2)cn1;Cc1cccnc1CCNC(=O)c1cc(C2CCOCC2)nn1C;O=C(CCCc1ccccn1)NC1CC(Cn2cccn2)CC1O;Cc1cnc(CCNC(=O)c2n[nH]c3c2CC(C)OC3C)c(C)c1;Cc1noc(CCCC(=O)NCC2CCN(c3ccccc3)C2)n1;CC(C)c1noc(C(C)Nc2cccc(N3CCCCC3=O)c2)n1;Cc1cc(C(=O)N(C)CC2OCCN(C)C2c2ccccc2)[nH]n1;NC1(Cc2cc(CN3CCN(c4ccccc4)CC3)on2)COC1
m_18f297,OC1CCN(c2ccccc2NCCOc2cccc(F)c2)CC1;OC1CCCN(c2ccccc2NCCOc2cccc(F)c2)C1;OC1CCCCN1c1ccccc1NCCOc1cccc(F)c1;OC(COc1cccc(F)c1)Nc1ccccc1N1CCCCC1;Oc1ccc(F)cc1OCCNc1ccccc1N1CCCCC1;Oc1c(F)cccc1OCCNc1ccccc1N1CCCCC1;Oc1cc(F)cc(OCCNc2ccccc2N2CCCCC2)c1;Oc1ccc(OCCNc2ccccc2N2CCCCC2)cc1F;OC(CNc1ccccc1N1CCCCC1)Oc1cccc(F)c1;Oc1ccc(NCCOc2cccc(F)c2)c(N2CCCCC2)c1;Oc1cccc(NCCOc2cccc(F)c2)c1N1CCCCC1;Oc1cccc(N2CCCCC2)c1NCCOc1cccc(F)c1;Oc1ccc(N2CCCCC2)c(NCCOc2cccc(F)c2)c1;COc1ccc(F)cc1CN(C)CC(=O)Nc1cccc(C)c1C;N=C(NCCCC(N)C(=O)NC1CNC(C(N)=O)C1)N[N+](=O)[O-];OC(Cc1ccccc1)C(Cc1ccccc1)=NNc1ccccc1;O=C(CCCn1cccc1)NCC1CCOC1c1ccc(F)cc1;COCC(NC(=O)C1CCN(CC(F)F)CC1)c1ccc(C)o1;CC1(C)CC(=O)c2cc(-c3ccccc3)n(Cc3cccnc3)c2C1;O=C1CC(C(=O)N2CCCC3CCCCC32)c2ccc(F)cc2N1;Cc1ccc(F)cc1C(=O)N(Cc1ccco1)C1CCN(C)CC1;Cc1cc(C(=O)N(Cc2ccco2)C2CCN(C)CC2)ccc1F;COc1ccc(CC(=O)NC(CN(C)C)c2ccccc2)cc1F;Cc1c(CNC(=O)C2CC2C2CCNCC2)oc2ccc(F)cc12;Cc1ccc(F)cc1CN1CCC(NC(=O)c2ccoc2C)CC1
m_1a0749,Cc1nc(-c2cccc(NC(=O)Cc3ccc(F)cc3Br)c2)n[nH]1;Cc1nc(-c2cccc(NC(=O)Cc3ccc(Br)c(F)c3)c2)n[nH]1;Cc1nc(-c2cccc(NC(=O)Cc3cc(F)ccc3Br)c2)n[nH]1;Cc1nc(-c2cccc(NC(=O)Cc3cc(Br)ccc3F)c2)n[nH]1;Cc1n[nH]c(-c2ccc(NC(=O)Cc3cc(F)ccc3Br)cc2)n1;Cc1ccc(S(=O)(=O)ON=C(c2cccc([N+](=O)[O-])c2)C(F)(F)F)cc1;Cc1nc(C)n(-c2ccc(C(=O)Nc3ccc(Br)cc3F)cc2)n1;CC(=O)Oc1cc(OC(C)=O)c2c(=O)c(Oc3ccc(Cl)cc3)coc2c1;COc1ccc(-c2coc3c(C)c(OCCBr)ccc3c2=O)cc1;COc1cccc(C(C)(C)c2oc3cc(Br)ccc3c2C(=O)O)c1;COc1ccc(-c2c(C)oc3cc(OCCBr)ccc3c2=O)cc1;COC(=O)c1c(C)oc2cc(Br)c(OCc3ccccc3C)cc12;COC(=O)c1c(C)oc2cc(Br)c(OCc3ccc(C)cc3)cc12;CCOC(=O)c1c(C)oc2cc(Br)c(OCc3ccccc3)cc12;CCOC(=O)c1c(C)oc2ccc(OCc3ccc(Br)cc3)cc12;CCOc1ccc(-c2cc3cc(Br)ccc3oc2=O)cc1OCC;CCOC(=O)c1c(C)oc2ccc(OCc3cccc(Br)c3)cc12;CCOC(=O)c1c(-c2ccccc2)oc2cc(Br)c(OCC)cc12;CN(C(=O)CC1Sc2ccc(Cl)cc2NC1=O)C1CCS(=O)(=O)C1;Cc1nc(C)c(CCNS(=O)(=O)c2cc(C)c(Cl)c(C(=O)O)c2)s1;O=S(=O)(Nc1c(F)cccc1F)c1ccc(S(=O)(=O)NC2CC2)cc1;O=S(=O)(Nc1c(F)cccc1F)c1cccc(S(=O)(=O)NC2CC2)c1;CC1CC(NC(=O)c2ccc(OC(F)F)cn2)c2ccsc2S1(=O)=O;O=S(=O)(Nc1cc(F)cc(F)c1)c1ccc(S(=O)(=O)NC2CC2)cc1;O=C(Nc1cnc(-c2ccc(Cl)s2)nc1)N1CC2CC2(C(F)(F)F)C1
m_1a8b29,CCCn1cc(C(=O)Nc2nc(C)n(C)n2)cn1;CCCn1cc(C(=O)Nc2cc(N)n(C)n2)cn1;CC(C)n1ccc(C(=O)Nc2cc(N)n(C)n2)n1;CCCn1cc(C(=O)Nc2nn(C)cc2N)cn1;CC(C)n1ccc(C(=O)Nc2nn(C)cc2N)n1;Cc1nc(NC(=O)c2cnn(CC(C)C)c2)n[nH]1;CC(NC(=O)c1ccn(C(C)C)n1)c1nc[nH]n1;CC(C)n1ncnc1CNC(=O)c1ccnn1C;CC(C)n1nc(C(=O)Nc2ccn(C)n2)cc1N;CC(C)n1cc(N)c(C(=O)Nc2ccn(C)n2)n1;CCCn1ncc(C(=O)Nc2ccn(C)n2)c1N;CCCn1cc(C(=O)Nc2ccn(C)n2)c(N)n1;CN(C)C(=O)c1cn[nH]c1NCc1ccnn1C;Cc1cc(C(=O)NCc2nncn2C(C)C)[nH]n1;Cc1cc(C(=O)NCc2ncnn2C(C)C)[nH]n1;CC(C)(C)Cc1cc(NC(=O)c2c[nH]nn2)[nH]n1;CC(C)NC(=O)CCNc1nc[nH]c2ncnc1-2;CCn1cc(NC(=O)Nc2c(C)n[nH]c2C)cn1;CCC(C)NC(=O)Cn1cnc2c(N)ncnc21;CC(C)CCc1cc(NC(=O)c2c[nH]nn2)[nH]n1;CC(C)Cc1cc(C(=O)NCc2nnc[nH]2)[nH]n1;COCCNC(=O)CC1OC(CN)C(O)C1O;CCn1ccc(NC(=O)NCCc2cn[nH]c2)n1;OC1(CNc2ccc3nnnn3n2)CCCCC1;CCc1cc(C(=O)NCc2nnc(C)n2C)[nH]n1
m_1b1573,CC1(C)CCCN1C(=O)NCc1ccc(-n2cccn2)cc1;CCC1CCN(C(=O)NCc2ccc(-n3cccn3)cc2)C1;CC(=O)N1CCC(NCc2ccccc2-n2cccn2)CC1;CC(=O)NC1CCN(Cc2ccc(-n3cccn3)cc2)CC1;CCN1CCCN(Cc2ccn(-c3ccccc3)n2)CC1=O;Cc1nn(-c2ccccc2)cc1NC(=O)N1CCC(C)(C)C1;CCC1=CN(C(O)NCc2ccc(-n3cccn3)cc2)CC1;Cc1nccn1-c1ccccc1CNC(=O)N1CCCCC1;CC1(C)CC=CN1C(O)NCc1ccc(-n2cccn2)cc1;Cc1c(NC(=O)NCC2(C)CCC2)cnn1-c1ccccc1;CCC1(NC(=O)Nc2cn(-c3ccccc3)nc2C)CCC1;CC(NC(=O)N(C)C1CCC1)c1ccccc1-n1cccn1;CNC1CCCN(C(=O)c2ccc(-n3cc(C)cn3)cc2)C1;Cc1cc(C(=O)NCC2CCNCC2)nn1-c1ccccc1;CCC1=CCN(C(O)NCc2ccc(-n3cccn3)cc2)C1;Cn1nc(-c2ccccc2)cc1C(=O)NCC1CCNCC1;Cc1cnn(-c2ccc(C(=O)N3CCC(N)CC3C)cc2)c1;Cc1cc(C(=O)NCC2CCN(C)C2)nn1-c1ccccc1;Cc1cc(C(=O)N2CCC(N)CC2C)nn1-c1ccccc1;CCC1C=CN(C(O)NCc2ccc(-n3cccn3)cc2)C1;CC=C1CCN(C(O)NCc2ccc(-n3cccn3)cc2)C1;CC1(C)C=CCN1C(O)NCc1ccc(-n2cccn2)cc1;Cc1cccc(-c2nc(C)nn2CC(=O)N2CCCCC2)c1;Cc1cc(NC(=O)C2CCN(C)CC2)nn1-c1ccccc1;CC1(C)CN(C(=O)c2cc(Cc3ccccc3)n[nH]2)CCN1
m_1b27e6,COc1ccc(-c2csc(NC(=O)c3ccccc3F)n2)cc1CC#N;O=c1c2ccccc2ncn1Cc1csc(COc2ccc(F)cc2)n1;Cc1nc(-c2cccc(-c3noc(COc4ccc(F)cc4)n3)c2)cs1;Cc1cc(O)c(-c2ccc3c(=O)[nH]c(=O)n(Cc4ccco4)c3n2)c(=O)o1;CC(=NNC(=O)c1ccc([N+](=O)[O-])cc1)c1cc2ccc(O)cc2oc1=O;NC(=O)c1cccc(-c2nc(-c3cc4c(cc3F)NC(=O)CC4)cs2)c1;CCOC(=O)c1ncn(C2OC(COP(=O)(O)O)C(O)C2O)c1N;O=C(c1ccccn1)N1CCN(S(=O)(=O)c2c(F)cccc2F)CC1;COc1ccnc(CSc2nc3cc(OC(F)F)ccc3[nH]2)c1OC;Cc1c(CC(=O)NC(C(=O)O)C(C)C)c(=O)oc2cc(O)c(Cl)cc12;CCC(NC(=O)CCc1c(C)c2cc(Cl)c(O)cc2oc1=O)C(=O)O;CCCC(NC(=O)Cc1c(C)c2cc(Cl)c(O)cc2oc1=O)C(=O)O;Cc1c(CCC(=O)NCCCC(=O)O)c(=O)oc2cc(O)c(Cl)cc12;COc1cc2oc(=O)c(CC(=O)NCCCC(=O)O)c(C)c2cc1Cl;CCC(NC(=O)Cc1c(C)c2cc(Cl)c(OC)cc2oc1=O)C(=O)O;O=C(O)CCC1CCCN(C(=O)CCc2ccccc2Br)C1;COc1ccc(Br)cc1CN1C(C(=O)O)CC2CCCCC21;CCOC(=O)C1CCCN(C(=O)CCc2cccc(Br)c2)C1;O=C(c1c(F)cccc1Cl)N1CCC(CSCc2ccco2)CC1;CCn1c(=Cc2ccccn2)sc(=C2Sc3ccccc3N2C)c1=O;CCC(Cc1ccccc1Br)C(=O)N1CCC(C(=O)O)CC1;CCOc1ccccc1Nc1nnc(SCC(=O)NC(=O)NC)s1;O=C(O)C(Cc1ccc(OP(=O)(O)O)cc1)NCc1ccccc1O;Cc1nc(-c2ccccn2)sc1C(=O)N1CCCSc2ccccc21;N#Cc1cc(N2CCN(c3ncc(C(F)(F)F)cc3Cl)CC2)ccn1
m_1beae5,CC(C)Cc1ccc(C(C)NC(=O)Cn2cnnc2C#N)cc1;CC(CN(C)Cc1nnc2c(=O)n(C)ccn12)c1ccccc1;CC(C)c1ccc(CNC(C=O)C(O)C(O)C(O)CO)cc1;NC(=O)c1cncc(N2CCN(CCc3ccccc3)CC2)n1;O=C(NC1CCc2ccccc21)N1CCC(n2cncn2)CC1;Cc1cncc(CCc2nc(-c3cn(C)nc3C(C)C)no2)c1;Cc1ccc(NC2CCN(C(=O)c3nccnc3N)CC2)cc1;NC(=O)c1ncn(C2CCCN(CC=Cc3ccccc3)C2)n1;Nc1ncncc1C(=O)NCc1ccc(CN2CCCC2)cc1;CCC(CNc1cc(C)nc2ncnn12)(OC)c1ccccc1;CCC(CNc1ncnc2c1ncn2C)(OC)c1ccccc1;CCC1CN(C)c2ccccc2CN1C(=O)c1nccnc1N;CC(C)Cc1nc(NC(=O)CCc2c[nH]c3ccccc23)n[nH]1;CN(C)c1cccc(C(=O)Nc2cncnc2N2CCCC2)c1;c1cnc(-c2ccnc(NC3CCCC34CCOCC4)n2)cn1;Cc1cccc(NC(=O)Nc2cc(N3CCCCC3)ncn2)c1;CCCCn1c(Cc2ccc(OC)cc2)nc2c(N)ncnc21;C=C(CNC(=O)N(C)Cc1nnc2n1CCC2)c1ccccc1;COc1ccc2c(C)nc(NC3=NC(C)(C)CC(C)=N3)nc2c1;Cc1cccc(C2=CCN(C(=O)NCc3ncn(C)n3)CC2)c1;CCCCn1c(Cc2cccc(OC)c2)nc2c(N)ncnc21;CCc1nn(C)cc1C(=O)Nc1nc2cc(C)ccc2n1CC;Cn1c(CN2CCc3ccccc3C2C(N)=O)nnc1C1CC1;CNc1nc(C)cc(C(=O)N2CCC(Cc3ccncc3)C2)n1;Cc1ccn2cc(C(=O)NCCCn3nc(C)cc3C)nc2c1
m_1d7bdd,CCOC(=O)C(C)(C)NCC(=O)Nc1ccccc1-c1ccccc1;CC1CN(C(=O)COc2ccc(Nc3ccccc3)cc2)CC(C)O1;CCOC(=O)C(Nc1ccc(CC(=O)N(C)C)cc1)c1ccccc1;COC(=O)C1CCN(C(=O)c2cccn2CCc2ccccc2)CC1;COC(C)(C(=O)NC(CO)CN1CCOCC1)c1ccccc1F;CCC1(CCC(=O)OC)CCCN2C(=O)c3[nH]c4ccccc4c3C21;COCC1(O)CCN(C(=O)c2cc(C3CC3)nc3ccccc23)CC1;O=C(C1CC1c1ccnc2ccccc12)N1CC(CO)CC(CO)C1;CC=C(CO)C1CC2NCCc3c2n(c2ccccc32)C1C(=O)OC;COC(=O)C12COCCC3C(c4[nH]c5ccccc5c41)N(C)CCC32;COCC1CC(OC)CN1C(=O)c1cncc(-c2cccc(C)c2)c1;COCC1CC(OC)CN1C(=O)c1cccc(-c2ccccn2)c1C;CCC1(O)CN2CCC34C(=C(OC(C)=O)C1CC23)Nc1ccccc14;CCC1(O)CN2CCC34C(=C(C(=O)OC)C1CC23)Nc1ccccc14;CC=C(CO)C1CC2c3[nH]c4ccccc4c3CCN2C(=O)C1CO;CC=C1CN(CCO)C2CC1C(C(=O)OC)n1c2cc2ccccc21;COCC1CC(OC)CN1C(=O)c1ccc(-c2ccccc2)nc1C;CC(O)C12CN3CCC45c6ccccc6N(C)C4C3CC1C5C(=O)O2;CCC1CC2CC(C(=O)OC)=C3Nc4ccccc4C34CC[N+]1([O-])C24;CC=C1CN2CCC34c5ccccc5NC23C(O)CC1C4C(=O)OC;CCC12CCCNC13C(=CC(=O)OC)c1ccccc1N3C(=O)CC2;CCC1CNC2Cc3c([nH]c4ccccc34)C(=O)CC1C2C(=O)OC;COC(=O)C1=C2Nc3cc(OC)ccc3C23CCN2CCC1C(C)C23;COC(=O)C1=C2Nc3ccccc3C23CCN2CC(CCO)C1CC23;COC(=O)C1=C2Nc3ccccc3C23CCN2C(C(C)O)CC(C1)C23
m_1de28b,Cc1cc(NC(=O)N2CCOCC2C2CC2)c(N(C)C)nn1;CNc1nnc(C)cc1N(C)C(=O)N1CCOCC1C1CC1;CNc1nnc(C)c(C)c1NC(=O)N1CCOCC1C1CC1;Cc1cc(NC(=O)NC(C2CC2)C2CCCCO2)c(N)nn1;CN(C)c1nccc(N2CCC3(CC2)CC(O)CNC3=O)n1;CNC(=O)C12CCOCC1CN(c1ccnc(N(C)C)n1)C2;CNC(=O)CCN(C)C(=O)Nc1cc(C#N)cn1C(C)(C)C;CC(=O)N1CC2COCCN2C2(CN(Cc3cnc[nH]3)C2)C1;Cc1cc(NC(O)N2CCOCC2C2C=C2)c(N(C)C)nn1;CN(C)c1nc(O)cc(C(=O)N2CCC3(CCNCC3)C2)n1;CNC(=O)c1nc(C2CCN(C(=O)CC3CC3C)CC2)n[nH]1;Cc1ccnc(N2CCN(C(=O)CN3CCOCC3)CC2)n1;Cc1nnc(CNC(=O)CC2CCCCNC2=O)n1C1CC1;COc1ccnc(CNC(=O)N2CCC3(CCN(C)C3)C2)n1;CC1CC(C(=O)Nc2cnc(N3CCNCC3)nc2)C(C)O1;Cc1cc(NC(O)N2CCOCC2=C2CC2)c(N(C)C)nn1;Cc1cc(NC(O)N2CCOCC2C2=CC2)c(N(C)C)nn1;CCNC(=O)C(C)NC(=O)Nc1cc(C#N)cn1C(C)(C)C;O=C(NC1CCC(O)CC1)N1CCN(c2cnccn2)CC1;CNC(=O)c1nc(C2CCN(C(=O)C3CC3(C)C)CC2)n[nH]1;CC(C)N1CC(C(=O)Nc2ccn(C3CCNC3)n2)CC1=O;CCOc1cc(N2CCC(N3CCCNC3=O)CC2)ncn1;Cc1cnn(CC2CN(CC(O)Cn3cccn3)CCO2)c1;Cc1nn(C)c(-n2ccnc2C)c1C(=O)NCC(O)C(C)C;CNC(=O)CC(=O)N(C)C1CCCN(c2ccc(C)nn2)C1
m_1f86e6,CC1CC(NC(=O)C2(c3ccccc3Cl)CCOCC2)c2ccsc2S1(=O)=O;CC1CC(NC(O)C2(c3ccccc3Cl)C=COCC2)c2ccsc2S1(=O)=O;CC1=CC(NC(O)C2(c3ccccc3Cl)CCOCC2)c2ccsc2S1(=O)=O;CC1C=C(NC(O)C2(c3ccccc3Cl)CCOCC2)c2ccsc2S1(=O)=O;CSCC(=O)Nc1ccc2n(c1=O)CC1CC2CN(S(=O)(=O)c2cccs2)C1;Nc1nc2c(nc(SCc3ccc(Cl)cc3)n2C2OC(CO)C(O)C2O)c(=O)[nH]1;Cc1cc(N(C)C)nc(N2CCN(S(=O)(=O)c3ccc(Br)cc3)CC2)n1;NS(=O)(=O)c1ccc(CNC(=O)c2ccccc2-c2ncc(-c3ccccc3)o2)s1;O=c1c2ncccc2n(Cc2c(F)cccc2Cl)c(=O)n1Cc1ccc2c(c1)OCO2;O=C(CSc1nc2ccc(N3C(=O)c4ccccc4C3=O)cc2s1)N1CCOCC1
m_20b8f2,CC(C)Nc1ncccc1C(=O)Nc1ncccc1O;CC(C)Nc1ncccc1C(=O)Nc1cccc(O)n1;CC(C)Nc1ncccc1C(=O)Nc1cc(O)ccn1;CC(C)Nc1ncccc1C(=O)Nc1ccc(O)cn1;CC(C)Nc1nc(O)ccc1C(=O)Nc1ccccn1;CC(CO)Nc1ncccc1C(=O)Nc1ccccn1;CC(C)Nc1ncc(O)cc1C(=O)Nc1ccccn1;CC(C)Nc1nccc(O)c1C(=O)Nc1ccccn1;CC(C)(O)Nc1ncccc1C(=O)Nc1ccccn1;O=c1cc(C2CCC2)ncn1Cc1nc(C2CC2)no1;C=CCNC(=O)c1ccc(NCc2cc(C)on2)nc1;CC(C)c1noc(Cn2c(CO)nc3ccccc32)n1;Cc1noc(C(C)Nc2ccc3c(c2)CCC(=O)N3)n1;Cc1cc(C(=O)Nc2ccc(N3CCCC3)nc2)no1;Cc1ccnc(C(NC(=O)c2cc(C)on2)C2CC2)n1;CCc1noc(CNc2cccc3c2CCNC3=O)n1;CCc1nc(Cn2c(=O)n(CC)c3ccccc32)no1;O=C(NCC1Cn2ccnc2CO1)Nc1ccccc1;CCc1nc(CNc2cccc3c2CCNC3=O)no1;Cc1noc(C(C)Nc2ccc3c(c2)C(=O)NCC3)n1;COc1ncccc1NC(=O)NCc1ccncc1C;O=C(c1cccnc1O)N1CCCC(c2ccn[nH]2)C1;O=C(Nc1cc(C2CCCC2)[nH]n1)c1ccc(O)nc1;Cc1noc2ncc(-c3nnc(CC(C)(C)C)o3)cc12;CCc1noc(CNc2ccc3c(c2)CCNC3=O)n1
m_20c386,O=C(NCC(n1cncn1)C(F)(F)F)C1(O)CCCNC1;O=C(NCC(n1cncn1)C(F)(F)F)C1CNCC(O)C1;O=C(NCC(n1cncn1)C(F)(F)F)C1CCCNC1O;O=C(NCC(n1cncn1)C(F)(F)F)C1CNCCC1O;O=C(NCC(n1cncn1)C(F)(F)F)C1CCC(O)NC1;OC(NCC(n1cncn1)C(F)(F)F)C1(O)CC=CNC1;OC(NCC(n1cncn1)C(F)(F)F)C1(O)C=CCNC1;O=C(NCC(O)(n1cncn1)C(F)(F)F)C1CCCNC1;OC(NC=C(n1cncn1)C(F)(F)F)C1(O)CCCNC1;O=C(NCC(n1cnc(O)n1)C(F)(F)F)C1CCCNC1;O=C(NC(O)C(n1cncn1)C(F)(F)F)C1CCCNC1;O=C(NCC(n1ncnc1O)C(F)(F)F)C1CCCNC1;Nc1nnc(CNC(=O)C2CCCN(CC(F)(F)F)C2)o1;COC1CN(C(=O)N(C)CC(F)(F)F)CC1c1c[nH]nn1;COC1CC(c2ncn[nH]2)N(C(=O)NC(C)C(F)(F)F)C1;CC(C)C(NC=O)C(=O)OC1C(O)OC(CO)C(O)C1O;CC(=O)NC1C(O)CC(O)(C(=O)O)CC1C(O)C(O)CO;O=C(O)C(O)C(O)C(O)C(O)CNC1(C(=O)O)CCCC1;OC1C(NCC2CC2)C2COC(O2)C1Sc1ccccc1;CCC(C)C(NC(=O)C(O)C(O)C(O)C(O)C=O)C(=O)O;COC[P+](c1ccccc1)(c1ccccc1)c1ccccc1;OCC[P+](c1ccccc1)(c1ccccc1)c1ccccc1;Nc1ncnc2c1ncn2C1OC(CO)C2OCCCOC21;CCC(CCC(=O)O)NC(=O)C1CCSc2ccccc21;CC(CN(C)C)C(=O)OC1OC(C(=O)O)C(O)C(O)C1O
m_214040,O=C(NCc1noc(-c2cccc(Br)c2)n1)c1c(O)cc(F)cc1F;O=C(NCc1noc(-c2cccc(Br)c2)n1)c1ccc(F)c(O)c1F;O=C(NCc1noc(-c2cccc(Br)c2)n1)c1cc(O)c(F)cc1F;O=C(NC(O)c1noc(-c2cccc(Br)c2)n1)c1ccc(F)cc1F;O=C(NCc1noc(-c2cc(O)cc(Br)c2)n1)c1ccc(F)cc1F;O=C(NCc1noc(-c2cccc(Br)c2O)n1)c1ccc(F)cc1F;O=C(NCc1noc(-c2cc(Br)ccc2O)n1)c1ccc(F)cc1F;O=C(NCc1noc(-c2ccc(O)c(Br)c2)n1)c1ccc(F)cc1F;Cc1cc(NS(=O)(=O)c2ccc(Br)c(F)c2)n(-c2ccccc2)n1
m_217b19,CC1CCCN(S(=O)(=O)c2ccc3c(c2)C(=O)NCC3)C1CN;NCC1CCCCC1NS(=O)(=O)c1ccc2c(c1)C(=O)NCC2;CS(=O)(=O)NC1CCCC1CNC(=O)C1CC1c1cccnc1;CC(=O)N1CCc2ccc(S(=O)(=O)N3CCC(N)CC3C)cc21;CC(=O)N1CCc2ccc(S(=O)(=O)N3CCCCC3CN)cc21;CS(=O)(=O)NCC1CCCCN1C(=O)N1CCc2ccccc21;COc1ccc(-c2cc(-c3ccccc3)nc(-c3ccccc3)c2)cc1;CNCC1CCCN1S(=O)(=O)c1ccc2c(c1)N(C(C)=O)CC2;CN1CCC(N2CC3NS(=O)(=O)c4ccccc4OC3C2)CC1;CN(C)C1CCN(S(=O)(=O)c2ccc3c(c2)CCCC(=O)N3)C1;CC(=O)N1CCCc2ccc(S(=O)(=O)N3CCNCC3C)cc21;NS(=O)(=O)c1ccc(C(=O)NCC2CCN(C3CC3)CC2)cc1;COC1CC(CN(C)S(=O)(=O)c2cc(C#N)ccc2C)N(C)C1;CC1CCN(S(=O)(=O)NC2CCN(c3ccccc3)C2=O)CC1;CCNS(=O)(=O)c1ccc(C(=O)N2CC3CN(C)CC3C2)cc1;COCCN1CCCC(NS(=O)(=O)Cc2cccc(C#N)c2)C1;CCNS(=O)(=O)c1cccc(CNC(=O)N2CC3CCC3C2)c1;COC1CC(CN(C)S(=O)(=O)c2ccc(C#N)c(C)c2)N(C)C1;COCCN1CCCC1CNS(=O)(=O)Cc1cccc(C#N)c1;NC(=O)c1cccc(CN2CCC(S(=O)(=O)N3CCCC3)C2)c1;CCCN1CCCN(S(=O)(=O)Cc2noc3ccccc23)CC1;CC(C)=C(C)CCC1(CO)Nc2ccc(C(=O)O)cc2CC1Cl;CS(=O)(=O)N1CCC(CNC(=O)N2CCc3ccccc3C2)C1;COC1CC(CN(C)S(=O)(=O)c2cccc(C)c2C#N)N(C)C1;CN(C)c1cccc(S(=O)(=O)N2CCC3(CC2)CNC(=O)C3)c1
m_21cd44,O=C(c1ccnnc1)N1CCCC(c2ncc(C(F)(F)F)[nH]2)C1;O=C(c1cccnn1)N1CCCC(c2ncc(C(F)(F)F)[nH]2)C1;O=C(c1cnccn1)N1CCCC(c2ncc(C(F)(F)F)[nH]2)C1;OC(c1cnccn1)N1CCC=C(c2ncc(C(F)(F)F)[nH]2)C1;OC(c1ccnnc1)N1CCC=C(c2ncc(C(F)(F)F)[nH]2)C1;OC(c1cnccn1)N1CC=CC(c2ncc(C(F)(F)F)[nH]2)C1;OC(c1ccnnc1)N1CC=CC(c2ncc(C(F)(F)F)[nH]2)C1;OC(c1ccnnc1)N1C=CCC(c2ncc(C(F)(F)F)[nH]2)C1;OC(c1ccnnc1)N1C=C(c2ncc(C(F)(F)F)[nH]2)CCC1;OC(c1cnccn1)N1C=C(c2ncc(C(F)(F)F)[nH]2)CCC1;OC(c1cnccn1)N1C=CCC(c2ncc(C(F)(F)F)[nH]2)C1;Cc1ncncc1C(=O)NCCNc1ccc(C(F)(F)F)cn1;O=C(c1ncccc1C(F)(F)F)N1CCCC(c2nnc[nH]2)C1;COc1ccc(CC#N)cc1OC1OC(CO)C(O)C(O)C1O;COc1cc(CC#N)ccc1OC1OC(CO)C(O)C(O)C1O;CC(=O)NC1C(Oc2ccc(C=O)cc2)OC(CO)C(O)C1O;CC(=O)NC1C(O)OC(C(=O)O)C(OCc2ccccc2)C1O;Cc1ccc(COC2OC(CO)C(O)C(O)C2O)c(C#N)c1O;O=C(NCc1nnc2n1CC(C(F)(F)F)CC2)c1ccccn1;Cn1ccc(NC(=O)c2c[nH]nc2-c2ccc3c(c2)OCCO3)n1;O=C(O)CCCC(NC(Cc1ccc(O)cc1)C(=O)O)C(=O)O;CN(c1ccc2nccnc2n1)C1CCN(CC(F)(F)F)C1=O;Cc1nnc2n1CC(NC(=O)c1ccc(C(F)(F)F)cn1)CC2;CN(C)c1cnc(C(=O)N(CC(F)(F)F)c2ccccn2)cn1;COC(=O)Cc1cc(=O)nc(Nc2nc(C)c3ccccc3n2)[nH]1
m_2363c0,O=C(NC1(c2cccc(C(F)(F)F)c2)CCC1)c1cnc(-c2ncccn2)s1;OC(NC1(c2cccc(C(F)(F)F)c2)C=CC1)c1cnc(-c2ncccn2)s1;O=C(Cc1c[nH]c2ccc(Cl)cc12)NC1(c2cccc(C(F)(F)F)c2)C=CC1;O=C(Cc1c[nH]c2cccc(Cl)c12)NC1(c2cccc(C(F)(F)F)c2)C=CC1;O=C(Cc1c[nH]c2cc(Cl)ccc12)NC1(c2cccc(C(F)(F)F)c2)C=CC1;O=C(Cc1c[nH]c2c(Cl)cccc12)NC1(c2cccc(C(F)(F)F)c2)C=CC1;O=C(Cc1c(Cl)[nH]c2ccccc12)NC1(c2cccc(C(F)(F)F)c2)C=CC1;O=C(Cc1c[nH]c2ccccc12)NC1(c2cc(C(F)(F)F)ccc2Cl)C=CC1;O=C(Cc1c[nH]c2ccccc12)NC1(c2cc(Cl)cc(C(F)(F)F)c2)C=CC1;O=C(Cc1c[nH]c2ccccc12)NC1(c2cccc(C(F)(F)F)c2Cl)C=CC1;O=C(Cc1c[nH]c2ccccc12)NC1(c2ccc(Cl)c(C(F)(F)F)c2)C=CC1;C=C(Nc1cc(Cl)ccc1O)c1c(O)n(-c2ccccc2)c2ccccc2c1=O;O=C1C(=Cc2cccnc2)Oc2c1ccc1c2CN(Cc2ccccc2Cl)CO1;O=c1c(-c2ccc(Cl)cc2)coc2c3c(ccc12)OCN(Cc1ccccn1)C3;Cc1ccc(-c2cc(=O)c3cc(NC(=O)Nc4ccc(Cl)cc4)ccc3o2)cc1;Cc1c(C(=O)c2ccc(Cl)cc2)oc2cc(NC(=O)Nc3ccccc3)ccc12;O=C(Cc1cn(OC(=O)c2ccccc2)c2ccccc12)Nc1ccccc1Cl;NC(=O)c1ccc(N(C(N)=O)c2c(F)cccc2F)nc1-c1ccc(F)cc1F;O=c1c(-c2ccc(Cl)cc2)coc2c3c(ccc12)OCN(Cc1cccnc1)C3;COC(=O)c1ccccc1SCc1c(OC)c(OC)c(OC)c2c1C(=O)OC2;O=c1oc2c3c(ccc2cc1-c1ccc(Cl)cc1)OCN(Cc1ccncc1)C3;O=c1c(-c2ccc(Cl)cc2)coc2c3c(ccc12)OCN(Cc1ccncc1)C3;O=C1C(=Cc2ccccc2Cl)Oc2c1ccc1c2CN(Cc2ccncc2)CO1;O=C1C(=Cc2ccccc2Cl)Oc2c1ccc1c2CN(Cc2ccccn2)CO1;O=C1C(=Cc2ccccc2Cl)Oc2c1ccc1c2CN(Cc2cccnc2)CO1
m_23ff71,Cc1cnc(C(NC(=O)N(C)C2CCC2)C2CC2)s1;CC(C1CC1)N(C(=O)NCCc1cscn1)C1CC1;C#CCN(C)Cc1nc(C2(O)CCN(C)CC2)cs1;Cc1csc(C(C)NC(=O)NCC2CC=CCC2)n1;Cc1ncc(CN(C)C(=O)NC(C2CC2)C2CC2)s1;CC(NC(=O)N1CCC2(CCC2)CC1)c1nccs1;CCSc1ccc(NC(=O)N2CCCCCC2)cn1;CSC(C)C(=O)Nc1cccnc1N1CCCCC1;OCc1nnc(SCC23CCC(CC2)C3)n1C1CC1;CC1CN(C(=O)c2[nH]nc3c2CCCC3)CC(C)S1;Cc1nsc(N2CC3(CCOCC3)C3CCCC32)n1;O=C(NCCSC1CCCC1)c1cc(C2CC2)[nH]n1;NC(=O)NCCCC(NCC(O)C(O)CO)C(=O)O
m_254f59,Cn1cc(C(=O)NCCCN2CCc3ccccc32)cn1;Cc1[nH]ncc1C(=O)N1Cc2ccccc2N(C)CC1C;Cc1[nH]ncc1C(=O)N1CCCC(Nc2ccccc2)C1;Cn1cc(C(=O)NCC2CCN(c3ccccc3)C2)cn1;Cn1nccc1C(=O)NCCN1CCc2ccccc2C1;Cc1cc(C(=O)Nc2ccccc2CN2CCCC2)[nH]n1;Cc1cc(C(=O)Nc2ccccc2N2CCCCC2)[nH]n1;CCn1cc(C(=O)N2CCN(C)Cc3ccccc32)cn1;COc1ccc(N2CCN(c3cccc(C)c3)CC2)nn1;Cn1ncc(C(=O)N2CC(C(C)(C)C)c3ccccc32)n1;CC(C)c1nc(C(=O)NC2Cc3ccccc3C2N)c[nH]1;CCc1nc(C(=O)N2CCN(CC)c3ccccc32)c[nH]1;Cn1cc(C(O)NC=CCN2CCc3ccccc32)cn1;CC(Cn1cccn1)NCC(=O)N1CCc2ccccc21;Cn1cc(C(O)NCC=CN2CCc3ccccc32)cn1;CN(C)c1cccc(C2CCCN2C(=O)c2cc[nH]n2)c1;Cc1cc(O)nc(N2CCN(Cc3ccccc3)CC2)n1;CC(C)n1ccc(C(=O)N2CCC(c3ccncc3)C2)n1;Cn1nncc1C(=O)N1CCCC(C)(C)c2ccccc21;Cn1cc(C(O)NCCCn2ccc3ccccc32)cn1;Cc1cc(CC(C)NC(=O)N2Cc3ccccc3C2)n[nH]1;CC(C)n1nccc1C(=O)N1CCCC1c1cccnc1;Cc1cccnc1CCNC(=O)c1cc(C2CC2)n(C)n1;CN1CC2CN(Cc3c[nH]c4ccccc34)CCN2C1=O;CC(NC(=O)c1cc[nH]n1)c1cccc(N2CCCC2)c1
m_25a38e,COc1cccc(-c2nc(-c3cn(C)nc3C)cs2)c1OC;COc1ccc(-c2nc(-c3cn(C)nc3C)cs2)cc1OC;COc1ccc(OC)c(-c2nc(-c3cn(C)nc3C)cs2)c1;COc1ccc(-c2nc(-c3cn(C)nc3C)cs2)c(OC)c1;COc1cccc(OC)c1-c1nc(-c2cn(C)nc2C)cs1;COc1cc(OC)cc(-c2nc(-c3cn(C)nc3C)cs2)c1;COc1ccc(-c2nc(-c3cnn(C)c3)sc2C)c(OC)c1;COc1cc(C)cc(-c2nc(-c3cn(C)nc3C)cs2)c1O;COc1c(-c2nc(-c3cn(C)nc3C)cs2)ccc(C)c1O;COc1c(C)ccc(-c2nc(-c3cn(C)nc3C)cs2)c1O;COc1c(O)ccc(C)c1-c1nc(-c2cn(C)nc2C)cs1;COc1ccc(C)c(-c2nc(-c3cn(C)nc3C)cs2)c1O;COc1ccc(OCc2nc(-c3cn(C)nc3C)cs2)cc1;COc1c(O)cc(C)cc1-c1nc(-c2cn(C)nc2C)cs1;COc1ccccc1-c1nc(-c2cn(C)nc2C)c(OC)s1;COc1cccc(-c2nc(-c3cn(C)nc3C)c(OC)s2)c1;COc1cccc(-c2nc(-c3c(C)nn(C)c3C)cs2)c1O;COc1ccccc1-c1nc(-c2c(C)nn(C)c2OC)cs1;COc1cccc(-c2nc(-c3cn(C)nc3C)c(C)s2)c1O;COc1c(O)cccc1-c1nc(-c2cn(C)nc2C)c(C)s1;COc1cccc(-c2nc(-c3c(C)nn(C)c3OC)cs2)c1;COc1c(O)cccc1-c1nc(-c2c(C)nn(C)c2C)cs1;COc1c(C)cccc1C(=O)NC(=S)Nc1cccc(C)n1;COc1ccc(CCNc2ncnc3sccc23)cc1OC;COc1ccccc1C(CNc1ncnc2ccsc12)OC
m_25cfa1,COc1ncc(C)cc1NC(=O)N1CCC(OCC2CCCC2)CC1;COc1ncc(NC(=O)N2CCC(OCC3CCCC3)CC2)cc1C;COc1c(C)cncc1NC(=O)N1CCC(OCC2CCCC2)CC1;Cc1cc(NC(=O)N2CCC(OCC3CCCC3)CC2)c(O)nc1C;Cc1cnc(O)c(N(C)C(=O)N2CCC(OCC3CCCC3)CC2)c1;Cc1cnc(O)c(NC(=O)N2CCC(OCC3CCCC3)CC2)c1C;COc1cccc(CNC(=O)N2CCCC2C2CC(C)CCC2O)n1;CCOC1CC(NC(=O)CCc2nc(C3CC3)no2)C12CCCCC2;COc1ncc(C)cc1NC(O)N1CCC(OCC2CC=CC2)CC1;COc1ncc(C)cc1NC(O)N1CCC(OCC2C=CCC2)CC1;COC1CC(CN(C)C(=O)c2ccc(OC3CCCC3)nc2)N(C)C1;COc1ncc(C)cc1NC(O)N1CCC(OCC2=CCCC2)CC1;CCOc1cccc(CC(=O)N2CCN(C3CCOCC3)CC2C)n1;COc1ncc(C)cc1NC(O)N1CCC(OC=C2CCCC2)CC1;CCOc1ncccc1CNC(=O)C1CCOC1C1CCN(C)CC1;CCOC(=O)c1cnc(N2CCCCC2C2CCCCC2O)nc1C;CC1OCCC1CN1CCC(Oc2ccc(C(=O)N(C)C)cn2)CC1;CC(=O)c1cc(CC2CNCCC2CC(=O)NC2CCCCC2)no1;CCOC1(C(=O)Nc2ccc(OC3CCN(C)CC3)nc2)CCCC1;CC(C)C1CN(C(=O)Nc2ccc(OC3CCCC3)nc2)CCCO1;CCN(CC)c1cc(CCC(=O)N2CCC3(CC2)OCCO3)ccn1;O=C(c1cc(CC2(NC3CCCCC3)COC2)no1)N1CCCCC1;CCC1CC(NC(=O)N2CCC(Oc3ccncc3C)CC2)CCO1;COc1cccc(CN2CCC(C(=O)N3CC(C)OC(C)C3)CC2)n1;CCC1CN2CCC1CC2CNC(=O)Nc1cc(OC)cc(OC)c1
m_26bf54,CC(=O)NC(C(=O)NCc1ccccn1)C(C)C;O=C(NCc1cccnc1)NC1(CO)CCCC1;CC1(CO)CCCN1C(=O)NCc1cccnc1;CC1CC(O)CN(C(=O)c2n[nH]c3c2CCC3)C1;O=C(c1n[nH]c2c1CCC2)N1CCCC(O)CC1;CC(C)=C(NC(C)O)C(=O)NCc1ccccn1;Cc1ncc(C(=O)N2CC(C(C)(C)O)C2)c(C)n1;CC(=O)NC(C(=O)Nc1cccc(C)n1)C(C)C;CCc1[nH]ccc1C(=O)N1CCNC(=O)CC1C;COC1CC(C(=O)NCc2cccnc2)N(C)C1;CC1Cc2c(C(=O)NCC3CC3)n[nH]c2C(C)O1;CN(Cc1cccnc1)C(=O)NC1CCOCC1;CC(NC(=O)c1cccn1C1CCCC1)C(N)=O;CCCNC(=O)c1ccccc1NC(=O)C(C)N;CC(=O)NCCCCCC(=O)Nc1ccncc1;NC(=O)C1(O)CCCN(CCc2ccncc2)C1;CC(=O)NC(=C(C)C)C(O)NCc1ccccn1;CN(C)c1ccnc(C(=O)N2CCCC(O)C2)c1;CCC(NC(=O)c1ccccn1)(C(N)=O)C(C)C;O=C(NCC1(O)CCCCC1)Nc1ccncc1;Cn1cccc1C(=O)NCCNC(=O)C1CCC1;Cc1cnc(C(=O)N2CCCC(CO)CC2)cn1;CCc1ccnc(C(=O)NCC2CNCCO2)c1;CC(C)C1OCCC1C(=O)Nc1ccc(N)nc1;Cc1ccccc1N(CC(=O)NC(N)=O)C(C)C
m_273696,O=C(c1ccncc1)N1CCN(C(=O)c2ccc(Cl)cn2)CC1;O=C(c1ccncc1)N1C=CN(C(O)c2ccc(Cl)cn2)CC1;O=C(c1ccc(Cl)cn1)N1C=CN(C(O)c2ccncc2)CC1;CC(COC1CCOC1)NS(=O)(=O)c1ccc(C(=O)O)nc1;CCCOC(=O)NCCOC(O)=NS(=O)(=O)c1ccccc1;O=C(Nc1ncccc1Cl)C1CCCN1C(=O)c1ccccn1;N#Cc1ccc(Cl)c(C(=O)NCC2CCOC2c2cn[nH]c2)c1;O=C(Nc1ccncc1)NC1CCN(c2ccccc2Cl)C1=O;O=C(Nc1cccnc1)NC1CC(=O)N(c2ccc(Cl)cc2)C1;CC(=O)NC=C[SH](O)C1=C(C(=O)O)N2C(=O)C(C(C)O)C2C1;O=c1cc(-c2ccc3c(c2)OCCO3)oc2c1ccc1ccccc12;COCC1(C(=O)O)CCCN1S(=O)(=O)c1cncc(OC)c1;O=C(COc1ccc2c(c1)oc(=O)c1ccccc12)c1ccccc1;O=C(NC1CC(O)C1n1cccn1)c1[nH]c2ccccc2c1Cl;COc1cncc(S(=O)(=O)NCC2(C(=O)O)CCOCC2)c1;Cc1cc(=O)oc2c3c(ccc12)OC(=CC=Cc1ccccc1)C3=O;COC(C)(C(=O)O)C(=O)NCc1ccccc1NS(C)(=O)=O;COc1cc2cc(OC)c3oc4ccccc4c4ccc(c1=O)c2c34;COc1cccc2c1c(O)cc1oc3c(ccc4cccc(O)c43)c12;COC(=O)c1cc(S(=O)(=O)N2CCC(C(N)=O)CC2)c(C)o1;CC(C)(CC(=O)O)CC(=O)Nc1cc(S(N)(=O)=O)ccc1O;C=C1C(=O)OC2C1C(O)CC(C)(O)C13OC1C(Cl)C(C)(O)C23;CC(C)(C)c1cc(C(=O)C(C#N)=NNc2cccc(Cl)c2)no1;CNS(=O)(=O)c1ccc(C(=O)N2CC(C)C(C(=O)OC)C2)o1;O=C1c2ccccc2C(=O)c2c1cc(O)c(Cc1ccccc1)c2O
m_27df2d,CC(C)n1c(SCC(=O)N2CCCC2)nc2ccccc2c1=O;CC(C)CNC(=O)C1CSCN1C(=O)c1c[nH]c2ccccc12;CC1CCN(S(=O)(=O)c2cnc(-c3ccccc3)nc2)C(C)C1;Cc1ccccc1-c1noc(CSCC(=O)N2CCCCC2)n1;Cc1ccccc1-c1nnc(SCC(=O)N2CCC(C)CC2)o1;Cc1cc(CNc2cccc(C(=O)N3CCSCC3)c2C)no1;COc1ccc(-c2ncc(C(=O)N3CCC(N)CC3C)s2)cc1;Cc1ccccc1-c1nnc(SCC(=O)NC2CCCCC2)o1;CCOC(=O)C1CCc2sc3ncnc(NC4CCCC4)c3c21;C=CCn1c(SC2CCOCC2)nnc1-c1cccc(OC)c1;CN(C(C1CC1)C1CC1)S(=O)(=O)c1cnn(-c2ccccc2)c1;O=C(c1ccc2c(c1)[nH]c(=O)n2C1CCCC1)N1CCSCC1;CNC(=O)C(CC(C)C)NC(=O)c1ccc(-c2cscn2)cc1;FC(F)c1nnc2ccc(NC3CCN(c4ccccn4)C3)nn12;CCCN(CC(=O)NC)C(=O)c1ccc(-c2nc(C)cs2)cc1;C=CC1CN2CCC1CC2CNS(=O)(=O)c1cccc(C#N)c1;COc1ccc(-c2nc(CN3CCCNC(=O)C3C)cs2)cc1;CC(=O)NC(Cc1c[nH]c2ccccc12)C(=O)N1CCSCC1;O=S(=O)(Cc1cccc2cccnc12)N1CCN2CCCC2C1;Cc1nn(-c2ccccc2)cc1C(=O)N1CC(C)[S+]([O-])C(C)C1;CCN(CC)CC(=O)N1N=C(c2cccs2)CC1c1ccco1;CCCCCC(O)C(CC=O)SCC([N+])C(=O)NCC(=O)[O-];Cc1csc(C2CCCCN2C(=O)c2onc3c2CCCC3)n1;CN(CC1CCCOC1)C(=O)Nc1csnc1-c1ccccc1;CC(=O)Nc1cccc(CNC(=O)N(C)C(C)c2cccs2)c1
m_293ec0,O=C(NCc1cc2ccccc2o1)N1CCN(c2ccc(Cl)cn2)CC1;O=C(NCc1cc2ccccc2o1)N1CCN(c2ncccc2Cl)CC1;O=C(NCc1cc2ccccc2o1)N1CCN(c2cccc(Cl)n2)CC1;OC(NCc1cc2ccccc2o1)N1C=CN(c2ccc(Cl)cn2)CC1;O=C1CCc2cc(C(=O)N3CCN(c4ccc(Cl)cn4)CC3)ccc2N1;COc1ccccc1-c1noc(C2CCN(c3ccc(Cl)cn3)CC2)n1;COc1ccc(-c2noc(C3CCN(c4ccc(Cl)cn4)CC3)n2)cc1;O=C(NCc1oc2ccccc2c1Cl)N1CCN(c2ccccn2)CC1;O=C(NCc1cc2cc(Cl)ccc2o1)N1CCN(c2ccccn2)CC1;O=C(NCc1cc2c(Cl)cccc2o1)N1CCN(c2ccccn2)CC1;O=C(C=Cc1ccccc1)Oc1cccc(OC(=O)C=Cc2ccccc2)c1;O=c1cc(-c2ccccc2)oc2cc(OCC=Cc3ccccc3)cc(O)c12;CS(=O)(=O)NCC1OC(CC(=O)N2CCc3ccccc32)C(O)C1O;O=c1cc(-c2ccccc2)oc2cc(O)c(CC=Cc3ccccc3)c(O)c12;O=C(NCc1cc2ccc(Cl)cc2o1)N1CCN(c2ccccn2)CC1;CC(Oc1ccc2c(-c3ccccc3)cc(=O)oc2c1)C(=O)c1ccccc1;O=C(CC1OC(CNS(=O)(=O)c2ccccc2)C(O)C1O)NC1CC1;CC(NC(=O)C1(C(=O)O)CCOCC1)c1cccc(NS(C)(=O)=O)c1;Cc1oc2cc(OCC(=O)c3ccccc3)ccc2c(=O)c1-c1ccccc1;O=C(C=Cc1ccccc1O)c1cccc(C(=O)C=Cc2ccccc2O)c1;C=Cc1ccc(COc2cc(O)c3c(=O)cc(-c4ccccc4)oc3c2)cc1;O=C(c1ccccc1OCc1ccccc1)C1OC1c1cc2ccccc2o1;COc1ccc(C(=O)N2CC3OCCS(=O)(=O)N(C)C3C2)cc1OC;CCCS(=O)(=O)NC1COC2C(OC(=O)Nc3ccccc3)COC12;Cc1c(-c2ccccc2)c(=O)oc2ccc(OCC(=O)c3ccccc3)cc12
m_2a0e17,CC(C)n1nnnc1SCCOc1cccc2ccccc12;CC(N)c1nc(C(=O)NCCc2c[nH]c3ccccc23)cs1;OCC(O)C(O)C(O)C(O)C1OC(CO)C(O)C(O)C1O;OCC(O)C(O)C(CO)OC1OC(C(O)CO)C(O)C1O;OCC(O)C(O)C(CO)OC1OC(CO)C(O)C(O)C1O;OCC(O)C(O)C(O)COC1OC(CO)C(O)C(O)C1O;OCC(O)C(OC1OC(C(O)CO)C(O)C1O)C(O)CO;CCn1c(C)nnc1SCc1nc(-c2ccccc2)oc1C;CCSc1nnc2c(n1)OC1(CCCC1)Nc1ccccc1-2;O=C(CSc1ccc(-c2ccncc2)nn1)N1CCCCC1;CSc1nnc2c(n1)OC1(CCCCC1)Nc1ccccc1-2;O=C(CSc1ccc(-c2ccccn2)nn1)N1CCCCC1;c1ccc(-c2cn3nc(NCC4CCOCC4)sc3n2)cc1;c1ccc2c(c1)ccc1nnc(SCCN3CCOCC3)n12;O=C1N(c2ccccc2)CC2CN(Cc3nccs3)CCN12;CCCC(CCCCC(=O)O)c1ccc(S(=O)(=O)O)cc1;CC(CCCCCCC(=O)O)c1ccc(S(=O)(=O)O)cc1;COc1ccccc1-c1nnc2n1N=CC=C(C(C)(C)C)S2;Cc1cc(C)nc(Cc2nc3scc(C(C)C)c3c(=O)[nH]2)n1;CCn1c(NC(=O)c2nc(C)sc2C)nc2cc(C)ccc21;Cc1ccc(C)c(CSc2n[nH]c3nc(=O)c(C)c(C)n23)c1;Cc1ccc2c(c1)nc1n2C(CNCc2nccs2)COC1;Cc1cc(F)ccc1NC(=O)Cc1c(C)[nH]c2ccnn2c1=O;Cc1nc(C(C)(C)NC(=O)c2cccc3cn[nH]c23)sc1C;O=C(CCCCl)NN1c2ccccc2CCc2ccccc21
m_2aa8ea,CC(Cc1ccc(NC(=O)C2CCCN(C(=O)N3CCCC3)C2)cc1)C(=O)O;CCCc1ccc(NC(=O)C2CCCN(C(=O)N3CCCC3)C2)cc1C(=O)O;Cc1ccc(C(CNC(=O)C2CCN(C(=O)N3CCCC3)CC2)C(=O)O)cc1;CCCc1ccc(NC(=O)C2CCCN(C(=O)N3CCCC3)C2)c(C(=O)O)c1;CC(CNC(=O)C1CCCN(C(=O)N2CCCC2)C1)OC(=O)c1ccccc1;CC(=Cc1ccc(NC(=O)C2CCCN(C(=O)N3CCCC3)C2)cc1)C(O)O;CC(Cc1ccc(NC(O)C2=CN(C(=O)N3CCCC3)CCC2)cc1)C(=O)O;CC(Cc1ccc(NC(O)C2C=CCN(C(=O)N3CCCC3)C2)cc1)C(=O)O;CC(Cc1ccc(NC(O)C2=CCCN(C(=O)N3CCCC3)C2)cc1)C(=O)O;CC(Cc1ccc(NC(O)C2CC=CN(C(=O)N3CCCC3)C2)cc1)C(=O)O;CC(=Cc1ccc(NC(O)C2CCCN(C(=O)N3CCCC3)C2)cc1)C(=O)O;CC(Cc1ccc(NC(=O)C2CCCN(C(O)N3C=CCC3)C2)cc1)C(=O)O;CC(Cc1ccc(NC(=O)C2=CCCN(C(O)N3CCCC3)C2)cc1)C(=O)O;CC(Cc1ccc(NC(=O)C2=CN(C(O)N3CCCC3)CCC2)cc1)C(=O)O;CC(Cc1ccc(NC(O)C2CCCN(C(=O)N3CC=CC3)C2)cc1)C(=O)O;CC(Cc1ccc(NC(=O)C2CC=CN(C(O)N3CCCC3)C2)cc1)C(=O)O;CC(=Cc1ccc(NC(=O)C2CCCN(C(O)N3CCCC3)C2)cc1)C(=O)O;CC(Cc1ccc(NC(=O)C2CCCN(C(O)N3CC=CC3)C2)cc1)C(=O)O;CC(Cc1ccc(NC(=O)C2C=CCN(C(O)N3CCCC3)C2)cc1)C(=O)O;Cc1cccc(N2CC(C(=O)N3CCC(N(C)CC(=O)O)CC3)CC2=O)c1C;CC(NC(=O)C1CCCC1)C(=O)Nc1ccc(CC(=O)N2CCOCC2)cc1;CC(Cc1ccc(NC(O)C2CCCN(C(=O)N3C=CCC3)C2)cc1)C(=O)O;CC(Cc1ccc(NC(=O)C2=CCCN(C(=O)N3CCCC3)C2)cc1)C(O)O;CCN1CCCC1CN1CC(C(=O)NC(Cc2ccccc2)C(=O)O)CC1=O;CC(C)C(=O)N1CC2COCCN2C2(CN(C(=O)COc3ccccc3)C2)C1
m_2ac2ed,CC(=O)N1CSCC1c1nc(-c2ccc(C(=O)NC3CC3)cc2)no1;CCc1nnc(NC(=O)c2ccc3c(c2)C(=O)N(C(C)(C)C)C3=O)s1;CC(O)N1CSC=C1c1nc(-c2ccc(C(=O)NC3CC3)cc2)no1;O=C1CC(NS(=O)(=O)c2cccnc2)C(c2cccnc2)N1C1CC1;Cc1nc(NC(=O)CN2C(=O)C(C)NC(=O)c3ccccc32)sc1C;CC(C)C1NC(=O)c2ccccc2N(CC(=O)Nc2nccs2)C1=O;CC(=O)N1CSC=C1c1nc(-c2ccc(C(O)NC3CC3)cc2)no1;O=C1CN2CCN(C(=O)c3nccs3)CC2COc2ccccc2N1;CC(=O)N1CSCC1c1nc(-c2ccc(C(O)NC3=CC3)cc2)no1;Cc1csc(CCNC(=O)CC2NC(=O)c3ccccc3NC2=O)n1;O=C(O)CSc1nnc2c(n1)OC1(CCCCC1)Nc1ccccc1-2;Cc1ccc(S(=O)(=O)NCC2COCc3nc4cccnc4n32)cc1;CC(=O)N1CSCC1c1nc(-c2ccc(C(O)NC3C=C3)cc2)no1;O=S(=O)(Cc1ccccc1)NCC1COCc2nc3cccnc3n21;CC(=O)CSc1nc2c(c(O)nc(=O)n2C)n1Cc1cccc(C)c1;OC1C(NCc2nccs2)C2COC(O2)C1n1cnc2ccccc21;CCOc1ccc(S(=O)(=O)Nc2ccn(Cc3ccccn3)n2)cc1;COc1ccc(S(=O)(=O)Nc2cc(-c3ccncc3)nn2C)c(C)c1;O=C(O)C(O)C(O)C(O)C(O)COC1OC(CO)C(O)C(O)C1O;N#Cc1cccc(C(=O)N2CCOC(c3cccc(OC(F)F)c3)C2)c1;CC(O)N1CSCC1c1nc(-c2ccc(C(=O)NC3C=C3)cc2)no1;CCN(C(=O)Cn1c(=O)oc2cc(Cl)ccc21)c1ccc(C)c(C)c1;CC(O)N1CSCC1c1nc(-c2ccc(C(=O)NC3=CC3)cc2)no1;CS(=O)(=O)Cc1nc2ccccc2n1CC(=O)NCc1ccccn1;O=C(O)C1CCN(C(=O)c2cc(C3CC3)nc3ccc(Cl)cc23)CC1
m_2b524a,CCn1nccc1CNCC1CCOC2(CCC2)C1;Cc1n[nH]c(C)c1CNC(=O)CC1CCCCC1C;CCCc1nccn1CC(=O)NC1CCCCCC1;Cc1cnn(CCC(=O)NC2(C)CCCCCC2)c1;CC(C)C1CCCN(C(=O)CCc2c[nH]cn2)CC1;CCc1nn(C)cc1CNC(=O)C(C)(C)C1CCC1;CC1(C)CC(NC(=O)Cn2cccn2)CC(C)(C)C1;c1cnn(CC2CN(CC3CCCCC3)CCO2)c1;CC(C)CN(CC(C)C)C(=O)NCc1cccnc1;CC(C)(C)c1c[nH]c(C2COCCN2CC2CC2)n1;CC(C)(C)c1c[nH]c(C2COCCN2C2CCC2)n1;Cc1cc(C2CCCN(CC3CCCCO3)C2)n[nH]1;Cc1ccnc(N2CC(C(C)(C)C)CCC2CO)n1;CC(NC(=O)Cn1cnc2c1CCCC2)C(C)(C)C;CCCCN(C(=O)c1cnc(C)nc1C)C(C)CC;CCOC1CC(NCc2c[nH]nc2C)C12CCCC2;CC(=CCO)CCC=C(C)CCC=C(C)CN=[N+]=[N-];CC(=C=CC(C)(C)C=NNC(N)=O)CCC=C(C)C;N#CCCCN1CCC(C(=O)N2CCCCC2)CC1;CC(C)C1CCCN(C(=O)CCn2cccn2)CC1;Cc1n[nH]c(C(C)C)c1C(=O)N1CCCCC(C)C1;CCCCC1=C2NC(=N)NC3CCC(CC1C)C23O;CCC1CN(Cc2cccnc2)CCN1CC(C)O;CCCCC1(O)C2=C3C(CCC3NC(=N)N2)CC1C;Cc1nnc(CN2CCCC3(CCCCCC3)C2)o1
m_2b7513,Cc1ccccc1CCC(=O)N(CCC(=O)O)CC1CCCO1;Cc1ccc(C)c(CC(=O)N(CCC(=O)O)C2CCOCC2)c1;Cc1ccc(CC(=O)NCC(C(=O)O)C2CCOCC2)cc1C;CCN(C(=O)Cc1cc(C)c(C(=O)O)cc1C)C1CCOCC1;CCN(C(=O)Cc1c(C)ccc(C)c1C(=O)O)C1CCOCC1;CCN(CC1CCCO1)C(=O)CCc1ccc(C(=O)O)cc1C;CCN(CC1CCCO1)C(=O)CCc1cc(C(=O)O)ccc1C;CCN(C(=O)Cc1cc(C)cc(C(=O)O)c1C)C1CCOCC1;Cc1ccccc1C=CC(O)N(CCC(=O)O)CC1CCCO1;CCN(CC1CCCO1)C(=O)CCc1c(C)cccc1C(=O)O;CCN(CC1CCCO1)C(=O)CCc1cccc(C(=O)O)c1C;CC(C)c1ccc(CCC(=O)N2CCOC(CC(=O)O)C2)cc1;Cc1cccc(C2CC(O)C(O)C2NC(=O)C2CCOCC2)c1;O=C(O)CCC1CCCCN1C(=O)COCCc1ccccc1;Cc1ccc(C2CC(O)C(O)C2NC(=O)C2CCOCC2)cc1;COc1cccc(C(CO)C(=O)OC2CC3CCC(C2)N3C)c1;COC1(CO)CCN(C(=O)C2CCc3cc(C)ccc3O2)CC1;CC(C)c1ccccc1C(=O)NCC(C(=O)O)C1CCOCC1;Cc1ccccc1CCC(=O)N(C=CC(O)O)CC1CCCO1;COc1ccc(C2CC(OC(C)=O)CC3CCCCN32)cc1O;COC1CC(CO)N(C(=O)COc2ccc3c(c2)CCCC3)C1;COC1=C(C)C(=O)OC1=C1OC2CCCN3CCCC3C2C1C;CC1C(=O)N(C)C(Cc2ccc3c(c2)CC(C(C)(C)O)O3)C1O;COc1cc2c(c(O)c1OC)C13CCC(OC)CC1N(CC3)C2;CCCCCC=CC=CC=CC(O)=C1C(=O)C(CO)N(C)C1=O
m_2c1f87,Cn1nc(C2CC2)nc1Cn1cnc2c1c(=O)n(C)c(=O)n2C;Cc1nc2n(n1)CC(Nc1c(C#N)c(=O)n(C)c(=O)n1C)CC2;Cc1nnc2n1CC(Nc1c(C#N)c(=O)n(C)c(=O)n1C)CC2;O=C(NCc1n[nH]c(=O)n1C1CC1)Nc1ccc(C2CC2)nn1;COc1nc(C)cc(N(C)Cc2nnc3c(=O)n(C)ccn23)n1;NC(=O)COC1COC2C(NC(=O)N3CCOCC3)COC12;CC(C)C(N)C(=O)NC(C1CN2C(=O)CC2O1)C(O)C(=O)O;CC(C)C(N)C(=O)NC(C(=O)O)C(O)C1CN2C(=O)CC2O1;COc1ccnc(N2CCN(C(=O)c3nccnc3N)CC2)n1;COc1ccc(CC(=O)NC2CCCCC2C(F)(F)F)cc1;O=C(NCCc1ccc(O)cc1)C1CCCCC1C(F)(F)F;O=C(Nc1ccc(CCO)cc1)C1CCCCC1C(F)(F)F;CN(Cc1cccc(O)c1)C(=O)C1CCCCC1C(F)(F)F;CC(C)(NC(=O)c1ccc(C(F)F)c(F)c1)C1CCOCC1;COC(=O)C=CC(=O)NCC(N)C(=O)NC(C(=O)O)C(C)C;Cc1ccc2c(c1)CCC(C(=O)NCC(C)(C)C(F)(F)F)O2;COc1ccc(CCNCc2cc(OC)c3c(c2)OCO3)cc1;CC(CNC(=O)C1CCOCC1)c1ccc(C(F)(F)F)cc1;CN(Cc1ccc(O)cc1)C(=O)C1CCCCC1C(F)(F)F;O=C(NCC1(O)CCCCCC1)c1ccccc1C(F)(F)F;COc1ccc(CCC(=O)Nc2cc(OC)ccc2OC)cc1;COc1ccc(CCNC(=O)COc2ccccc2)cc1OC;O=C(NC1CCCC1CO)c1ccc(CCC(F)(F)F)cc1;COc1ccccc1CNC(=O)COc1ccc(C)cc1OC;COc1ccc(N2C(=O)C3CC(C)=C(C)CC3C2=O)c(OC)c1
m_2c2340,Cc1cc(NC(=O)CN2CCCC(N(C)C)C2)n(C(C)(C)C)n1;Cc1cc(NC(=O)CN2CCCCC2CCN)n(C(C)(C)C)n1;CNC1CCCN(CC(=O)N(C)c2cc(C)nn2C(C)(C)C)C1;CNC1CCCN(CC(=O)Nc2c(C)c(C)nn2C(C)(C)C)C1;Cc1cc(NCCN2CCCCC2CC(N)=O)n(C(C)(C)C)n1;CCn1nc(C)c(CN2CCCC2CN2CC(C)OC(C)C2)n1;Cc1cc(NC(O)CN2C=CCC(N(C)C)C2)n(C(C)(C)C)n1;Cc1cc(NC(O)CN2C=C(N(C)C)CCC2)n(C(C)(C)C)n1;Cc1cc(NC(O)CN2CC=CC(N(C)C)C2)n(C(C)(C)C)n1;Cc1cc(NC(O)CN2CCC=C(N(C)C)C2)n(C(C)(C)C)n1;CN(C)C(CNC(=O)NC1CCC(C)(C)CC1)c1cnn(C)c1;CC(C)c1nn(C)cc1NC(=O)NC1CCN(C(C)(C)C)CC1;CCn1nnc(C)c1CN1CCC(O)(CN2CCCCC2)CC1;CC(C)C1CCN(C(=O)NCC(c2cnn(C)c2)N(C)C)CC1;CCN(C(=O)N1CCC(Cc2n[nH]c(C(C)C)n2)CC1)C(C)C;CC(C)(C)n1ncnc1CN1CCCC(CN2CCOCC2)C1;CCN1CCC(N(C)C(=O)Nc2ccnn2CC(C)C)C(C)C1;CC(C)(C)n1cc(CNC2CCN(CC3CCOC3)CC2)nn1;CC1CCN(CC(O)CN2CCCC(Cn3cncn3)C2)CC1;CC(C)N1CCOC(CN2CCN(Cc3nccn3C)CC2)C1;CCCN1CCCN(C(=O)Nc2c(C)nn(C(C)C)c2C)CC1;Cc1cc(C)n(CCCNC(=O)NC2CCN(C(C)C)CC2)n1;CCN(CC)C1CCN(C(=O)Nc2c(C)nn(C(C)C)c2C)C1;Cc1c(CNC(=O)NC(C)CN2CC(C)CC(C)C2)cnn1C
m_2d1eba,CC1CCC(C)N1C(=O)c1csc(-c2cnccn2)n1;CC1=CCC(C)N1C(O)c1csc(-c2cnccn2)n1;O=C(NC1CC1)C1CCCN1c1ncnc2ccsc12;CC1C=CC(C)N1C(O)c1csc(-c2cnccn2)n1;N#Cc1csc(CNc2nnc(C3CCCCC3)o2)c1;N#Cc1csc(CNc2nnc(CC3CCCC3)o2)c1;CC1CCNC(=O)C1Nc1cc(-c2cccs2)ncn1;COc1ccc2[nH]c3c(c2c1)CCNC3(NC#N)SC;Cc1nnc2n1CCN(C(=O)c1sccc1C1CC1)C2;CC(C)(C)c1nnc(SCc2cn3ccccc3n2)o1;CN1C(=O)CN=C(C2=CCCCC2)c2cc(Cl)ccc21;CC1CCN(C)c2ccccc2N1C(=O)c1csnn1;CC(NC(=O)Nc1nc(-c2ccccc2)ns1)C1CC1;CCSc1ccc(NC(=O)NCc2ccncc2)cn1;CCCCc1ccc(N=Nc2ccc(O)cc2Cl)cc1;C=CCn1c(C)nnc1SCc1cccc(C(N)=O)c1;Fc1ccc(C=Cc2nccc3c2[nH]c2ccccc23)cc1;CC(N)C(=O)OC(=O)C(N)CNC(=O)C1OC1C(N)=O;Cc1ccccc1N1CCN(C(=O)c2cnns2)CC1;Cc1nnc(CC(=O)NCC2(c3ccncc3)CC2)s1;CC(Sc1n[nH]c(-c2ccc3c(c2)CCC3)n1)C(N)=O;CCSc1ccc(NC(=O)NCc2ccccn2)cn1;CC1CN(C)c2ccccc2N(C(=O)c2csnn2)C1;CC(N)C(=O)NC(CNC(=O)C1OC1C(N)=O)C(=O)O;Cc1ccc(CNCc2cccc(C(N)=O)c2)cc1Cl
m_2e265c,CCc1c(C(=O)NC2CCC(=O)NC2c2ccnn2C)ccn1C;CCc1c(C(=O)NC2C=CC(O)NC2c2ccnn2C)ccn1C;CCc1c(C(=O)NCC2CC(c3nnc(C)[nH]3)C=C2O)ccn1C;CCc1c(C(=O)NC2=CCC(O)NC2c2ccnn2C)ccn1C;CCc1c(C(=O)NC2=C(c3ccnn3C)NC(O)CC2)ccn1C;CCc1c(C(=O)NCC2=C(OC)CC(c3nnc[nH]3)C2)ccn1C;CCc1c(C(=O)NCC2C=C(c3nnc(C)[nH]3)CC2O)ccn1C;CCc1c(C(=O)NC=C2CC(c3nnc(C)[nH]3)CC2O)ccn1C;CCc1c(C(=O)NCC2=CC(c3nnc(C)[nH]3)CC2O)ccn1C;CCc1c(C(=O)NCC2CC(c3nnc[nH]3)C=C2OC)ccn1C;CCc1c(C(=O)NCC2=CC(c3nnc[nH]3)CC2OC)ccn1C;CCc1c(C(=O)N(C)CC2=C(O)CC(c3nnc[nH]3)C2)ccn1C;CCc1c(C(=O)NCC2CC(c3nnc[nH]3)=CC2OC)ccn1C;CCc1c(C(=O)NC=C2CC(c3nnc[nH]3)CC2OC)ccn1C;CCc1c(C(=O)N(C)C=C2CC(c3nnc[nH]3)CC2O)ccn1C;CCOc1ccc(CN2CCC(NC(=O)c3ccnn3C)C2)cn1;CCc1c(C(=O)N(C)CC2=CC(c3nnc[nH]3)CC2O)ccn1C;COc1cnccc1C(C)NC(=O)N1CCC(n2ccnc2)CC1;CCc1c(C(=O)N(C)CC2C=C(c3nnc[nH]3)CC2O)ccn1C;CCc1[nH]ccc1C(=O)NC1CCC(=O)N(C)C1c1nccn1C;Cc1ccc(C(=O)NC2CCC(=O)N(C)C2c2cncn2C)n1C;CCc1c(C(=O)NCC2=C(O)CC(c3nnc[nH]3)C2)c(C)cn1C;CCc1c(C(O)NC2C=CC(=O)NC2c2ccnn2C)ccn1C;CCc1c(C(O)NC2=C(c3ccnn3C)NC(=O)CC2)ccn1C;CCc1c(C(=O)NCC2=C(O)CC(c3nnc[nH]3)C2)cc(C)n1C
m_2efd6f,COc1ccc(SCc2ccc(C(N)=O)cc2)cc1;COc1cccc(SCc2ccc(C(N)=O)cc2)c1;COc1cccc(SCc2cccc(C(N)=O)c2)c1;Cc1ccc(SCc2ccc(C(N)=O)cc2)cc1O;COc1ccccc1SCc1ccc(C(N)=O)cc1;Cc1c(O)cccc1SCc1ccc(C(N)=O)cc1;Cc1ccc(O)cc1SCc1ccc(C(N)=O)cc1;Cc1cc(O)cc(SCc2ccc(C(N)=O)cc2)c1;CNC(=O)c1ccc(CSc2cccc(O)c2)cc1;CNC(=O)c1ccc(CSc2ccccc2O)cc1;CNC(=O)c1cccc(CSc2ccccc2O)c1;COc1cc(CSc2ccccc2)ccc1C(N)=O;COc1cc(C(N)=O)ccc1CSc1ccccc1;Cc1ccc(S(=O)(=O)N2CC2c2ccccc2)cc1;Cc1cc(C(N)=O)ccc1CSc1cccc(O)c1;Cc1cc(CSc2cccc(O)c2)ccc1C(N)=O;Cc1ccc(C(=O)Cc2ccc([S+](C)[O-])cc2)cn1;CCS(=O)(=O)CCNC(=O)c1cc(C)ccc1F;N=C(O)C[S+]([O-])C(c1ccccc1)c1ccccc1;CCc1ccc(S(C)(=O)=O)c2c1[nH]c1ccccc12;O=S(=O)(Cc1ccccc1F)NCC1(CO)CC1;C=C(C)CN(C)S(=O)(=O)c1ccc(F)c(OC)c1;Cc1cc(S(=O)(=O)N(CCO)C2CC2)ccc1F;CCS(=O)(=O)C(C)C(=O)Nc1cc(F)ccc1C;O=C(OC1OC(CO)C(O)C(O)C1O)c1ccc[nH]1
m_2f1128,CCc1nsc(N2CCOC(c3ccc(OC(F)F)cc3)C2)n1;Cc1nc(C)c(CNC(=O)NCc2cccc(OC(F)F)c2)s1;C=CCc1cc(CNc2nnc(C(F)F)s2)cc(OC)c1OC;C=CCNC(=O)c1nc(COc2ccc3c(C)cc(=O)oc3c2)no1;COC(=O)c1cn(C(Cc2ccccc2)C(=O)O)cc2c(=O)[nH]nc1-2;NC(=O)C1Cc2ccccc2N1C(=O)COc1ccc([N+](=O)[O-])cc1;Cc1cc(=O)oc2cc(OCc3noc(C(=O)NC4CC4)n3)ccc12;COc1ccc(NC(=O)C(=O)NN=Cc2ccc(C(=O)O)cc2)cc1;CC(=O)Nc1ccccc1C=Cc1cc(C)c([N+](=O)[O-])cc1[N+](=O)[O-];O=S(=O)(c1cnn(CC(F)F)c1)N1CCCCc2ccccc21;Nc1nc(SCCc2ccccc2)nc2sc3c(c12)CCCC3;Cc1cn(CC(=O)Nc2cccc(CC(=O)O)c2)nc1C(F)(F)F;O=S(=O)(NC1CCC(F)(F)CC1)c1cnn(-c2ccccc2)c1;COc1ccc(COC(=O)CN)c2nc3cccc(C(=O)O)c3nc12;O=C(Nc1ccccc1)OCCCCCCCCCBr;CN1CC(c2nc(Cc3ccc(OC(F)(F)F)cc3)no2)CC1=O;CCn1cc(S(=O)(=O)N2CCCc3cc(F)cc(F)c32)nc1C;O=C(NCCS(=O)(=O)NCC1CCC1)c1ccc([N+](=O)[O-])cc1;CC(C)n1cnc(S(=O)(=O)N2CCCc3cc(F)cc(F)c32)c1;Cc1ccc(-c2ncccc2NC(=O)N(CCO)CC(F)F)s1;COC(=O)c1ccc(-c2noc(C(C)NC(=O)c3ccoc3)n2)cc1;CCn1nc(C)c(S(=O)(=O)N2CCc3c(F)cc(F)cc32)c1C;COc1ccc(Nc2nc(Cl)nc(Nc3ccc(C)cc3)n2)cc1;O=C1NC2CSC(CCCCC(=O)ON3C(=O)CCC3=O)C2N1;Cc1nn(C)c(C)c1S(=O)(=O)N1CCCc2cc(F)c(F)cc21
m_2f9ab1,Cn1cc(Cl)cc1C(=O)NC(C)(C(=O)O)C1CC1;Cn1cc(Cl)cc1C(=O)NC1(C(=O)O)CCCC1;Cn1cc(Cl)cc1C(=O)N1CCCC(C(=O)O)C1;Cn1cc(Cl)cc1C(=O)N1CCC(C)(C(=O)O)C1;Cn1cc(Cl)cc1C(=O)N1CCCCC1C(=O)O;Cn1cc(Cl)cc1C(=O)N1CCC(C(=O)O)CC1;Cn1cc(Cl)cc1C(=O)NC(C)(C(O)O)C1C=C1;Cn1cc(Cl)cc1C(=O)NC(C)(C1=CC1)C(O)O;Cn1cc(Cl)cc1C(=O)N1C=C(C(O)O)CCC1;Cn1cc(Cl)cc1C(=O)N1CCC=C(C(O)O)C1;CC(NC(=O)c1c(C(=O)O)c(Cl)cn1C)C1CC1;CC(NC(=O)c1cc(Cl)c(C(=O)O)n1C)C1CC1;Cn1c(C(=O)N2CCCCC2)cc(Cl)c1C(=O)O;Cn1cc(Cl)c(C(=O)O)c1C(=O)N1CCCCC1;Cn1cc(Cl)cc1C(=O)N1C=CCC(C(O)O)C1;Cn1cc(Cl)cc1C(=O)N1CC=CC(C(O)O)C1;Cn1cc(Cl)cc1C(O)N1CCC=C(C(=O)O)C1;Cn1cc(Cl)cc1C(O)NC(C)(C(=O)O)C1C=C1;Cn1cc(Cl)cc1C(O)N1C=C(C(=O)O)CCC1;Cn1cc(Cl)cc1C(O)N1CC=CC(C(=O)O)C1;NC(=O)Nc1cc(Cl)ccc1OCC1CCOC1;Cn1cc(Cl)cc1C(O)NC(C)(C(=O)O)C1=CC1;CC(C)C(NC(=O)Nc1cccc(Cl)c1)C(=O)O;CC(C)C(NC(=O)Nc1ccc(Cl)cc1)C(=O)O;Cn1cc(Cl)cc1C(O)N1C=CCC(C(=O)O)C1
m_30024e,COCc1cccc(CN2CCOCC2C2CCCC2O)c1;COCc1cccc(CN2CCOCC2C2(O)CCCC2)c1;COCc1cccc(CN2CCOCC2C2CCC(O)C2)c1;Cc1ccccc1CN(C)C(=O)C(C)OCC1CCCCO1;CCOC1CC(O)(CNC(=O)C(C)c2ccccc2)C1(C)C;Cc1ccc(CO)cc1CN1CCOCC1C1CCCC1O;Cc1ccc(CN2CCOCC2C2CCCC2O)cc1CO;COc1ccccc1C(C)CC(=O)NC(C)C1(OC)CCC1;Cc1cc(CO)cc(CN2CCOCC2C2CCCC2O)c1;COCC1CCCCN1C(=O)CC(C)c1ccccc1OC;Cc1c(CO)cccc1CN1CCOCC1C1CCCC1O;COCc1ccc(O)c(CN2CCOCC2C2CCCC2)c1;COC1CCCC1C1COCCN1Cc1cccc(CO)c1;Cc1ccc(C)c(OCCN2CCCC(CC(=O)O)CC2)c1;COCc1cccc(CN2CCOCC2C2CCCC2)c1O;COCc1cc(CN2CCOCC2C2CCCC2)ccc1O;COCc1cccc(CN2CCOCC2(O)C2CCCC2)c1;CC(C)CCCCCC(=O)NC(Cc1ccccc1)C(=O)O;COCc1cc(O)cc(CN2CCOCC2C2CCCC2)c1;CCOc1ccc(CCC(=O)NCC2CCCC(O)C2)cc1;CN1C2CCC1CC(OC(=O)C1=CC(O)C3CC1C3(C)C)C2;COCc1cccc(CN2CC(O)OCC2C2CCCC2)c1;CN1C(CCCCCC(=O)O)CC(O)C1Cc1ccccc1;COc1c(C)cc(CN(C)C(=O)CCC2CCCO2)cc1C;COCc1cccc(CN2C(O)COCC2C2CCCC2)c1
m_31ebaa,C#CCOc1cccc(-c2noc(C3CCCN(C(=O)C4CC4)C3)n2)c1;O=C(NC1CN(C(=O)c2cccc(OCc3cccnc3)c2)C1)C1CC1;O=C1N(c2ccccc2)N(c2ccccc2)C(=O)C1(O)N1CCCCC1;O=C(O)C1CC2CCCCC2N1C(=O)c1cnc(-c2ccccc2)nc1;COc1cccc(CCNC(=O)c2ccc3c(c2)nc(C)c(=O)n3C)c1;Cc1cc(F)c(NC(=O)C2CCN(C(=O)N(C)C)CC2)cc1C(=O)O;CC(=O)Nc1cccc2c1ccn2CC(=O)NCCc1ccc(O)cc1;O=C(CCCCCn1cnc2ccccc2c1=O)Nc1cccc(O)c1;Nc1ccc2c(c1)CC(C(=O)O)C1C3CC(CN21)c1cccc(=O)n1C3;O=C(CCCCCn1cnc2ccccc2c1=O)Nc1ccc(O)cc1;O=C(CCc1nc2ccccc2c(=O)[nH]1)NC(CO)Cc1ccccc1;COc1ccccc1CCNC(=O)c1ccc2c(c1)nc(C)c(=O)n2C;COc1ccc(CCNC(=O)CCc2nc3ccccc3[nH]c2=O)cc1;COc1cccc(CCNC(=O)Cn2c(=O)c(C)nc3ccccc32)c1;Nc1ccc2c(c1)CC(C(=O)O)C1C3CC(CN21)Cn1c3cccc1=O;COc1ccc2nc(C3CCN(Cc4ccc5c(c4)OCO5)C3)[nH]c2c1;CC(C)(C)OC(=O)Nc1cc(NC(=O)CNC(=O)C2CC2)ccc1F;COc1ccc2[nH]c(C3CCN(Cc4ccc(C(=O)O)cc4)C3)nc2c1;COc1cc2c(cc1OC)-c1nnc(-c3ccco3)n1C1(CCCC1)C2;O=C(CCC(=O)N1CCc2[nH]c3ccccc3c2C1)NCc1ccco1;COc1ccccc1-c1nnc(C2CCN(Cc3ccccc3O)C2)o1;O=C(CN1C(=O)C2CCc3[nH]c4ccccc4c3C2C1=O)N1CCCC1;COc1ccc(CNC(=O)Cn2ccc3c(NC(C)=O)cccc32)cc1;COc1ccccc1C(=O)NCC1COCc2nc3cc(C)ccc3n21;O=C(O)c1ccc(CN2CCN3C(=O)N(c4ccccc4)CC3C2)cc1
m_328338,CCc1nccn1S(=O)(=O)c1ccc(C)c(C)c1;Cc1ccc(S(=O)(=O)CCc2cn[nH]c2)cc1C;Cc1cc(C)c(S(=O)(=O)n2ccc(C)n2)c(C)c1;CC(C)(C)c1ccc(S(=O)(=O)n2ccnc2)cc1;CC(C)(C)c1ccc(S(=O)(=O)n2cccn2)cc1;N#Cc1ccc(CS(=O)(=O)NC2CCCC2)cc1;CSc1ccc(C)c(C(=O)N2CCNC(=O)C2)c1;O=C1CN(C(=O)c2csc3c2CCCC3)CCN1;O=S1(=O)N=C(N2CCCCCC2)c2ccccc21;N#Cc1ccc(CN2CCCS(=O)(=O)CC2)cc1;CC(=O)C=CC=Cc1csc(C(C)NC(C)=O)n1;O=C(CSc1ccccc1)NC1CCCNC1=O;COC1COCCN(c2nc3ccccc3s2)C1;N#Cc1ccccc1CN1CCCS(=O)(=O)CC1;O=C(O)C(CCS)NCc1c[nH]c2ccccc12;CCSc1ccccc1C(=O)N1CCNC(=O)C1;CCC(NC(=O)c1c(C)noc1C)c1cccs1;CC(NC(=O)NCCO)c1csc2ccccc12;O=C1CCC(C(=O)N(Cc2cccs2)C2CC2)N1;COc1ccc(OCCSc2nccn2C)cc1;Cc1cc2c3c(c1CCCl)C(=O)OC3C(C)(C)C2;C=C1C(=O)OC2C1CCC(=C)C1CC(Cl)C(=C)C12;CC1CCCN(S(=O)(=O)c2cccc(C#N)c2)C1;Cc1cscc1C(=O)N1C2CCC1CC(=O)NC2;CC(=O)NC1(C(N)=O)OC(CO)C(O)C(O)C1O
m_347e26,CCOCC1CCN(Cc2ccc(CO)c3c2OC(F)(F)O3)C1;CCOCC1CCN(Cc2cc(O)c(C)c3c2OC(F)(F)O3)C1;CCOCC1CCN(Cc2c(O)cc(C)c3c2OC(F)(F)O3)C1;CCOCC1CCN(C(O)c2ccc(C)c3c2OC(F)(F)O3)C1;COc1cccc(C(=O)NC2CC(OC(C)C)C2)c1OC(F)F;Cc1ccc(CN2CCC(COCCO)C2)c2c1OC(F)(F)O2;CCOCC1(O)CCN(Cc2ccc(C)c3c2OC(F)(F)O3)C1;Cc1cc(C(=O)NCC2CCC(CO)O2)cc(C)c1OC(F)F;CCOCC1CN(Cc2ccc(C)c3c2OC(F)(F)O3)CC1O;CCOCc1ccc(CN(C)C2CCOC2)c2c1OC(F)(F)O2;Cc1cccc(OC(F)F)c1NC(=O)C(C)OCC1CCCO1;CCOCC1CC(O)N(Cc2ccc(C)c3c2OC(F)(F)O3)C1;CCOC1COCC1N(C)Cc1ccc(C)c2c1OC(F)(F)O2;CCOC(O)C1CCN(Cc2ccc(C)c3c2OC(F)(F)O3)C1;CCOCC1CCN(Cc2ccc(C)c3c2OC(F)(F)O3)C1O;COc1ccccc1C(=O)N1c2ccccc2CCc2ccccc21;Cc1ccc(CS(=O)(=O)NC2CC(C)(C)OC2(C)C)c(F)c1;Cc1ccc(C(=O)NC2(c3ccc(F)cc3)CCOCC2)c(O)c1;COc1ccc(CNC(=O)CCSCc2ccccc2C)cc1;COc1ccc(CNC(=O)CCSCc2ccc(C)cc2)cc1;COc1cccc(C(=O)NC2(c3ccc(F)cc3)CCOCC2)c1;CC(Oc1cccc(CO)c1)C(=O)NC1(c2ccc(F)cc2)CC1;COc1ccccc1C(=O)NC1(c2ccc(F)cc2)CCOCC1;COc1cc(C(=O)N2CCC(Oc3ccccc3)CC2)ccc1F;CS(=O)(=O)c1ccc(CNC2CCc3ccccc3CC2)cc1
m_34c00a,CC1C(=O)NCCN1S(=O)(=O)N1CCCC1c1ccco1;O=C1CCN(S(=O)(=O)N2CCCC2c2ccco2)CCN1;O=C1CCC(NS(=O)(=O)N2CCCC2c2ccco2)CN1;O=C1CCC(CNS(=O)(=O)N2CCCC2c2ccco2)N1;CC1C(O)NC=CN1S(=O)(=O)N1CCCC1c1ccco1;C=CCNC(=O)NCCc1ccc(OC)c(S(N)(=O)=O)c1;NC(=O)CCCNC(=O)NCCS(=O)(=O)c1ccccc1;CC1C(O)NCCN1S(=O)(=O)N1C=CCC1c1ccco1;CCN(CC(=O)NC)S(=O)(=O)c1ccc(C)c(C(N)=O)c1;Cc1cnn(C)c1S(=O)(=O)N1CCC2(CC1)CC2C(=O)O;CC1C(O)NCCN1S(=O)(=O)N1CC=CC1c1ccco1;COc1ccc(NC(=O)CN2CCCN(C)S2(=O)=O)cc1;CC1C(O)NCCN1S(=O)(=O)N1CCC=C1c1ccco1;CC1=CN(S(=O)(=O)N2CCCC2c2cc(N)co2)CCO1;CC1=CN(S(=O)(=O)N2CCCC2c2occc2N)CCO1;CCC(C(=O)O)N1CCN(S(=O)(=O)c2cccnc2)CC1;CC(C)n1cc(S(=O)(=O)N2C3CCC2C(C(=O)O)C3)cn1;CC1CN(S(=O)(=O)N2CC=CC2c2cc(N)co2)CCO1;COC(=O)c1ccc(S(=O)(=O)N2CCN(C)CC2)nc1C;CC1CN(S(=O)(=O)N2CCCC2c2cc(N)co2)C=CO1;CC1CN(S(=O)(=O)N2CCCC2c2ccc(N)o2)C=CO1;CC1CN(S(=O)(=O)N2CC=CC2c2ccc(N)o2)CCO1;CC(C)c1nc(S(=O)(=O)N2CC3(C)CC2(C(=O)O)C3)c[nH]1;CC1CN(S(=O)(=O)N2CCCC2c2occc2N)C=CO1;CC1CN(S(=O)(=O)N2CC=CC2c2occc2N)CCO1
m_34c315,Cc1cc(C)c(N2CCC(NC(=O)CCn3cncn3)C2=O)c(C)c1;Cc1cc(C)c(N2CC=C(NC(=O)CCn3cncn3)C2O)c(C)c1;Cc1cc(C)c(N2C=CC(NC(=O)CCn3cncn3)C2O)c(C)c1;Cc1cc(C)c(N2CCC(NC(O)C=Cn3cncn3)C2=O)c(C)c1;Cc1cc(C)c(N2CC=C(NC(O)CCn3cncn3)C2=O)c(C)c1;Cc1cc(C)c(N2CCC(NC(=O)C=Cn3cncn3)C2O)c(C)c1;O=C(NCCCn1cncn1)C1CC(=O)N(CCc2ccccc2)C1;Cc1cc(C)c(N2C=CC(NC(O)CCn3cncn3)C2=O)c(C)c1;CC(C(=O)NCC1CCN(C(=O)c2ccccc2)CC1)n1cncn1;Cc1ccc(CN2CC(C(=O)NCCCn3cncn3)CC2=O)cc1;COC1CC(c2ncn[nH]2)N(CC(=O)N2CCc3ccccc3C2)C1;Cc1nc(C2CC2)ccc1C(=O)N(C)CC1OCCC1c1ncn[nH]1;CC1CN(Cc2ccccc2)CC1C(=O)Nc1cnn(CC(N)=O)c1;CNC(=O)Cn1nc(NC(=O)NC2CCCc3ccccc32)cc1C;Cc1ccc(C(=O)Nc2cncnc2N(C)C)cc1N1CCOCC1;Cc1cccc(C)c1NC(=O)CN1CCN(c2ncc[nH]c2=O)CC1;CC(C)N1CC(C(=O)NCc2ccccc2Cn2cncn2)CC1=O;Cc1nnc(CN2CCN(C3CCN(c4ccccc4)C3=O)CC2)o1;Cc1ccccc1C1CCN(C(=O)c2cn(CC(=O)N(C)C)nn2)C1;O=C(CCn1cncn1)N1CCN(Cc2ccc3c(c2)CCO3)CC1;O=C(c1ccc(N2CCOCC2)cc1)N1CCCC1Cn1ccnn1;Cn1nc(-c2cccnc2)nc1C1CCC(O)C(NC(=O)C2CC2)C1;CC(C)N1CC(C(=O)NCc2ccc(Cn3cncn3)cc2)CC1=O;Cc1nc(C2CCC(O)C(NC(=O)C3CC3)C2)n(-c2cccnc2)n1;Cc1cc(C)cc(C(=O)NCC(=O)N2CCCCC2c2nc[nH]n2)c1
m_36d3ce,CS(=O)(=O)C1CCN(C(=O)c2ccc3ccccc3c2)C1;O=S(=O)(NC1C=CC(CO)C1)c1cccc2ccccc12;Cc1ccc(CNC(=O)CCc2ccc(C(=O)O)cc2)s1;Cc1ccc(CS(=O)(=O)CC(=O)Nc2ccccc2)cc1;O=C(Cc1cccs1)NCC1(O)CCOc2ccccc21;CS(=O)(=O)C1=CCN(C(O)c2ccc3ccccc3c2)C1;CN(CC(=O)Nc1cc(F)cc(F)c1)c1nccnc1C#N;Cc1cscc1C(=O)NC(c1ccccc1)C(C)C(=O)O;COc1ccc(F)cc1S(=O)(=O)NCC1(O)CCCC1;CS(=O)(=O)C1C=CN(C(O)c2ccc3ccccc3c2)C1;CS(=O)(=O)C1=CN(C(O)c2ccc3ccccc3c2)CC1;Cc1ccccc1CC(CNC(=O)c1cccs1)C(=O)O;Cc1cccc(CC(CNC(=O)c2cccs2)C(=O)O)c1;CC(C)c1ccc(C(=O)O)cc1S(=O)(=O)N(C)CCF;COc1ccc(F)cc1C(C)NC(=O)C(C)S(C)(=O)=O;Cc1ccc(C(C)NC(=O)c2ccc3c(c2)OCCO3)s1;COCc1cccc(S(=O)(=O)N2CC(F)CC2CO)c1;Cc1ccccc1NC(=O)CCS(=O)(=O)c1ccccc1;N#Cc1nccnc1NCCNC(=O)c1c(F)cccc1F;CCC(C(=O)NCc1ccc(C(=O)O)s1)c1ccccc1;Cc1ccc(C(=O)NCC(Cc2ccccc2)C(=O)O)s1;Cc1ccsc1C(=O)NCC(Cc1ccccc1)C(=O)O;Cc1cc(F)cc(S(=O)(=O)NCC(C(=O)O)C(C)C)c1;CC(Cc1cccs1)C(=O)NC(C(=O)O)c1ccccc1;O=C(c1cccc(OCc2cccs2)c1)N1CCC(O)C1
m_370436,Cc1ccccc1CN(C)C(=O)Cc1c[nH]c2ccccc12;Cc1ccccc1CN(C)C(=O)NCC#Cc1ccccc1;Cc1ccc2c(CC(=O)NCc3ccccc3C)c[nH]c2c1;Cc1ccc2[nH]cc(CC(=O)NCc3ccccc3C)c2c1;Cc1ccccc1CN1CCC(c2nc3ccccc3o2)C1;Cc1ccccc1CNC(=O)Cc1c[nH]c2c(C)cccc12;Cc1ccccc1CNC(=O)Cc1c[nH]c2cccc(C)c12;Cc1ccccc1CNC(=O)Cc1c(C)[nH]c2ccccc12;CC(=O)NCCc1c(Cc2ccccc2)[nH]c2ccccc12;Cc1ccc(C)c(CNC(=O)Cc2c[nH]c3ccccc23)c1;Cc1ccc(CNC(=O)Cc2c[nH]c3ccccc23)c(C)c1;Cc1cccc(C)c1CNC(=O)Cc1c[nH]c2ccccc12;Cc1cccc(CNC(=O)Cc2c[nH]c3ccccc23)c1C;OC(CN1CCc2ccccc2C1)c1c[nH]c2ccccc12;CC1(C)c2ccccc2N2CC(=O)NC21Cc1ccccc1;CC(=O)N1CC2c3ccccc3CCN2C1c1ccccc1;CC(C)c1ccc(NC(=O)Cc2c[nH]c3ccccc23)cc1;CCN(Cc1ccc2[nH]ccc2c1)C(=O)c1ccccc1C;Cc1nn(C(=O)C=Cc2ccccc2)c2c1C1C(C2)C1(C)C;C=CC1CN2CCC1CC2C(=O)c1ccnc2ccccc12;CC1=CCC2C(=O)N3CCc4c([nH]c5ccccc45)C3C2C1;CCc1ccc(C(=O)NCCc2c[nH]c3ccccc23)cc1;C=C(C)C1Cc2c(C)nn(C(=O)C=Cc3ccccc3)c2C1;O=C1C2CC=CCC2C2c3[nH]c4ccccc4c3CCCN12;Cc1cccc(C(=O)NCCc2c[nH]c3ccc(C)cc23)c1
m_3883ef,Cc1nc(NC(=O)C(C)N2CCCC(Cn3cncn3)C2)sc1C;CCc1nc(NC(=O)CN2CCCC(Cn3cncn3)C2)sc1C;Cc1nc(NC(O)C(C)N2C=C(Cn3cncn3)CCC2)sc1C;Cc1csc(NC(=O)CN2CCCC(Cn3nc(C)nc3C)C2)n1;Cc1nc(NC(O)C(C)N2CCC=C(Cn3cncn3)C2)sc1C;Cc1nc(NC(O)C(C)N2CC=CC(Cn3cncn3)C2)sc1C;Cc1nc(NC(O)C(C)N2CCCC(=Cn3cncn3)C2)sc1C;Cc1cc(C)n(CC2CCCCN2CC(=O)Nc2nnc(C)s2)n1;Cc1nc(NC(O)C(C)N2C=CCC(Cn3cncn3)C2)sc1C;Cn1cnnc1C1CCN(C(=O)Nc2ncc(C(C)(C)C)s2)CC1;O=S(=O)(O)OC1CCCC1CNC(O)C(C1CC1)N1CCCC1;CCc1nc(C2CCN(C(=O)Nc3ncc(C(C)C)s3)CC2)n[nH]1;C=C1C2CCC(C3(C)CCCC4(C)C(=O)OC(=O)C43)C(C=O)(C2)C1F;Cn1ncnc1C1(O)CCN(c2nc(C3CCCCC3)ns2)CC1;Cc1nn(C)c(C)c1NC(=O)CN1CCN(c2nccs2)C(C)C1;CC(C)=CCCC(C)=CCOc1ccc2c(c1)oc(=O)c1ccccc12;C#CC=CC(O)CCCC=CC#CC#CCCCC#CC#CC(O)CO;C#CC=CCCCC(O)C=CC#CC#CCCCC#CC#CC(O)CO;C#CC=CCCCCC=CC#CC#CC(O)CCC#CC#CC(O)CO;C=C=CCOc1ccc(COCc2ccc3c(c2)CC(C(=C)C)O3)cc1;CC(C)=CCOc1ccc2c(c1)OC(=Cc1ccc(C(C)C)cc1)C2=O;C#CC=CCC(O)CCC=CC#CC#CCCCC#CC#CC(O)CO;CC(C)=CCOc1ccc2c(C)c(Cc3ccccc3)c(=O)oc2c1C;Cc1cc2oc(=O)c(Cc3ccccc3)c(C)c2c2c1CCC(C)(C)O2;CC(C)=CCOc1cc(C)cc2oc(=O)c(Cc3ccccc3)c(C)c12
m_38941f,Cc1ccccc1C1CC1NC(=O)c1c(C)nc(C(C)(C)C)[nH]c1=O;Cc1nc(C(C)(C)C)[nH]c(=O)c1C(=O)N1CCc2ccccc2CC1;CC1c2ccccc2CCN1C(=O)c1cn(C)nc1C1CCOCC1;O=C(CCc1nnc(C2CCCC2)o1)NC1CCCc2ccccc21;CC1(C)CN(C(=O)CCc2nnc(C3CCCC3)o2)c2ccccc21;O=C(CCc1nnc(C2CCCC2)o1)NC1(c2ccccc2)CCC1;CCc1n[nH]c(=O)c(C(=O)N(C)C2CCc3ccccc3C2)c1CC;Cc1ccc2c(c1)CCN(C(=O)NCc1ccnc(OC(C)C)c1)C2;Cc1nc(C(C)(C)C)[nH]c(=O)c1C(O)N1C=Cc2ccccc2CC1;Cc1c(C2CN(Cc3ccc(C4CC4)cc3)CC2C(=O)O)cnn1C;Cc1ccccc1C1=C(NC(O)c2c(C)nc(C(C)(C)C)[nH]c2=O)C1;Cc1cc(CN2CCN(C(=O)C3(c4ccccc4)CCC3)CC2)no1;CC1C(c2ccccc2)CCN1C(=O)c1ncoc1C1CCNCC1;Cc1ccccc1C1C=C1NC(O)c1c(C)nc(C(C)(C)C)[nH]c1=O;CC1CN(Cc2ccccc2)CCCN1C(=O)c1cccn(C)c1=O;O=C(NCc1ccncc1)N(CCCO)C1CCCc2ccccc21;Cc1nc(C(=O)N2CCc3ccc(C(C)(C)C)cc3C2)c(=O)[nH]c1C;Cc1ccccc1C1=CC1NC(O)c1c(C)nc(C(C)(C)C)[nH]c1=O;CC(C)(C)c1ccc(CCC(=O)N2CCc3nc[nH]c(=O)c3C2)cc1;Cc1nc(C(=O)N2CCc3cc(C(C)(C)C)ccc3C2)c(=O)[nH]c1C;CC(CO)NC(=O)C1C=C2c3cccc4c3c(cn4C)CC2N(C)C1;Cc1ocnc1C(=O)N1CCCC1C1CCCN1Cc1ccccc1;CC(=O)NCc1ccc(C(=O)NC(c2ncccc2C)C(C)C)cc1;CCC1CN(c2ccccc2)CCN1C(=O)c1ncc(C)cc1OC;Cc1cccnc1CNC(=O)N(CCO)C1CCCc2ccccc21
m_3a5731,O=C(O)CCN(Cc1ccccc1)C(=O)C1C2Cc3ccccc3C21;O=C(C1C2Cc3ccccc3C21)N(C=CC(O)O)Cc1ccccc1;O=C(CC1(C(=O)O)Cc2ccccc2C1)Nc1ccc2c(c1)CCC2;CCN(Cc1ccc(C(=O)O)cc1)C(=O)C1C2Cc3ccccc3C21;O=C(O)C1CCN(C(=O)Cc2ccc3c(c2)CCC3)c2ccccc21;CCN(Cc1ccccc1)C(=O)C1C2Cc3cc(C(=O)O)ccc3C21;COc1cc2ccccc2cc1C(=O)N(CCO)Cc1ccccc1;CCN(Cc1cccc(C(=O)O)c1)C(=O)C1C2Cc3ccccc3C21;CCN(Cc1ccccc1C(=O)O)C(=O)C1C2Cc3ccccc3C21;O=C(O)C1CN(C(=O)c2cccc3c2CCC3)CC1c1ccccc1;CN(Cc1ccc(C(=O)O)cc1)C(=O)C1CC12CCc1ccccc12;CCN(Cc1ccccc1)C(=O)C1C2Cc3ccc(C(=O)O)cc3C21;O=C(O)CCN(Cc1ccccc1)C(O)C1C2=Cc3ccccc3C21;O=C(O)CCN(Cc1ccccc1)C(O)C1=C2Cc3ccccc3C21;COCc1ccc(NC(=O)C(C)Oc2cccc3ccccc23)cc1;CCN(Cc1ccccc1)C(=O)C1C2Cc3cccc(C(=O)O)c3C21;O=C(O)Cc1cccc(C(=O)N(C2CC2)C2CCc3ccccc32)c1;CCN(Cc1ccccc1)C(=O)C1C2Cc3c(C(=O)O)cccc3C21;O=C(O)C1CN(C(=O)c2ccc3c(c2)CCC3)CC1c1ccccc1;Cc1cccc2cc(C(=O)N3CCC(CO)(c4ccccc4)C3)oc12;CC1c2ccccc2C(C)(C)CC2c3cccc(C(=O)O)c3C(=O)N12;O=C(O)CCN(Cc1ccccc1)C(O)C1C2=C1c1ccccc1C2;O=C(O)c1ccc(CC(=O)N(C2CC2)C2CCc3ccccc32)cc1;O=C(C1C2=Cc3ccccc3C21)N(CCC(O)O)Cc1ccccc1;O=C(C1C2=C1c1ccccc1C2)N(CCC(O)O)Cc1ccccc1
m_3aa487,COc1cccc(CCC(=O)NC2CC(O)C2n2cccn2)c1F;COc1ccc(CCC(=O)NC2CC(O)C2n2cccn2)cc1F;COc1ccc(CCC(=O)NC2CC(O)C2n2cccn2)c(F)c1;COc1ccc(F)c(CCC(=O)NC2CC(O)C2n2cccn2)c1;COc1cc(F)cc(CCC(=O)NC2CC(O)C2n2cccn2)c1;COc1c(F)cccc1CCC(=O)NC1CC(O)C1n1cccn1;COc1ccc(F)cc1CCC(=O)NC1CC(O)C1n1cccn1;COc1cccc(F)c1CCC(=O)NC1CC(O)C1n1cccn1;COc1cccc(CCC(=O)NC2C(O)CC2n2cccn2)c1F;Cc1ccc(CCC(=O)NC2CC(O)C2n2cccn2)c(F)c1O;COc1ccc(CCC(=O)NC2C(O)CC2n2cccn2)cc1F;Cc1c(CCC(=O)NC2CC(O)C2n2cccn2)ccc(O)c1F;COc1ccc(CCC(=O)NC2(O)CCC2n2cccn2)cc1F;Cc1cc(O)c(F)cc1CCC(=O)NC1CC(O)C1n1cccn1;COc1ccc(CCC(=O)NC2CCC2(O)n2cccn2)cc1F;COc1cccc(CCC(=O)NC2CCC2(O)n2cccn2)c1F;Cc1cc(CCC(=O)NC2CC(O)C2n2cccn2)cc(F)c1O;COc1cccc(CCC(=O)NC2(O)CCC2n2cccn2)c1F;Cc1cc(O)c(F)c(CCC(=O)NC2CC(O)C2n2cccn2)c1;Cc1ccc(O)c(F)c1CCC(=O)NC1CC(O)C1n1cccn1;COc1ccc(CCC(=O)NC2CCC2n2cc(O)cn2)cc1F;COc1ccc(CCC(=O)NC2CCC2n2ccc(O)n2)cc1F;COc1ccc(CCC(=O)NC2CCC2n2nccc2O)cc1F;COc1cccc(CCC(=O)NC2CCC2n2cc(O)cn2)c1F;COc1cccc(CCC(=O)NC2CCC2n2ccc(O)n2)c1F
m_3ae355,Cc1nc(N2CCN(c3ccncc3)C(C)C2)c(Cl)cc1C#N;CC(C)c1c(NCc2cncnc2)cnn1-c1ccccc1Cl;CN1CCC(CNc2ncc(C#N)cc2Cl)C1c1cccnc1;Cc1ccc(N2CCCN(c3ccc(C#N)c(Cl)c3)CC2)nn1;COc1ccc(-c2cc(=Nc3ccccc3)c3ccccc3o2)cc1;O=c1c(Cc2ccccc2)c(O)c2ccccc2n1-c1ccccc1;CN(C)c1ccc(S(=O)(=O)N2CCCCC2CC(=O)O)cn1;CNc1ccc(S(N)(=O)=O)cc1NC(=O)CC1(OC)CCC1;CSc1nc(C)cc(N(C)C2CN(c3nccnc3C#N)C2)n1;Cc1cc(Cl)ccc1-n1ncc2c(N3CCCCC3)ncnc21;CCOC(=O)c1ccc(N2CCC(NS(C)(=O)=O)CC2)nc1;CCC12OC(=O)C1(C(O)C1C=CCCC1)NC(=O)C2CCCl;COc1ccc(C=CC(=O)c2ccc3[nH]c4ccccc4c3c2)cc1;Cc1ccc(Cl)cc1N1CCN(c2nccn3nccc23)CC1;Clc1ccc(Cn2ncc3c(N4CCCCC4)ncnc32)cc1;CC(C)Cn1cnc(S(=O)(=O)N2C3CCC2C(C(=O)O)C3)c1;Cn1cnc2ncnc(N3CC4CN(c5nccs5)CC4C3)c21;O=C(CCc1ccc(C(=O)O)cc1)NC1(c2ccc(F)cc2)CC1;O=C(O)CN(C(=O)CCc1cc(F)ccc1F)C1CCOCC1;COC1CC2C(=O)N3CCC(NC(=O)CSC)C3C(=O)N2C1;CCN1CCCn2cc(S(=O)(=O)N3CCOCC3)cc2C1=O;O=C(O)C1CN(C(=O)Cc2ccc(F)cc2)CC1c1ccccc1;CCn1cc(S(=O)(=O)N2CCN(C3CC3)CC2)cc1C(=O)O;O=C(NN1CCCCCC1)NS(=O)(=O)c1ccc(CO)cc1;Cc1ccc(-n2c(=O)c3ccccc3c3ccccc3c2=O)c(C)c1
m_3aecdc,COCC1(C(=O)O)CCCN1S(=O)(=O)c1cccc2c1OCCCO2;O=C(O)C1(CNS(=O)(=O)c2ccc3c(c2)OCCCO3)CCOCC1;Cc1cc2c(c(S(=O)(=O)N3CCCC3(CO)C(=O)O)c1)OCCCO2;COCC1CCCN1S(=O)(=O)c1c(C(=O)O)ccc2c1OCCCO2;COCC1CCCN1S(=O)(=O)c1cc(C(=O)O)cc2c1OCCCO2;Cc1ccc2c(c1S(=O)(=O)N1CCCC1(CO)C(=O)O)OCCCO2;Cc1ccc(S(=O)(=O)N2CCCC2(CO)C(=O)O)c2c1OCCCO2;COc1cc(C)c2c(c1S(=O)(=O)N1C(C)CCC1C(=O)O)OCCO2;CCOCC1CCC(C(=O)O)N1S(=O)(=O)c1cccc2c1OCCO2;COc1cc(S(=O)(=O)N2C(C)CCC2C(=O)O)c2c(c1C)OCCO2;COCC1CCCN1S(=O)(=O)c1ccc(C(=O)O)c2c1OCCCO2;CC1CN(S(=O)(=O)c2cc3c(cc2C(=O)O)OCCCO3)CC1CO;CC1CN(S(=O)(=O)c2cc3c(c(C(=O)O)c2)OCCCO3)CC1CO;CCOc1ccc2c(c1S(=O)(=O)N1C(C)CCC1C(=O)O)OCCO2;CCOc1ccc(S(=O)(=O)N2C(C)CCC2C(=O)O)c2c1OCCO2;CCOC1CC(C(=O)O)N(S(=O)(=O)c2cccc3c2OCCO3)C1C;COc1c(C)cc(S(=O)(=O)N2C(C)CCC2C(=O)O)c2c1OCCO2;COc1c(C)cc2c(c1S(=O)(=O)N1C(C)CCC1C(=O)O)OCCO2;CC1CN(S(=O)(=O)c2ccc3c(c2C(=O)O)OCCCO3)CC1CO;CCOc1cc2c(c(S(=O)(=O)N3C(C)CCC3C(=O)O)c1)OCCO2;COc1cc(C)c(S(=O)(=O)N2C(C)CCC2C(=O)O)c2c1OCCO2;COc1cc2c(c(S(=O)(=O)N3C(C)CCC3C(=O)O)c1C)OCCO2;CCOC1COc2cccc(S(=O)(=O)N3C(C)CCC3C(=O)O)c2O1;CCOC1CC(C)N(S(=O)(=O)c2cccc3c2OCCO3)C1C(=O)O;CCOC1COc2c(cccc2S(=O)(=O)N2C(C)CCC2C(=O)O)O1
m_3ba5ce,Cc1cc(C)n(CC(=O)Nc2ccnn2C2CCCC2)n1;CCn1ccnc1CNC(=O)c1ccnn1C1CCCC1;Cc1c(CNC(=O)c2c(C3CCC3)cnn2C)cnn1C;Cc1n[nH]c(C)c1CNC(=O)c1c(C2CCC2)cnn1C;Cc1cc(C)n(CC(O)Nc2ccnn2C2CC=CC2)n1;Cc1nn(C)cc1CNc1cccnc1N1CCOCC1;Cc1n[nH]c(C)c1CNC(=O)c1cnc(C(C)(C)C)nc1;Cc1cc(C)n(CC(O)Nc2ccnn2C2C=CCC2)n1;CCc1nn(C)cc1C(=O)NCC1CCn2ccnc2C1;CCCc1[nH]ncc1C(=O)NCC1CCc2nccn2C1;Cc1cc(C)n(CC(O)Nc2ccnn2C2=CCCC2)n1;CCc1nn(C)cc1C(=O)NCC1CCc2nccn2C1;CCn1cc(C2OCCC2CNc2ccnc(C)n2)cn1;Cc1nc2c([nH]1)CCC(C(=O)NCCCn1cccn1)C2;CN(Cc1nccn1C)C(=O)c1ccn(C2CCCC2)n1;Cc1nc2c([nH]1)CCC(C(=O)NC(C)Cn1cccn1)C2;CCn1nccc1C(=O)N1CCCC(c2nccn2C)C1;Cc1nn(C)c(C)c1CC(=O)NC1CCc2nccn2C1;Cc1ccc(OC2CCN(Cc3nncn3C)CC2)nc1;Cc1cc(C2CCCN(C(=O)CCn3ccnc3)C2)n[nH]1;N#CCCn1ccc(NC(=O)N2CCCC2C2CCC2)n1;Cc1cc(C)nc(NC2CCOC(c3ccnn3C)C2)n1;CC(NC(=O)c1cc2n(n1)CCC2)c1cnn(C(C)C)c1;CCc1c(NC(=O)c2ccnnc2)cnn1CCC(C)C;Cc1cc(N2CCCC(Cc3noc(C)n3)C2)nc(C)n1
m_3ce578,Cc1c(C(=O)Nc2ccc(C(=O)NC3CC3)cc2)cnn1-c1ccccc1Cl;Cc1c(C(=O)Nc2ccc(C(O)NC3C=C3)cc2)cnn1-c1ccccc1Cl;Cc1c(C(=O)Nc2ccc(C(O)NC3=CC3)cc2)cnn1-c1ccccc1Cl;Cc1cc(C(=O)Nc2ccc3c(c2)C(=O)N(C)CC3)nn1-c1cccc(Cl)c1;Cc1cn(-c2ccccc2Cl)nc1C(=O)Nc1ccc2c(c1)CCCC(=O)N2;Cc1cn(-c2ccccc2Cl)nc1C(=O)Nc1ccc2c(c1)CCC(=O)N2C;Cc1c(C(O)Nc2ccc(C(=O)NC3=CC3)cc2)cnn1-c1ccccc1Cl;Cc1c(C(O)Nc2ccc(C(=O)NC3C=C3)cc2)cnn1-c1ccccc1Cl;Cc1cc(NC(=O)c2cc(N3CCCC3=O)ccc2Cl)n(-c2ccccc2)n1;O=c1oc2cc(OCc3cccc(Oc4ccccc4)c3)ccc2c2ccccc12;O=C(CCc1nc2ccccc2[nH]c1=O)NCCc1c[nH]c2ccc(Cl)cc12;COc1cc(C(=O)NCCc2ccc(S(N)(=O)=O)cc2)cc(OC)c1OC;COc1cc2c(cc1OC)CC(=O)N(CC(=O)NC1CCS(=O)(=O)C1)C=C2;O=c1cc(-c2ccccc2)oc2cc(OCc3cccc4ccccc34)cc(O)c12;Cc1ccc(C(=O)c2oc3ccc4c(C)cc(=O)oc4c3c2-c2ccccc2)cc1;CC(NC(=O)c1ccn(-c2cccc(Cl)c2)n1)c1ccc2c(c1)CCC(=O)N2;O=C(C=Cc1ccccc1)Oc1ccc2c(c1)OC(=CC=Cc1ccccc1)C2=O;COc1cc(O)cc(C2OCC(Cc3ccc(O)c(OC)c3)C2(O)CCl)c1;CC(O)C1N=C(Nc2ncnc3c2ncn3C2OC(CO)C(O)C2O)OC1=O;C=C(CCl)C1CCC2=CC(CC(C)(O)C(O)c3cc(C=O)c(o3)C1)OC2=O;CC(C)(C)c1ccc(S(=O)(=O)N2CCN(c3ncncc3Cl)CC2)cc1;COc1cc(S(=O)(=O)N2CCN(C(=O)c3ccco3)CC2)c(OC)cc1C;O=c1[nH]c(CN2CCC(c3nc4ccccc4o3)CC2)nc2ccc(Cl)cc12;COc1cc(O)cc(C2OCC(Cc3ccc(OC)c(O)c3)C2(O)CCl)c1;CC1CC=CCCC=CC(O)CC(=O)Cc2c(Cl)c(O)cc(O)c2C(=O)O1
m_3d62dd,Cc1ccc(CNC(=O)N2CCCC2C(C)(C)O)c(N(C)C)c1;Cc1ccc(CNC(=O)N2CCC(C)(CO)CC2)c(N(C)C)c1;CNc1c(CNC(=O)N2CCC(C)(CO)CC2)ccc(C)c1C;CNc1cc(C)c(C)cc1CNC(=O)N1CCC(C)(CO)CC1;CNc1cc(C)c(C)cc1CNC(=O)N1CCCC1C(C)(C)O;Cc1ccc(CNC(=O)N2CCC(C)(C)C(O)C2)c(N(C)C)c1;CNc1c(CNC(=O)N2CCCC2C(C)(C)O)ccc(C)c1C;CNc1cc(C)cc(C)c1CNC(=O)N1CCC(C)(CO)CC1;Cc1ccc(CNC(=O)N2CCC(O)C2C(C)C)c(N(C)C)c1;Cc1ccc(CNC(=O)N2CCCC2C(C)CO)c(N(C)C)c1;Cc1ccc(CNC(=O)N2CC(O)CC2C(C)C)c(N(C)C)c1;CNc1cc(C)cc(C)c1CNC(=O)N1CCCC1C(C)(C)O;Cc1ccc(CNC(=O)N2CCC(C)(C)CC2O)c(N(C)C)c1;Cc1ccc(CNC(=O)N2CCCC2(O)C(C)C)c(N(C)C)c1;Cc1ccc(CNC(=O)N2C(O)CCC2C(C)C)c(N(C)C)c1;CNc1cc(C)ccc1CN(C)C(=O)N1CCC(C)(CO)CC1;CCC1(CO)CCN(C(=O)NCc2ccc(C)cc2NC)CC1;CNc1cc(C)ccc1CN(C)C(=O)N1CCCC1C(C)(C)O;CCC1(C)CN(C(=O)NC(c2ncccc2C)C(C)C)CCO1;COC1CCCCC1NC(=O)NCc1ccc(CN(C)C)cc1;CNc1cc(C)ccc1CNC(=O)N1CCCC1C(C)(C)OC;Cc1cccnc1C(NCC(=O)N1CC(C)OC(C)C1)C(C)C;CN(C)c1cc(CO)ccc1CNC(=O)N1CCC(C)(C)CC1;Cc1ccc(CNC(=O)N2CCC(C)(C)CC2)c(N(C)CO)c1;Cc1ccc(CNC(O)N2C=CC(C)(CO)CC2)c(N(C)C)c1
m_3db789,CS(=O)(=O)CCn1ccc(NC(=O)c2ccc3ccccc3c2)n1;CS(=O)(=O)C=Cn1ccc(NC(O)c2ccc3ccccc3c2)n1;CC(C)(C)c1noc(CN2c3cccc4cccc(c34)S2(=O)=O)n1;CCCCc1noc(CN2c3cccc4cccc(c34)S2(=O)=O)n1;COc1cc(F)c(S(=O)(=O)Nc2ccnn2C(C)C)cc1OC;CS(=O)(=O)CCC(=O)Nc1ccc(-n2cnc3ccccc32)cc1;CS(=O)(=O)c1ccc2ncnc(NC(CO)c3ccccc3)c2c1;COc1c(C)cc(=O)oc1C=CC=CC=CC=Cc1[nH]ccc1Cl;COc1cc(C=CC=CC=CC=Cc2[nH]ccc2Cl)oc(=O)c1C;CCCS(=O)(=O)c1ccccc1C(=O)Nc1nc2ccccc2[nH]1;Cc1sc(NC(=O)CN2C(=O)C3CC=CCC3C2=O)c(C#N)c1C;Cc1nc(C)c(C(=O)NC(Cc2c[nH]c3ccccc23)C(=O)O)s1;O=c1c2cnn(-c3ccccc3)c2nnn1Cc1nccn1C(F)F;Cc1nc(CC(=O)NC(Cc2c[nH]c3ccccc23)C(=O)O)cs1;C=CCn1c(C)nnc1SCc1cc(=O)oc2c(C)c(O)ccc12;CC(=O)NCC[SH+]([O-])C1=C(C(=O)O)N2C(=O)C(=C(C)CO)C2C1;Cc1c(-c2ccc(Cl)cc2)c(=O)oc2c(CN(C)C)c(O)ccc12;CCCc1nnc(NC(=O)c2cc(=O)c3cc(C)cc(C)c3o2)s1;Cc1cc(=O)oc2c(CN(C)Cc3ccccc3)c(O)c(Cl)cc12;Cc1oc2c(CN(C)C)c(O)ccc2c(=O)c1-c1ccc(Cl)cc1;CCCc1nnc(NC(=O)c2cc(=O)c3cc(C)c(C)cc3o2)s1;[2H]C(=CC(=O)C(=O)C(O)C(O)C(O)C(O)CO)c1ccc(O)c(O)c1;COc1cccc(CNc2ncnc3ccc(S(C)(=O)=O)cc23)c1;C=CCN(C(=O)c1ccc(C(=O)O)cn1)c1nc2c(s1)CCCC2;COc1ccc(S(=O)(=O)Nc2nnc(C(C)(C)C)o2)c(C)c1F
m_3dc915,COCCN1CCC(CNC(=O)N2CCCCC2c2cn[nH]c2)C1;CC(C)COC(=O)N1CCN(Cc2nnc(C3CCC3)n2C)CC1;CCCn1cc(CN2CCCN(C(=O)N3CCOCC3)CC2)cn1;COC1CC(C(=O)N2CCCN(Cc3cnn(C)c3)CC2)N(C)C1;COC1CCC(NC(=O)N2CCCN(Cc3cnn(C)c3)CC2)C1;CC(C)c1nnc2n1CCN(C(=O)NCC1CC(C)(C)CO1)C2C;CNC(=O)C(CC(C)C)N1CCCC1C(=O)NCCc1c[nH]cn1;C=C(C)CN1C(=O)C2C(NC3N(CC(C)C)C(C)CN23)N(C)C1=O;CN(C)C(CNC(=O)CN1CCCCCCC1=O)c1cnn(C)c1;CCCNC(=O)CN1CCC(NC(=O)c2cc(C(C)C)[nH]n2)CC1;COCC1CC(n2cc(NC(C)=O)cn2)CN1C1CCN(C)CC1;CC1CC(CNC(=O)N2CCn3c(C(C)C)nnc3C2C)CCO1;CCNC(=O)N1CCC(NC2CCCOC2c2cnn(C)c2)CC1;CC(C)C1CN(C)CCN1C(=O)Cc1nnc(C2CCOCC2)[nH]1;CC(C)NC(=O)C1CN2CCC1CC2Cn1cc(C(C)(C)O)nn1;CCN(C(=O)CN1CCOC(c2nncn2C)C1)C1CCCCC1;CCC(C)C(=O)NCC(=O)N1CCCC1c1nncn1CC(C)C;CCC1CCCCN1C(=O)Cn1cc(CN2CCC(O)CC2)nn1;COCCn1ccc(NC(=O)NC2CCN(C3CCCC3)CC2)n1;Cc1noc(CN2CCN(CCC(=O)NC3CCCCC3)CC2)n1;CCC1(C)CN(C(=O)NC2CCc3nc(C(C)C)nn3C2)CCO1;Cc1nonc1CNC(=O)N1CCCC(CN2CCC(C)CC2)C1;CN1CCN(C(=O)CCN2CC(CO)C(c3cnn(C)c3)C2)CC1;CCOC(=O)N1CCC(NC2CCCn3nc(C(C)C)nc32)CC1;CCN1CCOC(CN2CCN(C(=O)Cc3cc(C)[nH]n3)CC2)C1
m_3f6bab,CNC(=O)CSc1nc2ccccc2c2nc3ccccc3n12;Cc1ccc2c(c1)nc(SCC(N)=O)n1c3ccccc3nc21;Cc1cccc2nc3c4ccccc4nc(SCC(N)=O)n3c12;Cc1cccc2c1nc1c3ccccc3nc(SCC(N)=O)n21;Cc1ccc2nc(SCC(N)=O)n3c4ccccc4nc3c2c1;Cc1ccc2c(c1)nc1c3ccccc3nc(SCC(N)=O)n21;Cc1ccc2nc3c4ccccc4nc(SCC(N)=O)n3c2c1;Cc1cccc2c1nc(SCC(N)=O)n1c3ccccc3nc21;Cc1cccc2nc(SCC(N)=O)n3c4ccccc4nc3c12;CC1(C)C(=O)C(=Cc2ccc(Cl)cc2Cl)C2CC1C2(C)C;O=C1CCCN1c1cccc(-c2csc(-c3cnccn3)n2)c1;CCN(CC)c1c([N+](=O)[O-])cc(C(F)(F)F)c(N)c1[N+](=O)[O-];O=C1CCCN1c1ccc(-c2csc(-c3cnccn3)n2)cc1;Cc1cc(Sc2ncccn2)ccc1NC(=O)c1ccncc1;Cc1nc2ccccc2nc1Cn1cnc2c(C)csc2c1=O;Cc1ocnc1CNc1ncnc2sc(-c3ccccc3)cc12;CC1OC(O)C(OC2OC(C(=O)O)=CC(O)C2O)C(O)C1O;COc1nc(-n2nc(C)c(C(=O)O)c2OC)nc(C)c1C(=O)O;O=C(Nc1nc(-c2ccccc2)cs1)c1cc(C2CC2)ncn1;CC(O)C(O)C(O)C(C=O)OC1OC(C(=O)O)=CC(O)C1O;COCCN(Cc1cccnc1)C(=O)c1ccc(Cl)cc1F;CN1CCC(NC(=O)c2ccco2)C1c1ccc(Cl)c(F)c1;Cn1c(SCc2nc3ccccc3[nH]2)nc(=O)c2ccccc21;O=C(Nc1nc(C2CC2)cs1)c1cnc(-c2ccccc2)nc1;Cn1c(CSc2nc(=O)c3ccccc3[nH]2)nc2ccccc21
m_3f8028,CN(C)C(=O)c1ccc(NCc2ccncc2)cc1;CCNC(=O)c1ccc(NCc2ccncc2)cc1;CNC(=O)c1ccc(N(C)Cc2ccncc2)cc1;CNC(=O)c1ccc(NCc2ccncc2)c(C)c1;CNC(=O)c1ccc(NCc2ccnc(C)c2)cc1;CNC(=O)c1ccc(NCc2ccncc2)cc1C;CNC(=O)c1ccc(NCc2ccncc2C)cc1;Cc1cncc(C(=O)N(c2cccnc2)C(C)C)c1;CCN(C(=O)c1ccc(C)nc1)c1cccnc1C;CNC(=O)c1ccc(C)c(NCc2ccncc2)c1;Cc1cccnc1NC(=O)c1cccc(N(C)C)c1;CNCC(=O)Nc1c2c(nc3ccccc13)CCC2;CCC(=O)Nc1c2c(nc3ccccc13)N(C)CC2;Cc1ccc(CNC(=O)NCc2cccnc2)cc1;Cc1ccccc1CNC(=O)NCc1cccnc1;CCc1ncnc(N2CCOCC2CCO)c1F;CCn1c(=O)c2c(c3ccccc31)NCCN=C2C;COc1ccc2c(c1)c1c3n2CCN(C)C3=NCC1;CCN(C)c1ccc(C(=O)Nc2cccnc2)cc1;Cc1noc(C)c1CN(C)C(=O)C1(F)CCNC1;Cc1ccccc1NC(=O)Cn1ccnc1C1CC1;CC1CCCN1c1cc(C(N)=O)c2ccccc2n1;CC1=NCC(C)Nc2c1c(=O)n(C)c1ccccc21;CN(C(=O)C1CCn2ccnc2C1)c1ccccc1;COc1ccc2c(c1)cc1n2CCN2CCCN=C12
m_3ff7be,Cc1ccc2c(c1)OC(C)CN2C(=O)Cc1c(C)nn(C(F)F)c1C;Cc1nn(C(F)F)c(C)c1CC(=O)N1Cc2ccccc2OCC1C;CC1=CN(C(O)Cc2c(C)nn(C(F)F)c2C)c2ccc(C)cc2O1;Cc1ccc2c(c1)C(NC(=O)c1nn(CC(C)C)cc1C(F)F)CO2;NC(N)=NCC(O)CC(NCCNC(CC(=O)O)C(=O)O)C(=O)O;Cc1n[nH]c(C)c1C1COCCN1C(=O)Cc1cccc(C(F)F)c1;NC(CO)C1NC(=NC2OC(CO)C(O)C(O)C2N)NC1C(=O)O;Cc1cc(C)n(Cc2ccc(C(=O)N3CC(F)(F)CC3CO)cc2)n1;Cc1c(C2OCCC2C(=O)NCCc2ccc(F)c(F)c2)cnn1C;CC(C)Cn1ncc(C(=O)NC2CCOc3ccccc32)c1C(F)F;O=C(CC1OC(CNC(=O)C2CC2)C(O)C1O)NCc1cccnc1;Cc1nn(C)c(C)c1C(=O)NC1(c2ccc(F)cc2F)CCOCC1;COc1ccccc1-n1ncc(C(=O)NCC2CCCC2(F)F)c1C;O=C(Nc1ccccc1)NC1C2COC(O2)C(N2CCOCC2)C1O;C#CC1CN2CCC1CC2CNC(=S)Nc1cccc2ccccc12;COc1ccc(CCN2C(=O)NC(CC(=O)NCCCO)C2=O)cc1;COc1ccc(CCN2C(=O)NC(CCC(=O)NCCO)C2=O)cc1;COCC1CN(C(=O)c2cc(C)c(F)cc2F)CC1c1cnn(C)c1;COc1ccc(CCN2C(=O)NC(CC(=O)NC(C)CO)C2=O)cc1;COc1ccc(NC(=O)C2CCN(CC(F)F)CC2)c2cccnc12;Cn1cc(C2CCCN2C(=O)CCCOc2ccc(F)cc2F)cn1;CCCS(=O)(=O)N1CCN(Cc2nc(N)c3ccccc3n2)CC1;COCCNC(=O)CC1NC(=O)N(CCc2ccc(OC)cc2)C1=O;CC(=O)Nc1ccc(C2OCC(=O)N(CC(=O)N(C)C)C2CO)cc1;O=C(CC1OC(CNC(=O)Nc2ccccc2)C(O)C1O)NC1CC1
m_402004,COCc1nc(C)cc(N2CCCC(O)(Cc3nc(C)no3)C2)n1;Cc1noc(CC2(O)CCCN(c3nc(CO)nc(C)c3C)C2)n1;COCc1nc(C)cc(N2CC(O)CC(Cc3nc(C)no3)C2)n1;COC1(Cc2nc(C)no2)CCCN(c2cc(C)nc(CO)n2)C1;COCc1nc(C)cc(N2CCC(O)C(Cc3nc(C)no3)C2)n1;COCc1nc(CO)cc(N2CCCC(Cc3nc(C)no3)C2)n1;COCc1nc(C)cc(N2CCCC(C(O)c3nc(C)no3)C2)n1;COCc1nc(C)cc(N2CCCC(Cc3nc(CO)no3)C2)n1;COCc1nc(C)c(O)c(N2CCCC(Cc3nc(C)no3)C2)n1;COCc1nc(C)cc(N2CC(Cc3nc(C)no3)CCC2O)n1;Cc1noc(CC2(O)CCCN(c3cc(OC(C)C)ncn3)C2)n1;COCc1nc(C)cc(N2CCCC(Cc3nc(C)no3)C2O)n1;Cc1cc(N2CCCC(Cc3nc(C)no3)C2)nc(COCO)n1;CC(=O)N1CC(C(=O)N2CCOC(c3ccnc(N(C)C)n3)C2)C1;Cc1nc(C2CCC(O)C(NC(=O)c3c(C)noc3C)C2)n(C)n1;COC(O)c1nc(C)cc(N2CCCC(Cc3nc(C)no3)C2)n1;Cc1cc(CNC(=O)N2CCC(C(=O)O)C2)nc(N2CCCC2)n1;Cc1noc(C)c1C(=O)NCC1OCCN(C)C1c1cncn1C;Cc1noc(CC2(O)CCCN(C(=O)c3ccnn3C(C)C)C2)n1;CCc1noc(CN2CCC(OC)(c3nc(C4CC4)no3)CC2)n1;COCc1cc(N2CC(N3CC(C(=O)N(C)C)CC3=O)C2)ncn1;Cn1cccc1C(=O)N1CCNC(C(=O)NC2CCCNC2=O)C1;COCc1cn(CC2CC(NCc3cccnc3)C(O)C2O)nn1;Cc1c(CCC(=O)NC2COCC2Oc2cnn(C)c2)cnn1C;O=C(CN1CCCCC(O)C1=O)N1CCN(c2cccnn2)CC1
m_417c79,O=C(Nc1ccc(Cl)cc1)N1CCCC(C(=O)N2CCOCC2)C1;Cc1c(Cl)cncc1C(=O)N1CCC(C2CCC(C(N)=O)O2)CC1;Cc1cc(Cl)ccc1C(=O)N1CCN(C2(C(N)=O)CCOC2)CC1;O=C(CN1CCN(C(C(=O)O)C2CC2)CC1)Nc1ccccc1Cl;Cc1cccc(C(=O)N2CCN(C3(C(N)=O)CCOC3)CC2)c1Cl;NC(=O)C1CCOC1CC1CCN(C(=O)c2ncccc2Cl)CC1;CC(C)C(=O)N1CCCC(C(=O)Nc2ccc(Cl)c(C(N)=O)c2)C1;CCN1OC2(CCN(C(=O)Nc3ccc(C)c(Cl)c3)CC2)CC1=O;NC(=O)C1CCOC1CC1CCN(C(=O)c2ccc(Cl)cn2)CC1;O=C(NCC1CCCNCC1)C(=O)NC1COc2ccc(Cl)cc21;CCN1OC2(CCN(C(=O)Nc3ccc(Cl)c(C)c3)CC2)CC1=O;O=C(Nc1ccc(Cl)cc1)N1CCCC(C(O)N2C=COCC2)C1;O=C(Nc1ccc(Cl)cc1)N1CC=CC(C(O)N2CCOCC2)C1;COc1cccc(Cl)c1CNC(=O)C1CC(=O)N(C2CN(C)C2)C1;O=C(Nc1ccc(Cl)cc1)N1C=C(C(O)N2CCOCC2)CCC1;CC(=O)N(C)CC(=O)N1CCCN(C(=O)c2ccc(Cl)cc2)CC1;CC(C)(C)C(=O)N1CCCC1C(=O)Nc1ccc(C(N)=O)c(Cl)c1;COCC(O)CNC(=O)Cc1c(C)nn(-c2ccc(Cl)cc2)c1C;NC(=O)N1CCCN(C(=O)c2ccc(OC3CCC3)cc2Cl)CC1;O=C(Nc1ccc(Cl)cc1)N1C=CCC(C(O)N2CCOCC2)C1;O=C(Nc1ccc(Cl)cc1)N1CCC=C(C(O)N2CCOCC2)C1;O=C1NCCN1C1CCCN(Cc2cc3c(cc2Cl)OCCO3)C1;CC1(C)COC(c2cccc(Cl)c2)CN1CCN1C(=O)CNC1=O;COc1cc(CNc2nnc(CC3CCCC3)o2)cc(Cl)c1OC;O=C(C1CCCN(C(O)Nc2ccc(Cl)cc2)C1)N1C=COCC1
m_43683b,CCn1nncc1C(=O)NCC1(O)Cc2ccccc2C1;Cc1ccc(C)c(C(=O)N2CC(n3cc(CO)nn3)C2)c1;CCn1nncc1C(=O)NC(O)C1Cc2ccccc2C1;CCn1cc(C(=O)Nc2c(OC)ccc3c2CCC3)nn1;Cc1ccc2c(c1)CCC(C(=O)NCc1cnn(C)n1)O2;CCn1cc(CN2CCc3ccccc3C2C(=O)O)nn1;Cn1cc(CN2CCc3ccccc3C2CC(=O)O)nn1;CCn1nncc1C(=O)NCC1Cc2ccccc2C1O;CCn1nncc1C(=O)NCC1Cc2ccc(O)cc2C1;CCn1nncc1C(=O)NCC1Cc2cccc(O)c2C1;CCn1cc(NC(=O)NC2CCOc3ccccc32)cn1;Cc1ccc(C)c(NC(=O)C(=O)Nc2cn(C)nc2C)c1;O=C(NCC1Cc2ccccc2C1)c1cnnn1CCO;CC(C)c1noc(CNc2ccc3c(c2)CCNC3=O)n1;CCn1nnc(O)c1C(=O)NCC1Cc2ccccc2C1;Cc1nc(CNC(=O)NC2Cc3ccccc3C2C)no1;CC(O)n1nncc1C(=O)NCC1Cc2ccccc2C1;Cc1c(C(=O)N2CC(C)(C)Oc3ccccc32)nnn1C;Cc1ccc(C)c(-n2cnc(=O)n2C2CCN(C)C2=O)c1;Cc1ccc2c(c1)OC(C)CN2C(=O)c1cnn(C)c1N;Cn1nncc1CN1CCCC1c1ccc2c(c1)OCO2;CCn1cc(NC(=O)C2NCCOc3ccccc32)cn1;CCOc1ccccc1C(=O)NCc1nnc2n1CCC2;CC(=O)N1CCOC2CCN(c3ncccc3C#N)CC21;Cc1noc(CN(Cc2ccc(C(N)=O)cc2)C2CC2)n1
m_436a8d,Cn1cc(C(=O)N2CCC(CCO)C2)c(-c2ccccc2Cl)n1;CC(O)C1CCN(C(=O)c2cn(C)nc2-c2ccccc2Cl)C1;CCC1CN(C(=O)c2cn(C)nc2-c2ccccc2Cl)CC1O;Cc1cc(C(=O)N2CC(O)CCC2C)nn1-c1cccc(Cl)c1;CCC1(O)CCN(C(=O)c2cn(C)nc2-c2ccccc2Cl)C1;CCC1CC(O)N(C(=O)c2cn(C)nc2-c2ccccc2Cl)C1;Cc1c(C(=O)NCC2CCCOC2)cnn1-c1cccc(Cl)c1;COCC(NC(=O)c1cn(C)nc1-c1ccccc1Cl)C1CC1;Cc1nn(-c2ccc(Cl)cc2)cc1C(=O)NC1(C)CCOCC1;CCC1CCN(C(=O)c2cn(C)nc2-c2ccccc2Cl)C1O;Cc1cc(C(=O)N2CCCC2(C)CO)nn1-c1ccccc1Cl;Cc1cc(C(=O)NCC2(C)CCOC2)nn1-c1cccc(Cl)c1;Cc1c(C(=O)NC2(C)CCOCC2)cnn1-c1ccccc1Cl;Cc1cn(-c2ccccc2Cl)nc1C(=O)N1CCOCCC1C;COCC(NC(=O)c1cc(C)n(-c2ccc(Cl)cc2)n1)C1CC1;NCC1(NC(=O)COc2ccc(Cl)c3cccnc23)CCCC1;CCC1CCN(C(=O)c2c(-c3ccccc3Cl)nn(C)c2O)C1;CCC1CCN(C(=O)c2cn(CO)nc2-c2ccccc2Cl)C1;CNCC1CCN(C(=O)c2conc2-c2ccc(Cl)cc2)CC1;CCC1CCN(C(=O)c2cn(C)nc2-c2c(O)cccc2Cl)C1;CNCC1CCCN(C(=O)c2conc2-c2ccc(Cl)cc2)C1;CCC1CCN(C(=O)c2cn(C)nc2-c2cccc(O)c2Cl)C1;CCC1CCN(C(=O)c2cn(C)nc2-c2ccc(O)cc2Cl)C1;CCC1CCN(C(=O)c2cn(C)nc2-c2cc(O)ccc2Cl)C1;CC(O)C1CCN(C(=O)c2cnn(-c3cccc(Cl)c3)c2)CC1
m_436c77,CCC1CN(C)CCCN1C(=O)C1CC(=O)N(C2CCCCCC2)C1;CCC1CN(C)CCCN1C(=O)C1=CN(C2CCCCCC2)C(O)C1;CCC1CN(C)CCCN1C(O)C1=CC(=O)N(C2CCCCCC2)C1;CCC1CN(C)CCCN1C(=O)C1=CC(O)N(C2CCCCCC2)C1;NC1CCCCCCC1C(=O)N1CCC(CC(=O)N2CCCC2)CC1;CC1CN(C(=O)CC2CCCCC2)CC1CNCC(=O)NCC1CC1;CC(=O)N1CCC(CC(=O)N2CCCCC2CCN2CCCC2)CC1;CCC1CN(C)CCCN1C(O)C1CC(=O)N(C2CCC=CCC2)C1;CCC1CN(C)CCCN1C(O)C1=CN(C2CCCCCC2)C(=O)C1;CCC1CN(C)CCCN1C(=O)C1CC(O)N(C2=CCCCCC2)C1;CCC1CN(C)CCCN1C(O)C1CC(=O)N(C2CC=CCCC2)C1;CCC1=CN(C)CCCN1C(O)C1CC(=O)N(C2CCCCCC2)C1;CN1CCC(C(=O)NC2CCCCC2NC(=O)C2CCCCC2)CC1;CCC1CN(C)CCCN1C(O)C1CC(=O)N(C2C=CCCCC2)C1;CCC1CN(C)CCCN1C(=O)C1CC(O)N(C2CC=CCCC2)C1;CC=C1CN(C)CCCN1C(O)C1CC(=O)N(C2CCCCCC2)C1;CCC1CN(C)CCCN1C(=O)C1CC(O)N(C2C=CCCCC2)C1;CC(C)(C)CNC1CC(Cc2cc(CN3CCOCC3)on2)C1(C)C;CCC1CN(C)CCCN1C(O)C1CC(=O)N(C2=CCCCCC2)C1;CCC1CN(C)CCCN1C(=O)C1CC(O)N(C2CCC=CCC2)C1;CC=C1CN(C)CCCN1C(=O)C1CC(O)N(C2CCCCCC2)C1;CCC1CN(C)CC=CN1C(O)C1CC(=O)N(C2CCCCCC2)C1;CCC1=CN(C)CCCN1C(=O)C1CC(O)N(C2CCCCCC2)C1;CCC1CN(C)C=CCN1C(=O)C1CC(O)N(C2CCCCCC2)C1;O=C(NCC1(N2CCCCC2)CCCCC1)N1C2CCC1CC(O)C2
m_43e809,Cc1nc(S(=O)(=O)NC2CCCOC2c2cnn(C)c2)cn1C;CCn1cc(C2OCCC2NS(=O)(=O)c2cn(C)c(C)n2)cn1;CCn1cc(S(=O)(=O)NC2CCOC2c2cnn(C)c2C)cn1;COC1CC(c2nc(C)c(C)[nH]2)N(S(=O)(=O)c2ccnn2C)C1;COC1CC(c2nc(C)c(C)[nH]2)N(S(=O)(=O)c2cn(C)cn2)C1;COC1CC(c2nc(C)c(C)[nH]2)N(S(=O)(=O)c2cnn(C)c2)C1;COC1CC(c2ncc[nH]2)N(S(=O)(=O)c2cn(C(C)C)cn2)C1;COC1CC(c2ncc[nH]2)N(S(=O)(=O)c2cnn(C(C)C)c2)C1;C#CCNC(=O)CN1CCN(S(=O)(=O)c2cnn(CC)c2)CC1;CCn1ccnc1CN1CCN(S(=O)(=O)Cc2ccon2)CC1;COc1nn(C)cc1C1OCCCC1Nc1nc(C(C)O)ns1;CNP1(NC)=NP(NC)(N2CC2)=NP(NC)(N2CC2)=N1;COc1nn(C)cc1C1OCCCC1Nc1nc(CCO)ns1;COc1c(C2OCCCC2Nc2nc(CCO)ns2)cnn1C;Cc1noc(C)c1S(=O)(=O)NC1CCCn2nc(C(C)C)nc21;COc1c(C2OCCCC2Nc2nc(C(C)O)ns2)cnn1C;COc1c(C)cnc(Cn2nnc(C(C)(C)S(C)(=O)=O)n2)c1C;CCc1nsc(NC2C(O)CCOC2c2cn(C)nc2OC)n1;CCc1nsc(NC2CC(O)COC2c2cn(C)nc2OC)n1;CC1CN(Cc2cc(-c3cnn(C)c3)no2)CCN1S(C)(=O)=O;CCN(CC(=O)N(C)C)S(=O)(=O)c1cnc2c(c1)c(C)nn2C;CN(C)C1C2CN(C(=O)c3cc4n(n3)CCN(C)S4(=O)=O)CC21;CCc1nsc(NC2C(O)CCOC2c2cnn(C)c2OC)n1;Cn1cc(-c2cc(CN3CCCN(S(C)(=O)=O)CC3)on2)cn1;CCc1nsc(NC2CC(O)COC2c2cnn(C)c2OC)n1
m_444a56,CCN(C)S(=O)(=O)NCC1(Cc2ccccc2)CCC1;CCNS(=O)(=O)N(C)CC1(Cc2ccccc2)CCC1;CCNS(=O)(=O)NCC1(Cc2ccccc2C)CCC1;CCNS(=O)(=O)NCC1(Cc2cccc(C)c2)CCC1;CCNS(=O)(=O)NCC1(Cc2ccc(C)cc2)CCC1;CCN(CC)S(=O)(=O)N1CCC(c2ccccc2)CC1;Cc1ccc(CC(C)NC(=O)NCCC2CCCO2)s1;CC(CNS(=O)(=O)C(C)C)N1CCc2ccccc2C1;CCCS(=O)(=O)NCC(C)N1CCc2ccccc2C1;CC(CNC(=O)NC1CCC(O)CC1)Cc1cccs1;CCNS(=O)(=O)C1CCN(Cc2cccc(C)c2C)C1;CCS(=O)(=O)NCC(C)(C)N1CCc2ccccc2C1;CC(C)C(NCCc1ccc(S(N)(=O)=O)cc1)C1CC1;Cc1cccc(CN2CCC(NS(C)(=O)=O)CC2)c1C;CC(C)(C)c1ccccc1S(=O)(=O)N1CCC(N)CC1;C=CC(O)C#CC#CCC(O)C(Cl)CCCCCCC;CC(CNC(=O)NC1CCCCC1O)Cc1cccs1;CC(CNC(=O)NC1CCCCC1CO)c1ccsc1;CNCC1CCN(S(=O)(=O)c2ccc(C)cc2C)CC1;CCS(=O)(=O)NC1CCN(Cc2ccccc2C)CC1;CC1CCN(Cc2ccccc2CNS(C)(=O)=O)CC1;CC(C)c1ccccc1S(=O)(=O)N(C)C1CCNCC1;CCOCC1CCCN(C(=O)NCc2sccc2C)C1;C#CC=CCC(OC(C)=O)C(Cl)CC=CCCCCC;CCC(CC)C(NC(=O)CN(C)C(C)=O)c1cccs1
m_44cb82,O=C(NC(Cc1ccccc1)C1CC1)N1CCN(C(=O)C2CC2)CC1;O=C(NC(Cc1ccccc1)C1CC1)N1CCN(C(O)C2=CC2)CC1;O=C(NC(Cc1ccccc1)C1CC1)N1CCN(C(O)C2C=C2)CC1;O=C(C1CC1)N1CCN(C(O)NC(Cc2ccccc2)C2C=C2)CC1;CN(C(=O)N1CC(N2CCCC2=O)C1)C(CC1CC1)c1ccccc1;O=C(NCC1CC(=O)N(C2CC2)C1)N1CCC(Cc2ccccc2)C1;CC1(CNC(=O)N2CC(=O)NC3CCCCC32)Cc2ccccc2C1;CC1(CNC(=O)N2CC(NC(=O)C3CCC3)C2)Cc2ccccc2C1;O=C(C1CC1)N1CCN(C(O)NC(Cc2ccccc2)C2=CC2)CC1;O=C(NC(c1ccccc1)C1CC1)N1CCCN(C(=O)C2CC2)CC1;CC1Cc2ccccc2C1NC(=O)N1CCN(C(=O)C2CCC2)CC1;O=C(C1CC1)N1CCN(C(O)NC(Cc2ccccc2)=C2CC2)CC1;O=C(NCCC1Cc2ccccc2C1)NCC1CC(=O)N(C2CC2)C1;O=C(NC(Cc1ccccc1)C1C=C1)N1CCN(C(O)C2CC2)CC1;O=C(CN1CCN(C(=O)C2CC2)CC1)NCC1(c2ccccc2)CC1;O=C(C1CC1)N1CCN(C(O)NC(=Cc2ccccc2)C2CC2)CC1;O=C(C1C=C1)N1CCN(C(O)NC(Cc2ccccc2)C2CC2)CC1;Cc1ccc(C(CC2CC2)NC(=O)N2CC(N3CCCC3=O)C2)cc1;Cc1cccc(C2(C(=O)N3CCCC(N4CCNC4=O)C3)CCC2)c1;O=C(C1CC1)N1CC2(CN(Cc3ccccc3)CC3COCCN32)C1;CN(C)C1(C(=O)N2CCN(C(=O)C3CC3)CC2)CCc2ccccc21;O=C(NC(Cc1ccccc1)C1=CC1)N1CCN(C(O)C2CC2)CC1;O=C(C1=CC1)N1CCN(C(O)NC(Cc2ccccc2)C2CC2)CC1;CC(C(=O)NC1CC1)N1CCN(C(=O)C2(c3ccccc3)CC2)CC1;CC(=O)N1CCCN(C(=O)N(C)C(Cc2ccccc2)C2=CC2)CC1
m_451ad6,CCCCC(CC)C(=O)N(C)Cc1nnc2n1CCNC2=O;CCCCNc1nc2c(c(=O)[nH]c(=O)n2C)n1CCC(C)C;CN1CCC2OCCN(C(=O)c3ncn(C(C)(C)C)n3)C2C1;CCC(C)Nc1nc2c(c(=O)[nH]c(=O)n2C)n1CCC(C)C;COc1nn(C)cc1NC(=O)NCC1CCCCN1C1CC1;CC(C)CC(=O)N1CCC(NC(=O)Nc2ccnn2C)CC1;Cc1cc(NC(=O)NC(C(=O)N2CCCC2)C(C)C)n(C)n1;Cn1cnn(CC(=O)N2CCCN(C3CCCC3)CC2)c1=O;CCC(C)NC(=O)CN1CCN(c2cncc(OC)n2)CC1;CN1CC2(C)CN(C(=O)c3cnn(CCO)c3N)CC2(C)C1;CC(C)n1nccc1NC(=O)CNC(=O)NC1CCCCC1;CN1CCOC(CN(CC2CC2)C(=O)c2cnn(C)c2N)C1;CC1CCC(C(N)=O)CN1C(=O)Nc1cnn(C(C)(C)C)c1;CCn1nncc1C(=O)NC1CCCC1N1CCC(OC)C1;COC1CCN(C2CCCC2N(C)C(=O)c2cnn(C)n2)C1;CCn1ncc(C(=O)NC2CCCC2N2CCC(OC)C2)n1;CC(C)C(C)NC(=O)C1CCN(C(=O)Nc2cn[nH]c2)CC1;CC1CCN(CC(=O)N2CCOC(c3nncn3C)C2)CC1;CCN(CC)C(=O)C1CCCN1C(=O)Nc1cc(C)nn1C;CNC(=O)CC(C)NC(=O)c1nnn(CC2CCCC2)c1C;CC1CN(Cc2cn(CC(=O)NCC3CC3)nn2)CC(C)O1;CCN1C(=O)CCC1c1nc(CNC2CCN(C)CC2)no1;CCn1ncc(CNC(=O)N2CC(C)(C)C2C2CCCO2)n1;CN(C)C(=O)C1CN2CCC1CC2Cn1cc(CCO)nn1;CC(=O)N(C)Cc1cn(CC(=O)NC2CCC(C)CC2)nn1
m_45d613,CCNC(=O)C1CCCN(c2ccc(C#N)cc2C(F)(F)F)C1;CCNC(=O)C1CCCN(c2ccc(C(F)(F)F)c(C#N)c2)C1;CC(C)(C)NC(=O)CNc1cc(C(F)(F)F)nc2ccccc12;OCCN1CCN(c2ccnc3cc(C(F)(F)F)ccc23)CC1;OC1CCC(NCc2c[nH]nc2-c2ccc(C(F)(F)F)cc2)C1;CCNC(O)C1=CN(c2ccc(C(F)(F)F)c(C#N)c2)CCC1;FC(F)(F)c1ccn(-c2ccc(CNC3CCOCC3)cc2)n1;CCNC(O)C1=CCCN(c2ccc(C(F)(F)F)c(C#N)c2)C1;CCNC(O)C1C=CCN(c2ccc(C(F)(F)F)c(C#N)c2)C1;CCNC(O)C1=CN(c2ccc(C#N)cc2C(F)(F)F)CCC1;CCNC(O)C1C=CCN(c2ccc(C#N)cc2C(F)(F)F)C1;CCNC(O)C1=CCCN(c2ccc(C#N)cc2C(F)(F)F)C1;CN(C)C(=O)CN1C(=O)C2CCc3[nH]c4ccccc4c3C2C1=O;CCNC(O)C1CC=CN(c2ccc(C#N)cc2C(F)(F)F)C1;CCNC(O)C1CC=CN(c2ccc(C(F)(F)F)c(C#N)c2)C1;O=C(C1CC1)N1CCC2CN(c3ccc(C(F)(F)F)cn3)CC21;CCNC(=O)NC1COC2C1OCC2n1cc(C(=O)OC)nn1;COc1cc(OC)c2ncc(C#N)c(N3CC4C(CO)C4C3)c2c1;COc1ccc(C(=O)NCCc2nc3ccccc3[nH]2)cc1OC;COc1ccc(C(=O)NC(C)c2nc3ccccc3[nH]2)cc1OC;Cc1c[nH]nc1CN1CCOC(c2cccc(C(F)(F)F)c2)C1;Cn1ccc(CN2CC(O)CC2c2ccc(C(F)(F)F)cc2)n1;Cc1c[nH]nc1CN1CCOC(c2ccccc2C(F)(F)F)C1;Cc1cc(C(F)(F)F)ccc1CNC(=O)c1c(C)nn(C)c1C;CCC(Cc1ccccc1C(F)(F)F)NC(=O)Cc1ncc[nH]1
m_466863,CCOc1ccc(S(=O)(=O)NC2CCOc3ccc(F)cc32)cn1;Cc1cc(S(=O)(=O)NC(Cc2ccncc2)C(=O)O)cc(C)c1F;Cc1nnc(-c2cccc(OC3OC(C(=O)O)C(O)C(O)C3O)c2)o1;COc1ccccc1N=Nc1c(N)nn2c(C(F)(F)F)cc(O)nc12;Cc1nnc(-c2ccc(OC3OC(C(=O)O)C(O)C(O)C3O)cc2)o1;CCNS(=O)(=O)C1CCN(C(=O)Cc2csc3ccccc23)C1;O=C(O)CCC(=O)Nc1cc(NC(=O)CCC(=O)O)cc(C(=O)O)c1;O=C(Nc1ccccc1)c1cccc(S(=O)(=O)Nc2ccccc2)c1;CC1CNCCN1C(=O)c1sc2ccccc2c1CS(C)(=O)=O;CC1CN(C(=O)c2sc3ccccc3c2CS(C)(=O)=O)CCN1;Cc1cc(C)c2c(N)c(-c3cc(=O)oc4c(C)c(O)ccc34)sc2n1;CN(C)Cc1c(O)ccc2c(=O)c(-c3nc4ccccc4s3)coc12;Cc1cc(C)c2c(N)c(-c3cc(=O)oc4cc(C)c(O)cc34)sc2n1;COc1cc(C=C(C#N)c2nc3ccccc3s2)cc(OC)c1OC;Cc1cc(C)c(C#N)c(SCc2cc(=O)oc3c(C)c(O)ccc23)n1;CN(C(=O)c1sc2ccccc2c1CS(C)(=O)=O)C1CCNC1;Cc1cc(C)c(C#N)c(SCc2cc(=O)oc3cc(C)c(O)cc23)n1;CSC12Cc3ccccc3N1C(=O)C1(Cc3ccccc3O1)NC2=O;CN(C)Cc1c(O)ccc2cc(-c3nc4ccccc4s3)c(=O)oc12;Cc1cc(C(=O)O)c(F)c(S(=O)(=O)N(C)C(C)c2ccccn2)c1;Cc1cc(O)c2c(CSc3nc(C)cc(C)c3C#N)cc(=O)oc2c1;CC1SC(c2ccccc2O)=NC1C1SCC(C)(C(=O)O)N1C;CNS(=O)(=O)c1cc(C(=O)N(Cc2cccc(F)c2)C2CC2)co1;CCOC(=O)CSC(=S)N1CC2CC(C1)c1cccc(=O)n1C2;CC(=O)OC1CC(n2cnc3c(Cl)ncnc32)C2OC(C)(C)OC12
m_4690d3,Cc1ncc(C(=O)N(C)C(C)c2ccccc2)c(C(C)C)n1;Cc1cccc(CN(C)C(=O)c2cnc(C)nc2C(C)C)c1;Cc1ncc(C(=O)N(C)Cc2ccccc2C)c(C(C)C)n1;Cc1nc(C)c(C(=O)NC(C)c2ccccc2)c(C(C)C)n1;Cc1ccc(C(C)NC(=O)c2cnc(C)nc2C(C)C)cc1;Cc1cccc(C(C)NC(=O)c2cnc(C)nc2C(C)C)c1;Cc1ncc(C(=O)NC(C)c2ccccc2C)c(C(C)C)n1;Cc1cccc(Cn2nc(C(C)(C)C)c(CCC#N)c2O)c1;Cc1cccc(CC(=O)N(C)CC2CCn3ccnc3C2)c1;CN(CCc1ccccc1)CC(=O)NCCc1ccccn1;Cc1ccccc1CC(=O)N(C)CC1CCn2ccnc2C1;Cc1nc(C)c(C(=O)N(C)Cc2ccccc2)c(C(C)C)n1;Cc1ccccc1CN(CC(=O)N(C)C)Cc1ccccn1;Cc1ccccc1CN1CCC(NC(=O)c2cc[nH]c2)CC1;Cc1cccc(C)c1C(=O)N(C)CC1CCn2ccnc2C1;Cc1ccc(C(=O)N(C)CC2CCn3ccnc3C2)c(C)c1;Cc1ccccc1CNc1cccnc1N1CCC(O)CC1;Cc1ccc(C(C)N(C)C(=O)c2cn3c(n2)CCC3)c(C)c1;CN(C)Cc1cccc(CNC(=O)c2[nH]ccc2C2CC2)c1;Cc1ccc(C(=O)N2CCCC2c2c(C)n[nH]c2C)c(C)c1;CCc1ccc(C(=O)N(C)CC2CCn3ccnc3C2)cc1;CCC1c2ccccc2CCN1C(=O)CCn1cc(C)cn1;CCc1cccc(NC(=O)CN(C)C(C)c2cccnc2)c1;Cc1ccc(C(C)N(C)C(=O)c2cc3n(n2)CCC3)c(C)c1;CCn1c(C)cc(C(=O)Nc2ccc3c(c2)CNCC3)c1C
m_471696,Cc1cnc(C(C)NC(=O)N2CCCCC2c2nnc3n2CCCC3)s1;Cc1cnc(C(C)NC(O)N2CCCCC2c2nnc3n2CCC=C3)s1;Cc1cnc(C(C)NC(O)N2CCCCC2c2nnc3n2CC=CC3)s1;Cc1cnc(C(C)NC(O)N2CCCCC2c2nnc3n2C=CCC3)s1;Cc1cnc(C(C)NC(O)N2CCC=CC2c2nnc3n2CCCC3)s1;Cc1cnc(C(C)NC(O)N2CCCC=C2c2nnc3n2CCCC3)s1;Cc1cnc(C(C)NC(O)N2C=CCCC2c2nnc3n2CCCC3)s1;Cc1cnc(C(C)NC(O)N2CC=CCC2c2nnc3n2CCCC3)s1;Cc1csc(C2CCCN(C(=O)c3nnn(C4CCNCC4)c3C)C2)n1;CN(Cc1nccc(N)n1)C1CCN(C(=O)c2csc(C(C)(C)C)n2)C1;Cc1csc(C2CCN(C(=O)c3nnn(C4CCNCC4)c3C)CC2)n1;CCCCc1cn(CC2CC3CCN2CC3C(=O)Nc2nccs2)nn1;CC(C)(C)c1cn(CC2CC3CCN2CC3C(=O)Nc2nccs2)nn1;O=C(O)C1=CC(O)C2CC3C(CC=CC=Cc4ccccc4)C4C=CC1C2C43;CCCCCc1ccc(-c2coc3c(C)c4oc(=O)c(C)c(C)c4cc23)cc1;CCCCCCc1c(C)c2cc3c(-c4ccccc4)c(C)oc3cc2oc1=O;CC12CCC3c4ccc(OC(=O)c5ccccc5)cc4CCC3C1CCC2=O;CC(C)=CCc1cc2c(c3c1OC(C)(C)C=C3)OC(c1ccccc1)CC2=O;CCCCCc1ccc(-c2coc3cc4oc(=O)cc(CCC)c4cc23)cc1;CCCCCCc1c(C)c2cc3c(-c4ccccc4)coc3c(C)c2oc1=O;CC(C)=CCc1c2c(cc3c1OC(c1ccccc1)CC3=O)C=CC(C)(C)O2;CCSc1cncc(N2CC3CN(C)CCC3(c3nc(CC)no3)C2)n1;O=C(O)C=Cc1ccc(-c2cc(O)cc(C3C4CC5CC(C4)CC3C5)c2)cc1;CSCCC(NC(=O)C1(NC(=O)OC(C)(C)C)CCCCC1)C(=O)O;CC(C)=CCCC1(C)C=Cc2c(ccc(C(=O)C=Cc3ccccc3)c2O)O1
m_47617a,CCC(C)C(=O)N1CCC(C2CCCN(c3nc(C)cc(C#N)n3)CC2)CC1;CC=C(C)C(O)N1CCC(C2CCCN(c3nc(C)cc(C#N)n3)CC2)CC1;CCC(C)C(O)N1C=CC(C2CCCN(c3nc(C)cc(C#N)n3)CC2)CC1;CCC(C)C(O)N1CC=C(C2CCCN(c3nc(C)cc(C#N)n3)CC2)CC1;CCC(C)C(O)N1CCC(C2C=CCN(c3nc(C)cc(C#N)n3)CC2)CC1;CCC(C)C(O)N1CCC(C2CC=CN(c3nc(C)cc(C#N)n3)CC2)CC1;CCC(C)C(O)N1CCC(C2=CCCN(c3nc(C)cc(C#N)n3)CC2)CC1;CCC(C)C(O)N1CCC(C2=CCN(c3nc(C)cc(C#N)n3)CCC2)CC1;CCC(C)C(O)N1CCC(=C2CCCN(c3nc(C)cc(C#N)n3)CC2)CC1;CCC(C)C(O)N1CCC(C2C=CN(c3nc(C)cc(C#N)n3)CCC2)CC1;CC1=CC(CN2CCCC2)C(C(C)C)CC1Cc1nnc(-c2cncn2C)o1;Cc1nn(C)c2nc(C(C)C)cc(C(=O)NCC3CCCN4CCCCC34)c12;CCN1CCC(CCNC(=O)Nc2nn(C(C)c3ccccc3)cc2C)CC1;CCCC[N+]12C(O)C(CC)C3CC1C1N(C)c4ccccc4C14CC2C3C4O;CCCNC(=O)NCC1C=C(C)C(Cc2nc3ncccc3[nH]2)CC1C(C)C;CCCCCCCCc1ccc(-c2noc(CC3CCCN3C(=N)N)n2)cc1;CCCN(Cc1cn(C(C)(C)C)nn1)C1CCN(C(=O)c2ccccc2)CC1;CCn1cnnc1C1CCCN(CC(=O)N(Cc2ccccc2)C(C)(C)C)C1;Cc1ccc(CN2CCC3(CC2)N(CC2CC2)C(=O)C2CN(C)CCN23)cn1;CCCCCC=CCC=CCC(O)CC(=O)OC(CC(=O)[O-])C[N+](C)(C)C;Cc1ccccc1-n1ncc(NC(=O)NC2CCN(C(C)C)CC2)c1C(C)C;CN(C)c1ccc(C2CCCN2CC(=O)NC2C3CC4CC(C3)CC2C4)nn1;CCCCCCC=CC=CCC(O)CC(=O)OC(CCC(=O)[O-])[N+](C)(C)C;CC(C)n1nc(-c2ccccc2)cc1NC(=O)NC1CCC(CN(C)C)CC1;CC(C)n1nc(-c2ccccc2)cc1NC(=O)NC1CCN(C(C)(C)C)CC1
m_478c2e,COc1ccnc(N2CCN(C(=O)CNCC(F)(F)F)CC2)c1;COc1ccc(N2CCN(C(=O)CNCC(F)(F)F)CC2)nc1;COc1cccc(N2CCN(C(=O)CNCC(F)(F)F)CC2)n1;COc1cccnc1N1CCN(C(=O)CNCC(F)(F)F)CC1;Cc1cnc(N2CCN(C(=O)CNCC(F)(F)F)CC2)cc1O;Cc1c(O)ccnc1N1CCN(C(=O)CNCC(F)(F)F)CC1;Cc1cc(O)cc(N2CCN(C(=O)CNCC(F)(F)F)CC2)n1;CC(C)(C)c1cc(C(=O)N2CC(C(N)=O)C(C(F)(F)F)C2)[nH]n1;CN(CC(=O)N1CCN(c2cc(O)ccn2)CC1)CC(F)(F)F;CC(C)c1cc(C(=O)N2CC(C(N)=O)C(C(F)(F)F)C2)nn1C;CC(=O)N1CC(O)=CC1C(=O)N1CCN(c2cc(O)ccn2)CC1;COc1ccnc(N2C=CN(C(O)CNCC(F)(F)F)CC2)c1;CCOc1cncc(N2CCCC(C(=O)NCC(F)(F)F)C2)n1;CCOc1ccc(N2CCCC(C(=O)NCC(F)(F)F)C2)nn1;CC(=O)N1CC(O)C=C1C(=O)N1CCN(c2cc(O)ccn2)CC1;O=C(CCNCC(F)(F)F)N1CCCC1c1noc(C2CC2)n1;COc1cc(C(=O)N2CCC(Oc3cccnc3N(C)C)C2)on1;CC(C)n1ccc(CC(=O)N2CC(C(N)=O)C(C(F)(F)F)C2)n1;CN(C)C(=O)c1ccc(N2CC(C(F)(F)F)OC(C)(C)C2)nn1;CC(C)C(NC(=O)N1CCc2c(ncn(C)c2=O)C1)C(F)(F)F;Cc1ccn(C)c(=O)c1NC(=O)N1CCN(CC(F)(F)F)CC1;Cc1nccc(NC2COCCC2NC(=O)CCC(F)(F)F)n1;CC(=O)N1CC(O)CC1C(=O)N1C=CN(c2cc(O)ccn2)CC1;O=C(O)C1CCC2C(C1)OC1(CC(O)C(CO)CO1)C2(O)CO;CC1(O)CCC2C=COC(OC3OC(CO)C(O)C(O)C3O)C21
m_47ae67,CCC(CC)n1nc(C(=O)N2CCC(c3ncc(C)s3)CC2)cc1C;CC=C(CC)n1nc(C(O)N2CCC(c3ncc(C)s3)CC2)cc1C;CCn1nccc1C1OCCC1CNCc1cnc(C2CCCC2)s1;CCC(CC)n1nc(C(O)N2C=CC(c3ncc(C)s3)CC2)cc1C;CCC(C)(NC(=O)c1cc(C2CC2)n(C(C)(C)C)n1)c1nc(C)cs1;CCC(CC)n1nc(C(O)N2CC=C(c3ncc(C)s3)CC2)cc1C;C#CCN(C)CC1CN2CCC1CC2CNC(=S)NCc1ccco1;CCN1CCCC(CN(C)C(=O)c2cscc2C)C1c1cnn(C)c1;CCN(CC)Cc1nc(C2(O)CCN(Cc3ccccn3)CC2)cs1;Cc1ccc(C(=O)N2CCN(Cc3nc(CC(C)C)no3)CC2)cc1F;CC(C)N1CCC(O)(c2csc(CN(C)Cc3cccnc3)n2)CC1;Cc1nn(C)c(=O)c(-c2nc(CN(CCC(C)C)C3CC3)cs2)c1C;CCc1nc(CN2CCC(CNC(=O)c3c(C)ccn3C)CC2)cs1;Cc1ncnc(N2CC3CN(C(=O)CSC4CCCC4)CC3C2)c1C;CCC(C)n1nc(NC(=O)N2CCOC(c3ccc(F)cc3)C2)cc1C;COCc1nn(C)cc1C(=O)N1CCCN(Cc2ccc(F)cc2)CC1;COc1c(C(=O)NC2CCN(Cc3ccc(F)cc3)CC2)c(C)nn1C;CC(C(=O)N(C)CC1CCCN(C)C1c1cnn(C)c1)c1cccs1;CN1CCCC(CN(C)Cc2nnc(-c3cc4c(s3)CCCC4)o2)C1;COCCc1cc(NC(=O)N2CCCC2Cc2cccc(F)c2)n(C)n1;CC(C)C(NC(=O)C(N)CC(=O)O)C(=O)NC(CCCCN)C(=O)O;CC(C)C(N)C(=O)NC(CC(=O)O)C(=O)NC(CCCCN)C(=O)O;CCN1CCCC(CN(C)C(=O)Cc2cccs2)C1c1cnn(C)c1;CCN1CCCC(CN(C)C(=O)c2sccc2C)C1c1cnn(C)c1;CCC(C)C(=O)NCC(=O)NC(C)c1cnn(-c2ccc(F)cc2)c1C
m_47e099,CN1CCN(C)CCN(Cc2nnnn2-c2ccc(Cl)cc2C(F)(F)F)CC1;Cc1cc(Cl)cc(C(F)(F)F)c1-n1nnnc1CN1CCNCCN(C)CC1;Cc1c(Cl)ccc(-n2nnnc2CN2CCNCCN(C)CC2)c1C(F)(F)F;Cc1cc(-n2nnnc2CN2CCNCCN(C)CC2)c(C(F)(F)F)cc1Cl;CS(=O)(=O)N1CCN(C(=O)N2CCOCC2)CC1C(=O)NC1CCCNC1=O;CCn1cc(C(=O)NC(CCCNC(=N)N)C(=O)O)c(=O)c2cc3c(cc21)OCO3;COc1ccccc1N1C(=O)C2C3CCCN3C3(C(=O)Nc4ccc(C)cc43)C2C1=O;COc1ccc2c(c1)C1(C(=O)N2)C2C(=O)N(c3ccc(C)cc3)C(=O)C2C2CCCN21;COc1ccc(-c2nc(-c3ccc(N(C)C)cc3)[nH]c2-c2oc(C)cc(=O)c2O)cc1;COc1ccc(-c2c3cnn(C(C)C)c3nc3c2oc2c(C)c(O)ccc23)cc1OC;CC(=O)Nc1ccc(-c2ccc(=O)n3c2C2CC(CN(C(=O)c4ccco4)C2)C3)cc1;COc1ccc(-c2cc3n(c(=N)c2C#N)CCc2cc(OC)c(OC)cc2-3)cc1OC;CC(=O)c1ccc(N2C(=O)C3C(C(C)C)NC4(C(=O)Nc5ccccc54)C3C2=O)cc1;Cc1c(OCC(=O)NCCCn2ccnc2)ccc2c(-c3ccccc3)cc(=O)oc12;COCC(=O)NC1CC(Cn2cc(CN3CCS(=O)(=O)CC3)nn2)C(O)C1O;CC(=O)Nc1ccc(N2CC34C=CC(O3)C(C(=O)NCc3ccccc3)C4C2=O)cc1;CC(=O)Nc1ccc(-c2ccc3n(c2=O)CC2CC3CN(C(=O)c3ccco3)C2)cc1;Cc1c(CC(=O)Nc2nc3ccccc3[nH]2)c(=O)oc2cc3c(cc12)CCC(C)(C)O3;CC(C)Oc1ccc(-c2c3oc4cc(O)ccc4c3nc3c2c(=O)[nH]n3C(C)C)cc1;C=CC(C)(C)C12CC3C(=O)Nc4ccccc4C(=O)N3C1N(C=O)c1ccc(O)cc12;COc1ccc2[nH]c3c(c2c1)CCN(C1CC(=O)N(c2ccc(C(C)=O)cc2)C1=O)C3;COCc1cc(=O)c(O)c(-c2[nH]c(-c3ccc(N(C)C)cc3)nc2-c2ccccc2)o1;COc1ccc2c(c1)c(C(=O)Cn1nc(-c3ccccc3OC)ccc1=O)c(C)n2C;COc1ccc(-c2nc(C(=O)N3CCOCC3)cc3c2[nH]c2ccccc23)cc1OC;COc1ccc(C=NNC(=O)c2cccc(NC(=O)Cc3ccccc3)c2)c(OC)c1
m_48bfe1,COc1cc(C)c(S(=O)(=O)N2CCc3cnccc32)cc1OC;COc1cc(OC)c(C)c(S(=O)(=O)N2CCc3cnccc32)c1;COc1cc(C)c(S(=O)(=O)N2CCc3cnccc32)c(OC)c1;COc1ccc(S(=O)(=O)N2CCc3cnccc32)c(C)c1OC;COc1ccc(C)c(S(=O)(=O)N2CCc3cnccc32)c1OC;COc1c(O)cc(S(=O)(=O)N2CCc3cnccc32)c(C)c1C;COc1cc(C)c(S(=O)(=O)N2CCc3cnccc32)c(C)c1O;COc1cc(S(=O)(=O)N2CCc3cnccc32)c(C)c(C)c1O;COc1c(O)cc(C)c(S(=O)(=O)N2CCc3cnccc32)c1C;COc1cc(S(=O)(=O)N2CCc3c2ccnc3C)c(C)cc1O;COc1cc(C)c(S(=O)(=O)N2CCc3c2ccnc3C)cc1O;COc1cc(C)c(S(=O)(=O)N2CCc3cncc(C)c32)cc1O;COc1cc(S(=O)(=O)N2CCc3cncc(C)c32)c(C)cc1O;COc1cc(S(=O)(=O)N2CCc3cnc(C)cc32)c(C)cc1O;COc1cc(C)c(S(=O)(=O)N2CCc3cnc(C)cc32)cc1O;COc1ccc(S(=O)(=O)N2CCc3cncc(OC)c32)c(C)c1;COc1ccc(C)c(S(=O)(=O)N2CCc3cncc(OC)c32)c1;COc1ccc(S(=O)(=O)N2CCc3cnc(OC)cc32)c(C)c1;COc1ccc(C)c(S(=O)(=O)N2CCc3cnc(OC)cc32)c1;CCc1ccc(OC)c(S(=O)(=O)Nc2ccccc2C(N)=O)c1;COc1ccc(S(=O)(=O)N2CCc3c2ccnc3OC)c(C)c1;COc1ccc(C)c(S(=O)(=O)N2CCc3c2ccnc3OC)c1;Cc1ccc(C)c(S(=O)(=O)NC(Cc2ccncc2)C(=O)O)c1;CCc1cccc(S(=O)(=O)NC(Cc2ccncc2)C(=O)O)c1;Cc1ccc(S(=O)(=O)NC(Cc2ccncc2)C(=O)O)cc1C
m_4b55af,Cc1cc(C)c(C(=O)N2CC(O)CC2c2cccc(F)c2)[nH]1;Cc1ccn(C)c1C(=O)N1CC(O)CC1c1cccc(F)c1;Cc1ccn(C)c1C(=O)N1C(O)CCC1c1cccc(F)c1;Cc1cc(C)c(C(=O)N2CCCC2c2cc(F)ccc2O)[nH]1;Cc1ccn(C)c1C(=O)N1CCCC1c1cccc(F)c1O;Cc1ccn(C)c1C(=O)N1CCC(O)C1c1cccc(F)c1;Cc1ccn(C)c1C(=O)N1CCCC1c1cc(F)ccc1O;Cc1cc(C)c(C(=O)N2CCC(O)C2c2cccc(F)c2)[nH]1;Cc1cc(C)c(C(=O)N2CCCC2(O)c2cccc(F)c2)[nH]1;Cc1ccn(C)c1C(=O)N1CCCC1(O)c1cccc(F)c1;Cc1cc(C)c(C(=O)N2CCCC2c2cccc(F)c2O)[nH]1;Cc1cc(C)c(C(=O)N2C(O)CCC2c2cccc(F)c2)[nH]1;Cc1cc(C)c(C(=O)N2CCCC2c2ccc(O)c(F)c2)[nH]1;Cc1cc(C)c(C(=O)N2CCCC2c2cc(O)cc(F)c2)[nH]1;Cc1ccn(C)c1C(=O)N1CCCC1c1ccc(O)c(F)c1;Cc1ccn(C)c1C(=O)N1CCCC1c1cc(O)cc(F)c1;Cc1cc(CO)c(C(=O)N2CCCC2c2cccc(F)c2)[nH]1;Cc1cc(CO)[nH]c1C(=O)N1CCCC1c1cccc(F)c1;Cn1ccc(CO)c1C(=O)N1CCCC1c1cccc(F)c1;Cc1[nH]c(C(=O)N2CCCC2c2cccc(F)c2)c(C)c1O;Cc1cccn(CC(=O)N(c2ccc(F)cc2)C(C)C)c1=O;Cn1ccc(CN2CCOC(c3ccc(F)cc3)C2)cc1=O;Cc1c(O)cn(C)c1C(=O)N1CCCC1c1cccc(F)c1;Cc1cc(O)n(C)c1C(=O)N1CCCC1c1cccc(F)c1;Cc1ccn(CO)c1C(=O)N1CCCC1c1cccc(F)c1
m_4b86b5,CC(C1CC1)N(C)C(=O)Cc1cc(Cl)c2c(c1)OCCCO2;Cc1c(CC(=O)NC(C)C2CC2)cc2c(c1Cl)OCCCO2;Cc1c(CC(=O)NC(C)C2CC2)cc(Cl)c2c1OCCCO2;CC(C1C=C1)N(C)C(O)Cc1cc(Cl)c2c(c1)OCCCO2;CC(C1=CC1)N(C)C(O)Cc1cc(Cl)c2c(c1)OCCCO2;CCC(Oc1ccccc1Cl)C(=O)N1CC2(CCOCC2)C1;CC(=C1CC1)N(C)C(O)Cc1cc(Cl)c2c(c1)OCCCO2;CC(C1CC1)N(C)C(O)Cc1cc(Cl)c2c(c1)OCC=CO2;CC(C1CC1)N(C)C(O)Cc1cc(Cl)c2c(c1)OC=CCO2;O=C(COc1ccc(Cl)cc1)N1CCC(C2CCOC2)CC1;O=S1(=O)NC2CN(CC3CCCC3)CC2Oc2ncccc21;CC(C)NCC1COCc2nc3cc(S(C)(=O)=O)ccc3n21;CN1CC2CN(Cc3ccc(S(C)(=O)=O)cc3)CCN2C1=O;COc1ccc(C=CC(=O)Nc2ncc3c(n2)CCCC3=O)cc1;CC1CC(CCNC(=O)C2COc3ccc(Cl)cc32)CCO1;O=C(O)CC1CCCN1Cc1cc(Cl)ccc1OCC1CC1;NS(=O)(=O)N1CCCC1C(=O)NCC1(c2ccccc2)CC1;CC1(C)CC(=O)c2cnc(NC3OC(=O)c4ccccc43)nc2C1;O=S(=O)(NCC1CC1)c1cccnc1N1CC2CC2(CO)C1;COc1ccc(CCC(=O)Nc2ccc3nc[nH]c(=O)c3c2)cc1;C=CC(C)(C)C1=Nc2ccccc2C1=Cc1[nH]c(=O)c(=O)[nH]c1O;COc1cc(C=C(C)c2n[nH]c(-c3ccccc3O)n2)ccc1O;COc1cccc(C(=O)NCc2noc(Cc3ccccc3)n2)c1;COCC1(C)CN(C(=O)C2CC2c2cccc(Cl)c2)CCO1;O=C(NC1CCOC2(CCCCC2)C1)c1ccc(Cl)c(O)c1
m_4bb17c,OC1(Cc2nc(C3CC3)no2)CCCN(CCn2cncn2)C1;OC1CC(Cc2nc(C3CC3)no2)CN(CCn2cncn2)C1;OC1CCN(CCn2cncn2)CC1Cc1nc(C2CC2)no1;OC(c1nc(C2CC2)no1)C1CCCN(CCn2cncn2)C1;OC1(c2noc(CC3CCCN(CCn4cncn4)C3)n2)CC1;OC(CN1CCCC(Cc2nc(C3CC3)no2)C1)n1cncn1;CC(C)(C)c1cc(C(=O)N2CCC(O)(Cn3ccnn3)C2)[nH]n1;Cn1c(CN2CCCCC2Cn2cncn2)cc(=O)n(C)c1=O;CC(C)c1nc(C2CCCN2C(=O)CCCn2cncn2)no1;OC1CC1c1noc(CC2CCCN(CCn3cncn3)C2)n1;OC1CCC(Cc2nc(C3CC3)no2)CN1CCn1cncn1;Cc1cc(NC(=O)C(C)N2CCC(Cn3ccnn3)CC2)no1;OC1C(Cc2nc(C3CC3)no2)CCCN1CCn1cncn1;OC(Cn1cncn1)N1CCCC(Cc2nc(C3CC3)no2)C1;Cc1cc(NC(=O)CCN2CCCC(Cn3cncn3)C2)no1;CC(C)c1[nH]ncc1C(=O)N1CCCC(O)(Cn2ccnn2)C1;CCCc1noc(CCC(=O)N2CCCC(n3cncn3)C2)n1;CC(C)c1cc(NC(=O)N2CCC(Cn3ccnn3)CC2)no1;CC(C)Cn1cc(C(=O)N2CCC(O)(Cn3ccnn3)C2)cn1;CCc1noc(CCCC(=O)N2CCCC(n3cncn3)C2)n1;Cc1nn(C)c(C)c1OCC(=O)N1CCCCC1c1nc[nH]n1;CC(C(=O)N1CC2CC(C1)C1CCCC(=O)N1C2)n1cnnn1;Oc1ncnn1CCN1CCCC(Cc2nc(C3CC3)no2)C1;Oc1ncn(CCN2CCCC(Cc3nc(C4CC4)no3)C2)n1;CCn1cc(C2OCCCC2NC(=O)C(C)n2cncn2)cn1
m_4bc064,CSC(C)C(=O)Nc1cc(C(=O)O)ccc1OC(C)C;CSC(C)C(=O)Nc1ccc(C(=O)O)cc1OC(C)C;CSC(C)C(=O)Nc1cccc(C(=O)O)c1OC(C)C;CSC(C)C(=O)Nc1c(OC(C)C)cccc1C(=O)O;Cc1ccc(C(=O)N2CCS(=O)(=O)C(C)(C)C2)cc1O;C=CCSCC(NCc1ccc(O)c(OC)c1)C(=O)O;C=CCN(CC=C)S(=O)(=O)c1ccc(OC)c(OC)c1;COc1cccc(CN(C)C(=O)C2CCS(=O)(=O)C2)c1;COc1cc(C=CCNC(CCS)C(=O)O)ccc1O;COC(=O)c1ccc(CN(C)C2CCS(=O)(=O)C2)cc1;Cc1ccc(O)c(C(=O)N2CCC(C)S(=O)(=O)CC2)c1;O=S(=O)(c1ccc2c(c1)OCCCO2)N1CCCCC1;COc1ccccc1CNC(=O)CC1CCS(=O)(=O)C1;C=CCN(CC=C)S(=O)(=O)c1cc(OC)ccc1OC;COCc1ccc(C(=O)N(C)C2CCS(=O)(=O)C2)cc1;CC(C)c1nnc(CNC(C)c2ccc(F)cc2Cl)o1;COCc1cccc(S(=O)(=O)N2CC3C(CO)C3C2)c1;C[S+]([O-])c1cccc(NC(=O)COCC2CCCO2)c1;CC1CN(S(=O)(=O)c2ccc3c(c2)CCO3)CC1CO;CCOC(=O)C1CSC(c2ccc(OC)c(OC)c2)N1;CSCCC(NC(Cc1ccccc1)C(=O)O)C(=O)O;CCC1CN(S(=O)(=O)c2ccc3c(c2)CCO3)CCO1;COc1ccc2c(c1)CN(S(=O)(=O)C1CCOC1)CC2;CCOc1cccc(C(=O)N2CCC(S(C)(=O)=O)C2)c1;COC1CCN(S(=O)(=O)c2ccc3c(c2)CCCO3)C1
m_4fb975,CC1CCN(CC2CCCN(C(=O)NCc3cccc4c3OCO4)C2)CC1;O=C(NCc1cccc2c1OCO2)N1CCCC(CN2CCCCCC2)C1;CC(C)=CCc1ccc(CNC(=O)NCC2CCN(C)CC2)c2c1OCO2;CC(C)=CCc1ccc2c(c1CNC(=O)NCC1CCN(C)CC1)OCO2;CC(C)=CCc1cc(CNC(=O)NCC2CCN(C)CC2)c2c(c1)OCO2;CC1CCN(CC2C=CCN(C(O)NCc3cccc4c3OCO4)C2)CC1;COc1ccc(C(=O)N2CC3COCCN3C3(CN(CC(C)C)C3)C2)cc1;CC(C)CN1CC2(CN(Cc3cccc(C(=O)O)c3)CC3CC(O)CN32)C1;OC(NCc1cccc2c1OCO2)N1CCCC(CN2CCC=CCC2)C1;CC1CCN(CC2=CCCN(C(O)NCc3cccc4c3OCO4)C2)CC1;COc1cccc(C(=O)N2CC3COCCN3C3(CN(CC(C)C)C3)C2)c1;CC1=CCN(CC2CCCN(C(O)NCc3cccc4c3OCO4)C2)CC1;CC1CCN(CC2=CN(C(O)NCc3cccc4c3OCO4)CCC2)CC1;OC(NCc1cccc2c1OCO2)N1CCC=C(CN2CCCCCC2)C1;OC(NCc1cccc2c1OCO2)N1CCCC(CN2CC=CCCC2)C1;O=C(O)CC1CCN(C(=O)Nc2ccccc2)CC1CCN1CCCCC1;CC1CCN(CC2CC=CN(C(O)NCc3cccc4c3OCO4)C2)CC1;CC(C)CN1CC2CC(O)CN2C2(C1)CN(Cc1cccc(C(=O)O)c1)C2;OC(NCc1cccc2c1OCO2)N1C=C(CN2CCCCCC2)CCC1;CN(CC1CCCN2CCCCC12)C(=O)NCC1COc2ccccc2O1;OC(NCc1cccc2c1OCO2)N1CC=CC(CN2CCCCCC2)C1;CC1CCN(CCNC(=O)N2CCCC2c2cccc3c2OCCO3)CC1;OC(NCc1cccc2c1OCO2)N1C=CCC(CN2CCCCCC2)C1;CC(NC(=O)NC1CCN(C2CCCCC2)CC1)c1ccc2c(c1)OCO2;OC(NCc1cccc2c1OCO2)N1CCCC(=CN2CCCCCC2)C1
m_517c87,Cc1cccc(Cl)c1OCC(=O)N1CCC2(CCN(C)CC2)C1;Cc1ccc(Cl)cc1OCC(=O)N1CC2(CCNCC2)CC1C;Cc1ccc(C)c(OCC(=O)N2CCC3(CCNCC3)C2)c1Cl;Cc1ccc(Cl)c(OCC(=O)N2CCC3(CCNCC3)C2)c1C;CN1CCCC1C1CCCN1C(=O)CC(O)c1ccc(Cl)cc1;Cc1cc(C)c(OCC(=O)N2CCC3(CCNCC3)C2)c(Cl)c1;Cc1cccc(Cl)c1OCC(O)N1CCC2(C=CN(C)CC2)C1;Cc1cccc(Cl)c1OCC(O)N1C=CC2(CCN(C)CC2)C1;CC(O)C(=O)NC(c1ccc(Cl)cc1)C1CC2CCC(C1)N2C;COCC(=O)NC(c1ccc(Cl)cc1)C1CC2CCC(C1)N2C;O=C(CN1CCC(Oc2ccccc2Cl)CC1)NCC1CCC1;Cc1cc(C)c(NC(=O)C(C)N2C3CCC2CC(O)C3)c(Cl)c1;COc1ccc(CCNC(=O)CC2CC3CCC(C2)N3)c(Cl)c1;CC(C(=O)Nc1cccc(Cl)c1)N1CCC2(CCOCC2)CC1;COc1cc(CCNC(=O)N2CCCC3(CCC3)C2)ccc1Cl;O=C(Cc1ccc(Cl)cc1)N1CCC(CO)(NCC2CC2)CC1;Cc1ccc(C(=O)N2CCC(C3CC(N)CCO3)CC2)c(Cl)c1;CN1CCC(C2OCCC2C(=O)NCc2ccccc2Cl)CC1;Cc1nsc(N2CCN(CC(O)CC3(O)CCC3)CC2)c1C#N;CC1(C)C(NC(=O)Cc2ccc(Cl)cc2)CC1N1CCOCC1;O=C(CCc1ccccc1Cl)N1CCN(C2CCCC2O)CC1;O=C(Cc1ccccc1Cl)N1CCCCC1CN1CCOCC1;CNC(=O)NC(=O)CN1CCC(C(=O)Nc2ccc(F)cc2)CC1;O=C(CN1CCOC(c2ccc(Cl)cc2)C1)N1CCCCCC1;COc1ccc(-c2noc(C3CCCN3Cc3ccccc3)n2)cn1
m_53dfe2,Cc1ccccc1CS(=O)(=O)NC1(CN)CCCC1;Cc1ccc(S(=O)(=O)NCC2CCCNC2)c(C)c1;Cc1ccc(C)c(S(=O)(=O)NCCC2CCNC2)c1;Cc1ccc(S(=O)(=O)NCCC2CCNC2)c(C)c1;CCc1ccccc1S(=O)(=O)NC1CCNCC1C;Cc1ccc(C)c(S(=O)(=O)NCC2CCCN2C)c1;C(=Cc1ccc(C=Cc2ccccc2)cc1)c1ccccc1;Cc1ccc(S(=O)(=O)N2CCC(CN)CC2)c(C)c1;Cc1ccc(C)c2c1C1c3ccccc3C2c2ccccc21;C(=Cc1cccc(C=Cc2ccccc2)c1)c1ccccc1;c1ccc2c(CCc3cccc4ccccc34)cccc2c1;Cc1ccccc1CN1CCCN(S(C)(=O)=O)CC1;Cc1ccc2ccccc2c1-c1c(C)ccc2ccccc12;CC(C)c1ccccc1S(=O)(=O)NC(CN)C1CC1;CC1CCCCN1S(=O)(=O)c1ccc(CCN)cc1;CC12c3ccccc3C(C)(c3ccccc31)c1ccccc12;CNCC1CCN(S(=O)(=O)c2cc(C)ccc2C)C1;Cc1ccc(S(=O)(=O)N(C)C2CCNCC2)c(C)c1;CS(=O)(=O)Cc1ccc(CNC2CCCNC2)cc1;CCc1ccccc1S(=O)(=O)N1CC(CN(C)C)C1;Cc1ccc(C)c(S(=O)(=O)N(C)CC2CCCN2)c1;Cc1cc(C)c(S(=O)(=O)NCC2CCCN2)cc1C;CC(C)C(C)NS(=O)(=O)N1CCc2ccccc2C1;Cc1ccc(C)c(S(=O)(=O)NCC2CCCN2)c1C;CC(c1ccc(S(C)(=O)=O)cc1)N1CCC(N)CC1
m_55fde0,Cc1cn2c(=O)c(C(=O)NC(C)(CO)C3CCCCC3)cnc2s1;Cc1cn2c(=O)c(C(=O)NC(C)(C)C3(O)CCCCC3)cnc2s1;Cc1cn2c(=O)c(C(=O)NC(C)(C)C3CCCCC3O)cnc2s1;Cc1cn2c(=O)c(C(=O)NC(C)(C)C3CCCC(O)C3)cnc2s1;Cc1cn2c(=O)c(C(=O)NC(C)(C)C3CCC(O)CC3)cnc2s1;C=CC(COCCC(C)C)NC(=O)c1cnc2sc(C)cn2c1=O;CCC(COCC=C(C)C)NC(=O)c1cnc2sc(C)cn2c1=O;CC(C)(NC(=O)c1cnc2sc(CO)cn2c1=O)C1CCCCC1;Cc1cn2c(=O)c(C(=O)NC(C)(C)C3CCCCC3)c(O)nc2s1;Cc1cn2c(=O)c(C(O)NC(C)(CO)C3=CCCCC3)cnc2s1;Cc1sc2ncc(C(=O)NC(C)(C)C3CCCCC3)c(=O)n2c1O;Cc1cn2c(=O)c(C(O)NC(C)(CO)C3CC=CCC3)cnc2s1;Cc1cn2c(=O)c(C(O)NC(C)(CO)C3C=CCCC3)cnc2s1;CCC(CO)NC(=O)c1c(CC=C(C)C)nc2sc(C)cn2c1=O;C=CC(CO)NC(=O)c1c(CCC(C)C)nc2sc(C)cn2c1=O;CCC(CO)NC(=O)c1cnc2sc(C)c(CC=C(C)C)n2c1=O;CCCCCCCC(=O)Nc1nnc(-c2ccc(O)c(OC)c2)s1;C=CC(CO)NC(=O)c1cnc2sc(C)c(CCC(C)C)n2c1=O;CC1CCCCC1N(C)C(=O)c1nc(S(C)(=O)=O)n2ccccc12;CC1CCN(CC(O)CNC(=O)c2csc(-c3ccoc3)n2)CC1;C=CC(CO)NC(O)c1c(CC=C(C)C)nc2sc(C)cn2c1=O;O=S(=O)(c1c[nH]c2ncccc12)N1CCOC2(CCCCCC2)C1;C=CC(CO)NC(O)c1cnc2sc(C)c(CC=C(C)C)n2c1=O;CC(C)(C)Cc1csc(NC(=O)c2coc(C3CCOCC3)n2)n1;C=CC(COCC=C(C)C)NC(O)c1cnc2sc(C)cn2c1=O
m_5667e2,CC(C)(C)C(=O)N1CCC(C(=O)N(CCO)Cc2ccccc2)CC1;CC(O)N(Cc1ccccc1)C(=O)C1CCN(C(=O)C(C)(C)C)CC1;CCN(Cc1ccccc1)C(=O)C1CCN(C(=O)C(C)(C)CO)CC1;CCC(CC)(CO)NC(=O)C1CCCN(C(=O)Cc2ccccc2)C1;CCN(Cc1ccccc1)C(=O)C1(O)CCN(C(=O)C(C)(C)C)CC1;CCC(C)(CCO)NC(=O)C1CCCN(C(=O)Cc2ccccc2)C1;CCN(Cc1ccccc1)C(=O)C1CCN(C(=O)C(C)(C)C)C(O)C1;CCC(C)(NC(=O)C1CCCN(C(=O)Cc2ccccc2)C1)C(C)O;CCN(Cc1ccccc1)C(=O)C1CCN(C(=O)C(C)(C)C)CC1O;CC(C)(C)C(O)N1CCC(C(=O)N(C=CO)Cc2ccccc2)CC1;O=C(C1CCCCN1Cc1ccccc1)N1CCCC(OCCO)C1;CCN(C(=O)C1CCN(C(=O)C(C)(C)C)CC1)C(O)c1ccccc1;CC(C)(C)C(=O)N1CC=C(C(O)N(CCO)Cc2ccccc2)CC1;CCOCC(=O)N1CCC2(CC1)CN(Cc1ccccc1)CC(C)O2;CCN(Cc1ccccc1O)C(=O)C1CCN(C(=O)C(C)(C)C)CC1;CC(C)(C)C(=O)N1CCC(C(O)N(C=CO)Cc2ccccc2)CC1;CCC(C)(CC)NC(=O)C1CCCN(C(=O)C(O)c2ccccc2)C1;CCN(Cc1cccc(O)c1)C(=O)C1CCN(C(=O)C(C)(C)C)CC1;CN(CC1(O)CCN(Cc2ccccc2)C1)C(=O)C1(O)CC(C)(C)C1;CC(C)(C)C(=O)N1C=CC(C(O)N(CCO)Cc2ccccc2)CC1;CCN(Cc1ccc(O)cc1)C(=O)C1CCN(C(=O)C(C)(C)C)CC1;CC(C)(C)C(O)N1CC=C(C(=O)N(CCO)Cc2ccccc2)CC1;CN(C)C(C(=O)N1CCC(C(=O)OC(C)(C)C)CC1)c1ccccc1;CC(C)(C)C(O)N1C=CC(C(=O)N(CCO)Cc2ccccc2)CC1;CCC(C)(CC)NC(=O)C1(O)CCCN(C(=O)Cc2ccccc2)C1
m_568a04,CCc1cc(C(=O)N2CC(O)C(CC(=O)NC)C2)ccc1Br;CCc1cc(C(=O)N2CC(O)C(CC(N)=O)C2)c(C)cc1Br;CCc1c(Br)ccc(C(=O)N2CC(O)C(CC(N)=O)C2)c1C;CCc1cc(C(=O)N2CC(O)C(CC(N)=O)C2)cc(C)c1Br;CCc1cc(C(=O)N2CC(O)=C(CC(O)NC)C2)ccc1Br;CCc1cc(C(=O)N2CCC(O)(CC(=O)NC)C2)ccc1Br;CCc1cc(C(=O)N2CC(CC(N)=O)C(OC)C2)ccc1Br;CCc1cc(C(=O)N2CC(=CC(O)NC)C(O)C2)ccc1Br;CCc1cc(C(=O)N2CCC(CC(=O)NCO)C2)ccc1Br;CNC(=O)CC1CCN(C(=O)c2ccc(Br)c(CCO)c2)C1;CCc1cc(C(=O)N2C=C(CC(O)NC)C(O)C2)ccc1Br;CCc1cc(C(=O)N2CCC(CC(=O)NC)C2)cc(O)c1Br;CCc1cc(C(=O)N2CC(CC(=O)NC)CC2O)ccc1Br;N=C1N(O)C(CO)C2NC(N)=NC23N1CC(OS(=O)(=O)O)C3(O)O;CC(CNC(=O)N1CC2CCC(C1)O2)Oc1ccccc1Br;CCc1cc(C(=O)N2CCC(C(O)C(=O)NC)C2)ccc1Br;CCc1cc(C(O)N2C=C(O)C(CC(=O)NC)C2)ccc1Br;CCc1cc(C(=O)N2CCC(CC(=O)NC)C2O)ccc1Br;CCc1cc(C(=O)N2CCC(CC(=O)NC)C2)c(O)cc1Br;CCc1cc(C(O)N2C=C(CC(=O)NC)C(O)C2)ccc1Br;CNC(=O)CC1CCN(C(=O)c2ccc(Br)c(C(C)O)c2)C1;CCc1cc(C(O)N2CC(=CC(=O)NC)C(O)C2)ccc1Br;CC(C)(C)N1CC(NC(=O)COc2ccc(Br)cc2)CC1=O;COC(=O)c1cc(C(=O)OC)c(C(=O)OC)c(C(=O)OC)c1C(=O)OC;O=C(Nc1cc(Cl)ccc1OCC1CCCO1)c1ncc(F)cc1F
m_56bcbe,Clc1ccc(CN2CCC(n3ccnn3)C2)c2ncccc12;CCN(CC(=O)O)C1CC(NC(=O)c2cc(OC)ns2)C1;CC(=Nc1cccc2ccccc12)c1cc2ccccc2oc1=O;Cc1nc(C2CCN(S(=O)(=O)C3CC3)CC2)[nH]c1C(=O)O;CC(=Nc1ccc2ccccc2c1)c1cc2ccccc2oc1=O;Oc1ccc(-c2cc(=Nc3ccccc3)c3ccccc3o2)cc1;O=C1CCN(S(=O)(=O)N2CCCC2c2ccco2)CCN1;CCc1c(NCc2ncccn2)cnn1-c1ccc(Cl)cc1;Cc1ccc2c(c1)C(=Cc1ccc3c(c1)OCO3)c1cccnc1-2;O=C(O)c1cccc2c(-c3ccccc3)c(-c3ccccc3)[nH]c12;Cc1nccn1CC1CN(c2ncnc3ccc(Cl)cc23)C1;Clc1cnc2nc(N3CCC(c4ncc[nH]4)CC3)ccc2c1;Cc1ccnc(N2CCN(c3ncc(C#N)cc3Cl)CC2)c1;CC(C)n1cc(S(=O)(=O)N2C3CCC2C(C(=O)O)C3)cn1;CC(C)Oc1ccc(CN2CCOCC2C(=O)O)cc1Cl;NC(=O)CCCNC(=O)NCCS(=O)(=O)c1ccccc1;CCCCN(CC)S(=O)(=O)c1cc(-c2nnc(C)o2)co1;CC12OC(=O)C1(C(O)C1C=CCCC1)NC(=O)C2CCCl;CC1CN(S(=O)(=O)c2ccc(N(C)C)nc2)CC1C(=O)O;COCCS(=O)(=O)NC1CC(=O)N(C)C1c1cccnc1;CN(C)Cc1c(O)ccc2c1OC(=Cc1ccc(F)cc1)C2=O;N#Cc1cnc(N2CCN(Cc3cccnc3)CC2)c(Cl)c1;COc1ccc(NC(=O)CN2CCCN(C)S2(=O)=O)cc1;CN(C)Cc1c(O)ccc2c1OC(=Cc1cccc(F)c1)C2=O;CC1C(=O)NCCN1S(=O)(=O)N1CCCC1c1ccco1
m_572a36,Cc1cc(C2CCCN(C(=O)c3c[nH]nc3-c3cccc(Cl)c3)C2)[nH]n1;Cc1n[nH]cc1C1CCN(C(=O)c2ccn(-c3ccccc3Cl)n2)CC1;Cn1cc(C2CCCCN2C(=O)c2cn(-c3cccc(Cl)c3)cn2)cn1;Cc1[nH]nc(NC(=O)C2CCn3c(cnc3C)C2)c1-c1ccc(Cl)cc1;Cc1cc(C2C=CCN(C(O)c3c[nH]nc3-c3cccc(Cl)c3)C2)[nH]n1;Cc1cc(C2=CCCN(C(O)c3c[nH]nc3-c3cccc(Cl)c3)C2)[nH]n1;Cc1cc(C2CC=CN(C(O)c3c[nH]nc3-c3cccc(Cl)c3)C2)[nH]n1;Cc1cc(C2=CN(C(O)c3c[nH]nc3-c3cccc(Cl)c3)CCC2)[nH]n1;O=C(c1[nH]c2ccccc2c1Cl)N1CCC(c2nncn2C2CC2)CC1;Cc1noc(C)c1S(=O)(=O)N1CC2C(OCC3CC3)C(=O)N(C)C2C1;COCCC(=O)Nc1ccc2n(c1=O)CC1CC2CN(S(C)(=O)=O)C1;CN1CCOC(C(=O)Nc2cc(S(=O)(=O)N3CCCC3)ccc2O)C1;CCOC(=O)C1CCN(S(=O)(=O)c2cc3n(c2)CCCNC3=O)CC1;Cc1cc(C)cc(N=c2cc(-c3ccc4c(c3)OCO4)oc3ccccc23)c1;Cc1ccnc(N2CCN(Cc3nc4ccc(Cl)cc4c(=O)[nH]3)CC2)c1;Cc1ccc2c(=Nc3ccccc3)cc(-c3ccc4c(c3)OCCO4)oc2c1;Cc1ccc(C(=O)Nc2ccc3c(C)c(C(=O)c4ccccc4)oc3c2)cc1;Cc1ccc(N=c2cc(-c3ccc4c(c3)OCO4)oc3ccccc23)c(C)c1;Cc1cn(-c2ccccc2Cl)nc1NC(=O)N(C)C(C)c1ccccn1;Cc1ccc(N=c2cc(-c3ccc4c(c3)OCO4)oc3ccccc23)cc1C;Cc1ccc(-c2cc(=O)c3cc(NC(=O)c4ccccc4C)ccc3o2)cc1;Cc1cccc(-c2cc(=O)c3cc(NC(=O)c4ccccc4C)ccc3o2)c1;Cc1cccc(N2COc3ccc4c(-c5ccccc5)cc(=O)oc4c3C2)c1;O=c1c(-c2ccccc2)coc2c3c(ccc12)OCN(Cc1ccccc1)C3;Cc1ccccc1N1COc2ccc3c(-c4ccccc4)cc(=O)oc3c2C1
m_57bec0,O=C(Nc1ccc2nncn2c1)c1ccccc1OCC1CCCO1;OC(Nc1ccc2nncn2c1)c1ccccc1OCC1=CCCO1;OC(Nc1ccc2nncn2c1)c1ccccc1OCC1C=CCO1;COc1ccccc1C(=O)Nc1cccc(OCCn2cncn2)c1;COc1cccc(C(=O)Nc2cccc(OCCn3cncn3)c2)c1;O=C(NCc1nc(-c2ccco2)n[nH]1)c1ccccc1OCC1CC1;COc1ccccc1C(=O)NCC1COCc2nc3cccnc3n21;COc1ccc(-c2nc(CNC(=O)c3cccc(OC)c3)n[nH]2)cc1;COc1ccc(-c2nc(CNC(=O)c3ccccc3OC)n[nH]2)cc1;O=C(Cn1cc(NC(=O)C2=Cc3ccccc3OC2)cn1)NC1CC1;COc1ccc(C(=O)NCC2COCc3nc4cccnc4n32)cc1;OC(Nc1ccc2nncn2c1)c1ccccc1OCC1CC=CO1;COc1ccc(OC(C)C(=O)Nc2cccc(-c3nnc[nH]3)c2)cc1;CC1COc2ccccc2CN1C(=O)c1cnc2c(cnn2C)c1O;O=C(COc1ccccc1)NCC1COCc2nc3cccnc3n21;Oc1ccccc1CN1CC(O)CC1c1nc(-c2ccncc2)no1;OC(Nc1ccc2nncn2c1)c1ccccc1OC=C1CCCO1;COc1ccccc1C(NC(=O)Nc1ccccc1)c1noc(C)n1;NC(=O)c1nccnc1C(=O)N1CCC2(CCc3ccccc3O2)C1;COc1cccc(CC(=O)NCC(=O)Nc2nc3ccccc3[nH]2)c1;O=C(c1ncccn1)N1CC2C(O)C(=O)N(Cc3ccccc3)C2C1;CCOc1ccc(C(=O)Nc2cccc(-c3ncn[nH]3)c2)cc1OC;COc1cc(OC)cc(C(=O)Nc2ccccc2-c2nncn2C)c1;COc1ccccc1C=CC(=O)NCC(=O)NN=Cc1cccnc1;Cc1nn(C)c2ncc(NC(=O)c3ccc4c(c3)OCCCO4)cc12
m_57f31b,CC(=O)N1CCC(Nc2ccc(C)cc2OCC(F)(F)F)CC1;CC(=O)N1CCC(Nc2cccc(OCC(F)(F)F)c2C)CC1;O=C(CC1CCNCC1)NCc1ccc(OCC(F)(F)F)cc1;COC(=O)c1ccc2c(c1)CCN2C(=O)CN1CCCCCC1=O;COc1ccc2c(c1)CN(C(=O)C1CCC1)CCC1COC(=O)N21;O=C(O)c1ccc(CNC(=O)C2CCCN(C(=O)C3CC3)C2)cc1;COc1ccc(-c2noc(C(=O)N3CCCCC3)c2C(C)O)cc1;CC(Cc1ccccc1C(F)(F)F)NC(=O)N1CCCC(O)C1;CNCC1CCN(C(=O)C(C)Oc2ccccc2C(F)(F)F)C1;CNC1CCN(C(=O)C(C)Oc2ccccc2C(F)(F)F)CC1;CC(Cc1ccccc1C(F)(F)F)NC(=O)N1CCCC1CO;CN1CCCC(O)(CC(=O)NCc2ccc(C(F)(F)F)cc2)C1;COc1cc2c(cc1OC)CC(=O)N(CC(=O)N1CCCC1)C=C2;CCN(CC)CC(=O)N1CCCc2c1c(=O)oc1ccc(O)cc21;COCC1(C(=O)N(C)Cc2ccccc2C(F)(F)F)CCCN1;COc1cccc(NC(=O)CN2CCC(C(F)(F)F)C2(C)C)c1;O=C(O)C1CCCCN1C(=O)Cc1ccc(N2CCCC2=O)cc1;COc1ccc(-c2noc(C(C)O)c2C(=O)N2CCCCC2)cc1;CCOc1ccc(NC(=O)CN2CCC(C(F)(F)F)CC2)cc1;CC(N)C1CCCN(C(=O)Cc2ccc(OC(F)(F)F)cc2)C1;O=C(O)CCN1CCCN(Cc2ccc(C(F)(F)F)cc2)CC1;NC(=O)CCCN(O)C1CCC(=O)OC(C(N)=O)CCN=C1O;CC(NC(=O)C(C)NC(=O)C(N)CCC1(O)CN=C1O)C(=O)O;CC(N)C1CCCN(C(=O)COc2cccc(C(F)(F)F)c2)C1;NCC1CCCCN1C(=O)CCc1ccccc1OC(F)(F)F
m_59b1bd,CC1(C(=O)O)CCN(C(=O)c2ccccc2OCC2CCCO2)C1;O=C(O)C1CCCN(C(=O)c2ccccc2OCC2CCCO2)C1;CC1(C(=O)O)CCN(C(=O)c2cccc(OCC3CCCO3)c2)C1;CC1(C(=O)O)CCN(C(=O)c2ccc(OCC3CCCO3)cc2)C1;O=C(O)C1CCN(C(=O)c2cccc(OCC3CCCO3)c2)CC1;O=C(O)C1CCCN(C(=O)c2cccc(OCC3CCCO3)c2)C1;O=C(O)C1CCN(C(=O)c2ccc(OCC3CCCO3)cc2)CC1;O=C(O)C1CCN(C(=O)c2ccc(OC3CCOCC3)cc2)CC1;O=C(O)CN(C(=O)c1ccc(OCC2CC2)cc1)C1CCOCC1;O=C(O)c1cccc(C(=O)N2CCCCC2)c1OCC1CCCO1;O=C(O)CC1CN(C(=O)c2cccc(OC3CCCC3)c2)CCO1;O=C(O)C1CN(C(=O)c2ccccc2OC2CCCCC2)CCO1;CC1(C(=O)O)CCN(C(O)c2ccccc2OCC2=CCCO2)C1;CC1CCN(C(=O)c2c(OCC3CCCO3)cccc2C(=O)O)C1;O=C(O)c1ccc(OCC2CCCO2)c(C(=O)N2CCCCC2)c1;CC1CCN(C(=O)c2cccc(C(=O)O)c2OCC2CCCO2)C1;CC1CCN(C(=O)c2ccc(C(=O)O)cc2OCC2CCCO2)C1;CC1CCN(C(=O)c2cc(C(=O)O)ccc2OCC2CCCO2)C1;CC1(C(=O)O)CCN(C(O)c2ccccc2OCC2CC=CO2)C1;O=C(O)C1CCCN(C(O)c2ccccc2OCC2=CCCO2)C1;O=C(O)c1ccc(C(=O)N2CCCCC2)c(OCC2CCCO2)c1;O=C(O)c1cccc(OCC2CCCO2)c1C(=O)N1CCCCC1;O=C(O)COc1cccc(C(=O)N2CCCC3(CCOCC3)C2)c1;COc1cccc(C(=O)NCC2=CCCO2)c1OCC1CCCO1;O=C(O)COc1ccc(C(=O)N2CCC(C3CCOC3)CC2)cc1
m_59bced,Cc1cc(Br)ccc1C(=O)NCC1CN(C)CCO1;Cc1cc(Br)ccc1C(=O)N(C)CC1CNCCO1;CCCNC(=O)CCNC(=O)c1cc(C)cc(Br)c1;Cc1c(Br)cccc1C(=O)NCC1CNCC(O)C1;Cc1c(Br)cccc1C(=O)NCC1(O)CCCNC1;Cc1c(Br)cccc1C(=O)NCC1CNCCC1O;Cc1c(Br)cccc1C(=O)NC(O)C1CCCNC1;Cc1c(Br)cccc1C(=O)NCC1CCCNC1O;Cc1c(Br)cccc1C(=O)NCC1CCC(O)NC1;CC1CCN(C(=O)NCc2ccc(Br)cc2)CC1O;NC(=O)CN(Cc1cccc(Br)c1)C1CCOCC1;NC(=O)CC1(O)CCCN(Cc2cccc(Br)c2)C1;Cc1c(Br)ccc(C(=O)NCC2CNCCO2)c1C;NC(=O)CC1(O)CCCN(Cc2ccccc2Br)C1;Cc1cc(Br)cc(C)c1C(=O)NCC1CNCCO1;CC(O)C1CCN(C(=O)NCc2ccc(Br)cc2)C1;Cc1cc(C(=O)NCC2CNCCO2)c(C)cc1Br;CCC(C)C(=O)NCC(=O)Nc1ccc(Br)cc1C;O=C(CCN1CCC(O)CC1)Nc1cccc(Br)c1;CC(=O)NC(C(=O)Nc1ccc(Br)c(C)c1)C(C)C;O=C(NCC1CCCNC1)c1cccc(Br)c1CO;Cc1cc(Br)ccc1NC(=O)CN(C)C(=O)C(C)C;O=C(NCCCN1CCOCC1)c1ccccc1Br;CC(Cc1ccc(Br)cc1)NC(=O)C1CC(O)CN1;CCC(Cc1ccccc1Br)C(=O)NCCC(N)=O
m_5ae66f,Cc1n[nH]c(C)c1C1COCCN1C(=O)c1cccc(C(C)C)n1;Cn1cc(C2(C)CN(C(=O)C(N)Cc3ccccc3)CCO2)cn1;Cc1cc(C)c(CNC(=O)C2CCCOC2c2nccn2C)cn1;Cc1cccnc1CCNC(=O)c1cc(C2CCOCC2)nn1C;CCn1cc(C2CN(C(=O)c3ccc(N(C)C)cc3)CCO2)cn1;CCc1cnccc1CNC(=O)C1CCCOC1c1cnn(C)c1;Cc1cc(CN2CCN(C(=O)c3cccc(N(C)C)c3)CC2)no1;Cc1cccnc1CCNC(=O)C1CCCOC1c1nccn1C;CN(C)c1ccc(CN2CC(O)CC2c2nc(C3CC3)no2)cc1;Cn1cc(C2(C)CN(C(=O)CC(N)c3ccccc3)CCO2)cn1;Cc1cc(C)nc(CN2CCOC(C)C2c2nc(C3CC3)no2)c1;Cc1cc(C)c(CN2CC3COCC3(c3nnc(C)o3)C2)c(C)n1;COCCn1ncc2c1C(NC(=O)c1[nH]ccc1C1CC1)CCC2;CNC(=O)c1ccc(CNCC2CCOC2c2cnn(C)c2)cc1;Cc1nn(C)c(C)c1C1OCCC1C(=O)N(C)Cc1ccccn1;COCC(NC(=O)N1CCCCC1c1ncc[nH]1)c1ccccc1;Cc1cnc(CCN2CC3COCC3(c3nnc(C)o3)C2)c(C)c1;Cc1cccc(NC(=O)N2CCOCC2c2c(C)nn(C)c2C)c1;Cc1nn(C)c(C)c1C1OCCC1C(=O)N(C)Cc1ccncc1;Cc1cnc(CCNC(=O)c2n[nH]c3c2CC(C)OC3C)c(C)c1;CCc1cnccc1C(=O)NC1CCOC1c1c(C)nn(C)c1C;CCC(C)n1ncc(C(=O)N(C)c2ccc(OC)nc2)c1C1CC1;CCc1cccc(NC(=O)CN2CCC(c3nc(C)no3)CC2)c1;Cc1nn(C)c(C)c1C1COCCN1C(=O)c1cc[nH]c1C1CC1;CCn1ccnc1C1OCCC1NCc1ccc(C(=O)NC)cc1
m_5bfac3,CC(C(=O)N1CCC(Cc2occc2C(=O)O)CC1)c1ccccc1;CC(C(=O)N1CCC(Cc2cc(C(=O)O)co2)CC1)c1ccccc1;CC(C(=O)N1CCC(Cc2ccc(C(=O)O)o2)CC1)c1ccccc1;CC(C(=O)N1CCC(Cc2ccco2)CC1)c1ccc(C(=O)O)cc1;O=C(O)c1ccccc1CCC(=O)N1CCCCCC1c1ccco1;CC(C(=O)N1CCC(Cc2ccco2)CC1)c1ccccc1C(=O)O;CC(C(=O)N1CCC(Cc2ccco2)CC1)c1cccc(C(=O)O)c1;CC(c1ccccc1)C(O)N1CC=C(Cc2occc2C(=O)O)CC1;CC(c1ccccc1)C(O)N1CCC(=Cc2occc2C(=O)O)CC1;CC(c1ccccc1)C(O)N1C=CC(Cc2occc2C(=O)O)CC1;COc1ccccc1C(C)NC(=O)CC(C)(C(=O)O)c1ccccc1;CCCOC(=O)C1C2C=CC3(CN(C(C)c4ccccc4)C(=O)C13)O2;CC(C(=O)N1CCC(=Cc2occc2C(O)O)CC1)c1ccccc1;CCCOC(=O)C1C2C=CC3(CN(Cc4ccc(C)cc4)C(=O)C13)O2;CC(C(=O)N1CC=C(Cc2occc2C(O)O)CC1)c1ccccc1;COc1ccc(C2CCN(C(C(=O)O)c3cccc(OC)c3)C2)cc1;CCOCc1ccccc1CNC(=O)c1ccc2c(c1)OCCCO2;COc1cc2c(cc1OC)C(C)N(C(=O)COc1ccccc1)CC2;COc1cccc(C(C(=O)O)N2CCC(c3ccccc3OC)C2)c1;Cc1ccccc1C1CC(O)C(O)C1NC(=O)COc1ccccc1;CC(C(=O)N1C=CC(Cc2occc2C(O)O)CC1)c1ccccc1;CCc1cc(C)c(C(=O)N2CCC(C(=O)O)(c3ccccc3)CC2)o1;CC1CN(CCOc2cccc(C(=O)O)c2)CC(c2ccccc2)O1;COc1ccc(CC(=O)NC(CC(C)=O)c2ccccc2)cc1OC;CC1c2ccccc2CCN1CC(O)COc1ccc(C(=O)O)cc1
m_5c710b,O=C(CCc1nnc[nH]1)N1CCN(c2ccccc2Cl)CC1;Cn1cc(NC(=O)N2CCN(c3ccccc3Cl)CC2)cn1;O=C(NCc1cc[nH]n1)N1CCN(c2cccc(Cl)c2)CC1;O=C(NCc1cc[nH]n1)N1CCN(c2ccccc2Cl)CC1;CC(C(=O)N1CCN(c2cccc(Cl)c2)CC1)n1cncn1;OC(C=Cc1nnc[nH]1)N1CCN(c2ccccc2Cl)CC1;O=C(CCn1cncn1)N1CCNC(c2cccc(Cl)c2)C1;OC(CCc1nnc[nH]1)N1C=CN(c2ccccc2Cl)CC1;CN(C)c1ccc(C=CC(=O)c2cc3ccccc3oc2=O)cc1;CN1C2CN(C(=O)N3CCOCC3)CC2OCCS1(=O)=O;CN(C)C(CNC(=O)c1nccnc1N)c1ccccc1Cl;CC(=O)N1CC2OCCS(=O)(=O)N(CC(=O)N(C)C)C2C1;Cc1c(NC(=O)C2CCN(c3ccccc3Cl)C2)nnn1C;COc1ccc2c(c1)C(C)(C)c1nccc3cc4c(c-2c13)OCO4;CCn1cc(C=C2Oc3cc(O)cc(C)c3C2=O)c2ccccc21;Cc1n[nH]nc1C(=O)NC1CCCN(c2ccccc2Cl)C1;CN(C)c1ccc(C=CC(O)=C2C(=O)c3ccccc3C2=O)cc1;CCn1cc(C=C2Oc3cc(OC)ccc3C2=O)c2ccccc21;CCn1cc(C=C2Oc3c(ccc(O)c3C)C2=O)c2ccccc21;COc1ccc2c(c1C)OC(=Cc1cn(C)c3ccccc13)C2=O;COc1ccc(C=CC(=O)c2c(C)[nH]c3ccccc3c2=O)cc1;CCn1c(O)c(C(=O)C=Cc2ccccc2)c(=O)c2ccccc21;O=c1c(-c2ccccc2)coc2c3c(ccc12)OCN(C1CC1)C3;CCOc1ccc2c(c1)OC(=Cc1cn(C)c3ccccc13)C2=O;COc1ccc(-c2cc3n(c2)CCc2cc4c(cc2-3)OCO4)cc1
m_5c8d41,O=C(CCn1cccn1)NC1CCCOc2cc(Cl)ccc21;Cc1cc(CC(=O)NC2CCCOc3cc(Cl)ccc32)n[nH]1;CC(C(=O)N1CCOC(c2ccc(Cl)cc2)C1)n1ccnc1;O=C(CCCn1cccn1)NC1CCOc2c(Cl)cccc21;OC(C=Cn1cccn1)NC1CCCOc2cc(Cl)ccc21;O=C(NCCCn1cccn1)C1COc2ccc(Cl)cc2C1;O=C(NCCCn1ccnc1)C1COc2ccc(Cl)cc2C1;OC(CCn1cccn1)NC1C=CCOc2cc(Cl)ccc21;COc1cccc(Cl)c1CC(=O)N1CCCC1c1ncc[nH]1;OC(CCn1cccn1)NC1CC=COc2cc(Cl)ccc21;OC1CC(NCc2cc(Cl)cc3c2OCC3)C1n1cccn1;OC(CCn1cccn1)NC1=CCCOc2cc(Cl)ccc21;Cc1[nH]ncc1C(=O)N1CCC(Oc2ccccc2Cl)CC1;CCn1ccnc(N2CCC(Oc3ccccc3Cl)C2)c1=O;O=C(O)C(c1cccc(Cl)c1)N1CCC(c2cn[nH]c2)CC1;Cn1ccnc(N2CCCC(Oc3ccccc3Cl)C2)c1=O;O=C(COc1ccccc1Cl)N1CCCC(c2ccn[nH]2)C1;Cc1cc(C(=O)N2CCC(Oc3cccc(Cl)c3)C2)n(C)n1;CC(NC(=O)Cn1cc2c(n1)CCOC2)c1ccc(Cl)cc1;O=C(COc1ccc(Cl)cc1)NCc1cnn2c1CCCC2;CN(C)C(=O)COc1ccccc1CNc1cc(Cl)ccn1;COc1cc(S(=O)(=O)N(CCO)CCO)c(OC)cc1C;Cc1[nH]c(=O)[nH]c1C(=O)NC1(c2ccc(Cl)cc2)CCCC1;CCCN(CC(=O)Nc1ccc(Cl)cc1)C(=O)c1ccc[nH]1;CC1(C)C(=O)NCCN1Cc1coc(-c2cccc(Cl)c2)n1
m_5da1ef,Cc1ccc(CC(C)NC(=O)c2c(C)c(C)n[nH]c2=O)c(C)c1;Cc1ccc(CCN(CC2CCCO2)C(=O)c2cc[nH]n2)cc1;CCC(=O)N1CCC(c2nc(Cc3cc(C)ccc3C)no2)C1;CC(C)c1ccc(C(C)CC(=O)Nc2ccn(C)c(=O)n2)cc1;CC(C)CC(NC(=O)c1cnn2c1OCCC2)c1ccccc1;CCC(=O)N1CCC(c2nc(Cc3cc(C)cc(C)c3)no2)C1;CCC(C(=O)N1CCC(c2nc(C)no2)CC1)c1ccccc1;Cc1ccccc1CCC(=O)N1CCN(Cc2ccon2)CC1;CC(=Cc1ccc(C)cc1C)NC(O)c1c(C)c(C)n[nH]c1=O;Cc1ccc(CNC(=O)Cn2nc(C(C)(C)C)ccc2=O)cc1;CCc1cc(NC(=O)c2c(CC)c(CC)n[nH]c2=O)ccc1C;CC(=O)N1CCC(c2nc(Cc3c(C)cc(C)cc3C)no2)C1;OC1CC(c2nc(C3CC3)no2)N(CCCc2ccccc2)C1;Cc1ccc(C)c(C2CN(C(=O)c3cc(C)n[nH]3)C(C)CO2)c1;Cc1cccc(CC2(C)CCCN2C(=O)c2cc(O)n(C)n2)c1;COc1c(C)cc(CN(C)C(=O)c2n[nH]c3c2CCC3)cc1C;CCOc1ncc(C)cc1NC(=O)N1CC2C3C=CC(C3)C2C1;COc1nn(C)cc1CNC(=O)C1(c2cccc(C)c2)CCC1;CCCC(NC(=O)Cn1cnc(C)c(C)c1=O)c1ccccc1;CCN1OC2(CCN(Cc3ccc(C)c(C#N)c3)CC2)CC1=O;CCc1ccc(C2CN(Cc3noc(C4CC4)n3)CCO2)cc1;Cc1cccc2c1OCCC2NC(=O)c1cc(C(C)C)n(C)n1;CC(C)c1nnc(CCC(=O)NC2CCCc3ccccc32)o1;Cc1cc(C)cc(C(=O)NC(c2nc(C3CC3)no2)C(C)C)c1;CC(=Cc1ccccc1)CN1CC(C)OC(c2nnc(C)o2)C1
m_5dda21,COCc1ccc(CNc2cccc(N3CCCS3(=O)=O)c2)cc1;Cc1cc(CO)ccc1CNc1cccc(N2CCCS2(=O)=O)c1;Cc1cc(CNc2cccc(N3CCCS3(=O)=O)c2)ccc1CO;Cc1ccc(NCc2ccc(CO)cc2)cc1N1CCCS1(=O)=O;Cc1ccc(CNC(=O)CN(Cc2ccccc2)S(C)(=O)=O)cc1;CCCCNS(=O)(=O)c1ccc(NC(=O)c2cccc(C)c2)cc1;Cc1ccc(N2CCCS2(=O)=O)cc1NCc1ccc(CO)cc1;CN(Cc1ccc(CO)cc1)c1cccc(N2CCCS2(=O)=O)c1;COc1c(C)cc(S(=O)(=O)Nc2cccc3c2CN(C)C3)cc1C;CCNS(=O)(=O)c1ccc(CC(=O)NCc2cccc(C)c2)cc1;Cc1c(NCc2ccc(CO)cc2)cccc1N1CCCS1(=O)=O;Cc1cc(NCc2ccc(CO)cc2)cc(N2CCCS2(=O)=O)c1;Cc1ccc(CC(=O)NC(C)c2ccccc2NS(C)(=O)=O)cc1;Cc1ccc(C(=O)NC(C)c2ccccc2NS(C)(=O)=O)c(C)c1;Cc1ccc(C)c(S(=O)(=O)NCC(=O)NCCc2ccccc2)c1;Cc1ccc(CNC2COC(CNC(=O)c3cccs3)C2O)cc1;Cc1ccc(CC(C)C(=O)Nc2cccc(CS(N)(=O)=O)c2)cc1;Cc1ccc(C(=O)NC(C)c2ccccc2NS(C)(=O)=O)cc1C;Cc1ccc(CN(C)C)cc1NS(=O)(=O)c1ccc2c(c1)CCO2;Cc1cc(C)cc(C(=O)NC(C)c2ccccc2NS(C)(=O)=O)c1;CC(=O)Nc1cc(S(=O)(=O)NCCCc2ccccc2)ccc1C;CCOCc1cccc(S(=O)(=O)Nc2cccc3c2CN(C)C3)c1;Cc1cc(S(N)(=O)=O)ccc1CNC(=O)C(C)c1ccccc1C;CC(C)=CCOc1ccc(CC2C(=O)N(C)C(=S)C(=O)N2C)cc1;COc1ccc(C)cc1S(=O)(=O)NC1CNCC1c1ccccc1
m_5fef1c,CC(c1ccccc1)N(CC1CCC1)C(=O)NC1CCC(=O)N(C)C1;Cc1ccccc1CN1CCCN(C(=O)CC2CCCC(=O)N2)CC1;Cc1ccc(CN2CC3CN(C(=O)CC(C)(C)C)CCN3C2=O)cc1;CC(=O)N1CC2CN(C(=O)CCc3ccccc3)CCN2C(C)(C)C1;Cc1ccc(C)c(CN2CCN(C(=O)C3CCCC(=O)N3C)CC2)c1;Cc1ccc(CN(Cc2nnc(C3CCCOC3)o2)C(C)(C)C)cc1;CN(CC1CCC1)C(=O)NC1CCN(C(=O)CCc2ccccc2)C1;Cc1ccc(CN2CCN(C(=O)C3CCCC(=O)N3C)CC2)cc1C;Cc1cc(C)cc(CN2CCN(C(=O)C3CCCC(=O)N3C)CC2)c1;Cc1cc(C)cc(C(=O)N2CCCC(C(=O)N3CCCC(N)C3)C2)c1;CC1CCN(Cc2cccc(CNC(=O)CN3CCCC3=O)c2)CC1;O=C1NCCCCC1NC(=O)N1CCC(CCc2ccccc2)CC1;Cc1cccc(CN2CCN(C(=O)C3CCCC(=O)N3C)CC2)c1C;Cc1ccc(C)c(CN2CCN(C(=O)C3CCCC(=O)N3)CC2)c1C;CNC(=O)C(Cc1ccccc1)N1CCCC1C(=O)N1CCCCC1;Cc1ccc(CCC(=O)NCC(=O)N2CCC3(CCNC3)CC2)cc1;Cc1ccc(CN2CCN(C(=O)C3CCCC(=O)N3)CC2)c(C)c1C;Cc1cccc(C2(CNC(=O)N3CCC(C(N)=O)CC3)CCCC2)c1;Cc1ccccc1C1CCCN1C(=O)C1CC(=O)N(CCN(C)C)C1;Cc1cc(C)c(C)c(CN2CCN(C(=O)C3CCCC(=O)N3)CC2)c1;Cc1cccc(C2(CNC(=O)C3CCN(C(N)=O)CC3)CCCC2)c1;Cc1cccc(C(=O)N2CCCC(CNC(=O)C3CCCN3)C2)c1C;Cc1cc(C)c(CN2CCN(C(=O)C3CCCC(=O)N3)CC2)cc1C;COc1c(CN2CCC(OCc3ccccc3C)CC2)c(C)nn1C;Cc1cccc(C2(CNC(=O)C3CCCN(C(N)=O)C3)CCCC2)c1
m_6007c7,CCn1ccnc1CN(C(=O)c1ccc(C(N)=O)cc1)C1CC12CCNCC2;COc1ccc2c(=O)n(CC3CCN(CCn4cc(C)cn4)CC3)cnc2c1;Cn1cncc1CN1CC2(C1)CN(C(=O)c1ccccc1)CC1COCCN12;O=C1OC2(CCN(Cc3cnc[nH]3)CC2)C2CN(Cc3ccccc3)CCN12;CC(C)(C)C(=O)N1CCC2(CC1)CC(=O)N(Cc1ccncc1)c1ccnn12;COc1ccc(-c2cn(CC3CC4CCN3CC4C(=O)NC3CC3)nn2)cc1;O=C(NC1CC1)C1CN2CCC1CC2Cn1cc(COc2ccccc2)nn1;C=CCN(C)C(=O)C1CN2CCC1CC2Cn1cc(-c2cccc(O)c2)nn1;O=C(C1CN2CCC1CC2Cn1cc(-c2ccccc2)nn1)N1CCOCC1;O=C(NC1CCN(C(=O)c2ccccc2)CC1)N1CCC(n2ccnc2)CC1;Cc1ccccc1Cn1c(N2CCC(C)CC2)nc2c1c(=O)n(C)c(=O)n2C;NC(Cc1ccccc1)C(=O)N1CCCC1C(=O)NCCNc1ccncc1;Cc1cc(C)nc(NCCCC(=O)N2CC3CC(C2)c2cccc(=O)n2C3)n1;O=C(NCc1ccccc1)C1Cc2[nH]cnc2CN1C(=O)NC1CCCCC1;Cc1cnn(C2CCN(CC(=O)N3c4ccccc4NC(=O)CC3C)CC2)c1;CN(C)CC(=O)Nc1ccc2n(c1=O)CC1CC2CN(Cc2ccccn2)C1;C=CCNC(=O)NCC1CC2CCN1CC2c1cc(-c2ccco2)nc(C)n1;O=C1C(N2CCN(Cc3nnc(C4CC4)o3)CC2)CCCN1c1ccccc1;Cc1cccc(CC(=O)NCC(=O)N2CCC3(CC2)NCCc2[nH]cnc23)c1;O=C(Nc1ccccc1)C1CCCN(c2cc(N3CCCC3CO)ncn2)C1;Cc1cccc(Cn2c(NC3CCCCC3)nc3c2c(=O)n(C)c(=O)n3C)c1;O=C(CCCCCNc1ncccn1)N1CC2CC(C1)c1cccc(=O)n1C2;CC=C1CC(C)C(C)(OC(C)=O)COCC2C(O)CN3CCC(OC1=O)C23;O=C(c1ccc(OCC2CC2)nc1)N1CCC(c2nnc3n2CCCC3)CC1;Cc1ccc(C)c(OCC(O)Cn2cnc3c(N4CCCC4)ncnc32)c1C
m_60e7b1,CS(=O)(=O)c1ccc(N2CCCC(Cn3ccnn3)C2)nc1;CS(=O)(=O)c1ccc(N2CCCC(n3ccnn3)CC2)nc1;CS(=O)(=O)c1ccc(N2CCCC(c3nc(N)c[nH]3)C2)nc1;CS(=O)(=O)c1cnc(N2CCCC(c3ncc[nH]3)C2)cc1N;CS(=O)(=O)c1cnc(N2CCCC(c3ncc[nH]3)C2)c(N)c1;CS(=O)(=O)c1ccc(N2CCCC(c3ncc[nH]3)C2)nc1N;Cc1nnc(NC(=O)C2CCOC2c2c(C)nn(C)c2C)s1;CCN1CCN(S(=O)(=O)c2cccnc2)CC1c1ncc[nH]1;Cc1nc(N2CC(CN(C)S(C)(=O)=O)C2)c2ccncc2n1;Cc1nc(NS(=O)(=O)c2cn(C(C)C)cn2)cc(C2CC2)n1;CN(C1CCCN(c2ncnc3cnccc23)C1)S(C)(=O)=O;Cc1nc(C2CCC(O)C(NC(=O)c3nccs3)C2)n(C)n1;CC(C)(C(=O)O)C1(O)CCN(S(=O)(=O)C2CCOC2)CC1;O=S(=O)(NC1CC1)C1CCN(Cc2cnc3cnccn23)C1;CCc1nnsc1C(=O)NC1CCCOC1c1cnn(C)c1;CCc1nnsc1C(=O)NC1CCOC1c1cnn(C)c1C;CS(=O)(=O)N1CCC(CNc2ncnc3cnccc23)CC1;CCc1nnc(NC(=O)C2CCOC2c2cnn(CC)c2)s1;CN(Cc1ccncc1)C(=O)NCCOc1ccc(F)c(F)c1;COCc1nc(C(=O)N2CCn3c(nnc3C(C)C)C2)cs1;C=C(C)CN(CC)S(=O)(=O)c1cccc(-c2nnnn2C)c1;Cc1cc2c(N3CCN(S(=O)(=O)C4CC4)CC3)nccn2n1;CN(CC1CN(c2nccn3nccc23)C1)S(=O)(=O)C1CC1;Cn1cc(C2OCCCC2NC(=O)NCc2cscn2)cn1;CN(C1CCN(c2ccn3nccc3n2)C1)S(=O)(=O)C1CC1
m_6105c1,NC(=O)CC1(O)CCCN(Cc2nncn2-c2ccccc2)C1;NC(=O)CC1(O)CCCN(Cc2ncnn2-c2ccccc2)C1;NC(=O)CC1(O)CCCN(Cc2cnn(-c3ccccc3)n2)C1;NC(=O)CC1CC(O)CN(Cc2nncn2-c2ccccc2)C1;NC(=O)CC1CN(Cc2nncn2-c2ccccc2)CCC1O;NC(=O)C(O)C1CCCN(Cc2nncn2-c2ccccc2)C1;NC(=O)CC1CCCN(C(O)c2nncn2-c2ccccc2)C1;NC(=O)CC1CCCN(Cc2nncn2-c2ccccc2)C1O;NC(=O)CC1CCC(O)N(Cc2nncn2-c2ccccc2)C1;CN1CC(O)C(CC(=O)NCc2cccc(-c3nnc[nH]3)c2)C1;NC(=O)CC1CCCN(Cc2nnc(O)n2-c2ccccc2)C1;NC(=O)CC1CCCN(Cc2nncn2-c2ccc(O)cc2)C1;COCC1(C(N)=O)CCCN1Cc1ncnn1-c1ccccc1;NC(=O)CC1CCCN(Cc2nncn2-c2cccc(O)c2)C1;NC(=O)CC1CCCN(Cc2nncn2-c2ccccc2O)C1;COCC1(C(N)=O)CCCN1Cc1cnn(-c2ccccc2)n1;CCOC(=O)C1CCCN(Cc2nnnn2-c2ccccc2)C1;CCOC(=O)C1CCN(Cc2nnnn2-c2ccccc2)CC1;Cc1nc(CN2CCC(C(=O)Nc3ncccn3)CC2)oc1C;CCc1cncc(C(=O)N2CCCC(O)(Cn3ccnn3)C2)c1;CC(=O)NC1CCCN(C(=O)Cn2cc(-n3cccc3)cn2)C1;NC(O)CC1(O)C=CCN(Cc2nncn2-c2ccccc2)C1;Cc1nc2ccnn2c(C)c1C(=O)N1CC2OCCN(C)C2C1;CC(=O)NC1CC(c2nc(C)nn2-c2cccnc2)CCC1O;O=C(NCc1nc(-c2ccccc2)n[nH]1)NC1CCC(O)CC1
m_610a9f,COc1ccccc1-n1ncc(C(=O)N2CC(CN(C)C)C2)c1C;COc1ccc(-n2ncc(C(=O)N3CC(CN(C)C)C3)c2C)cc1;COc1ccccc1-n1ncc(C(=O)N(C)C2CCNCC2)c1C;COc1cccc(-n2ncc(C(=O)N3CC(CN(C)C)C3)c2C)c1;COc1ccccc1-n1ncc(C(=O)NC2CCN(C)CC2)c1C;COc1nn(-c2ccccc2)c(C)c1C(=O)N1CC(CN(C)C)C1;Cc1ccc(O)c(-n2ncc(C(=O)N3CC(CN(C)C)C3)c2C)c1;Cc1nn(-c2ccccc2O)c(C)c1C(=O)N1CC(CN(C)C)C1;Cc1ccc(-n2ncc(C(=O)N3CC(CN(C)C)C3)c2C)c(O)c1;Cc1cccc(-n2ncc(C(=O)N3CC(CN(C)C)C3)c2C)c1O;Cc1cccc(O)c1-n1ncc(C(=O)N2CC(CN(C)C)C2)c1C;Cc1c(C(=O)N(C)C2CCN(C)CC2)cnn1-c1ccccc1O;CCCn1nc(C(=O)N2CCN(C)CC2C)c2ccccc2c1=O;Cc1c(C(=O)N(C)C2CCN(C)CC2)cnn1-c1cccc(O)c1;CNCC1CN(C(=O)c2c(C)nn(-c3ccccc3OC)c2C)C1;CNCC1CN(C(=O)c2cnn(-c3cc(C)ccc3OC)c2C)C1;COc1ccc(-c2n[nH]cc2C(=O)N(C)C2CCN(C)CC2)cc1;CNCC1CN(C(=O)c2cnn(-c3ccc(C)cc3OC)c2C)C1;Cc1c(C(=O)N(C)C2CCN(C)CC2)cnn1-c1ccc(O)cc1;CNCC1CCN(C(=O)c2cnn(Cc3ccc(OC)cc3)c2)C1;CNCC1CN(C(=O)c2cnn(-c3cccc(C)c3OC)c2C)C1;CC1CN(C)CCN1C(=O)CCCc1nnc(-c2ccccc2)o1;CN1CCC(N(C)C(=O)c2cnn(-c3ccccc3)c2CO)CC1;CNCC1CN(C(=O)c2cnn(-c3c(C)cccc3OC)c2C)C1;Cc1c(C(=O)N(C)C2CCN(C)CC2)c(O)nn1-c1ccccc1
m_612431,Cc1cnn(CCNC(=O)c2cc(C3CC3)nn2C(C)(C)C)c1;CCn1c(C)cc(C(=O)NCCc2nnc3n2CCCC3)c1C;Cc1cc(C(=O)NCCc2nncn2C2CC2)c(C)n1C(C)C;CCCN(CC(=O)Nc1ccccc1C)Cc1nnc(C)n1C;CNC(=O)c1ccc(C2CCCCN2CCn2cccn2)n1C;Cc1nn(C)c(C)c1CC(C)NC(=O)c1cnn(C2CCC2)c1;CNc1ccc(-c2noc(C3CCCN3CC(C)(C)C)n2)cn1;Cc1nn(C(C)(C)C)cc1C(C)NC(=O)NCc1ccncc1;CCN(CC)CC(=O)N1CCN(c2cccc3[nH]ncc23)CC1;CNC(=O)c1ccc(C2CCCCN2Cc2n[nH]cc2C)n1C;CCCc1cc(C(=O)N2CCCCC2Cn2cc(C)cn2)[nH]n1;CCn1nc(C)cc1C(=O)N(CCN(C)C)Cc1ccccn1;Cc1nn(C)c(C)c1C1CCCN1C(=O)CCCn1cccn1;O=C(NCCNc1ncccn1)N1CC2CC3CC(C2)CC1C3;Cc1nn(CCC#N)c(C)c1C1C=CC(NC(=O)NC(C)C)C1;CC(C)c1cc(C(=O)N2CCCC(Cc3nccn3C)C2)n[nH]1;Cc1ccc(C(C)NC(=O)Cn2nnnc2C(C)(C)C)cc1C;CCCCC(CC)CNC(=O)CC(C)OC(=O)CCC(=O)O;CCn1c(CN2CCN(C(=O)N(C)C)CC2)nc2ccccc21;COCCOCC1(CNC(=O)C2CCCC2)CC(O)C(O)C1;Cc1cc(C)n(-c2ccc(CNC(=O)NC(C)C(C)C)cn2)n1;CC(C)n1cnc(C(=O)N2CCCC(Cc3nccn3C)C2)c1;CC(C)N(C)CC(=O)N1CCN(c2cccc3[nH]ncc23)CC1;CC(C)c1nnc(CN2CCN(c3ccc(O)cc3)CC2)n1C;Cc1cnn(-c2cccc(N3CC(C)N(CCO)C(C)C3)n2)c1
m_62973b,O=C(CS(=O)(=O)C1CCOCC1)N1CCCCC1;O=S(=O)(CC(O)N1CCCCC1)C1=CCOCC1;CC(C(=O)NC1CCCC1)S(=O)(=O)C1CCOC1;CC1(C(=O)N2CCC(CS(C)(=O)=O)CC2)COC1;O=S(=O)(CC(O)N1CC=CCC1)C1CCOCC1;O=S(=O)(CC(O)N1C=CCCC1)C1CCOCC1;CC1COCCN1C(=O)C1(S(C)(=O)=O)CCCC1;COCC1(C(=O)N2CCCS(=O)(=O)CC2)CCC1;Cc1cc(N2CCN(c3nccs3)CC2)nc(C)n1;O=S(=O)(CC(O)N1CCCCC1)C1C=COCC1;CC1CC(C)C(C(=O)NC2(C)CCS(=O)(=O)C2)O1;C=CCSCC(NC(CC(C)C)C(=O)O)C(=O)O;COC1CCN(C(=O)C(C)(C)S(=O)(=O)C2CC2)C1;O=C(NS(=O)(=O)CC1CCCCO1)C1CCCC1;O=C(O)C1CCN(S(=O)(=O)CC2CCCCC2)C1;COC1CCCC1NC(=O)C1(S(C)(=O)=O)CCC1;COC1CC(N(C)S(=O)(=O)C2COC2)C12CCC2;CCOC(=O)C1CN(C(=O)OC(C)(C)C)CCS1;CCn1c(SC(C)C2CC2)nnc1-c1cnccn1;O=C(c1cn[nH]n1)N1CCN(c2ccc(F)cc2)CC1;CNCCN(Cc1ccc(Cl)cc1)c1ccccn1;O=C(NCc1nc(-c2ccc(F)cc2)n[nH]1)NC1CC1;C=CCNC(=O)NCc1nc(-c2ccc(F)cc2)n[nH]1;COc1ccc(Cc2nnnn2CCCC#N)cc1F
m_62dd85,O=C(NCCS(=O)(=O)Nc1ccccc1)C1C2CCCCC21;CC1CCC=C(C(=O)NCCS(=O)(=O)Nc2ccccc2)C1;CC1C=C(C(=O)NCCS(=O)(=O)Nc2ccccc2)CCC1;CC1C=CCC(C(=O)NCCS(=O)(=O)Nc2ccccc2)C1;CC1=CC(C(=O)NCCS(=O)(=O)Nc2ccccc2)CCC1;CC1=CCCC(C(=O)NCCS(=O)(=O)Nc2ccccc2)C1;CC1CC=CC(C(=O)NCCS(=O)(=O)Nc2ccccc2)C1;CS(=O)(=O)CC(NC(=O)NC1C=CCCC1)c1ccccc1;CS(=O)(=O)c1ccccc1CCNC(=O)C1CC(N)C2CC12;CC1CC2NC(=O)CC2C1CNS(=O)(=O)Cc1ccccc1;C=CCNC(=O)C1(NS(=O)(=O)c2ccccc2)CCCCC1;CC(C)(C)NS(=O)(=O)c1ccccc1NC(=O)C1CC=CC1;CC(C)(C)CC(=O)N1CSCC1C(=O)Nc1ccccc1O;CC1CCCC(C(=O)NC=CS(=O)(=O)Nc2ccccc2)C1;CN(c1ccc(C(=O)NC2CC3CCC2C3)cc1)S(C)(=O)=O;C=CCNC(=O)C1(NC(=O)c2ccc(SC)o2)CCCCC1;CC(C)(C)OC(=O)C12CCCC1CN(C(=O)c1cscn1)C2;CCC1CN(S(C)(=O)=O)CCC1CC(=O)NCCSC;CCCC(=O)N1CSCC1C(=O)NCc1cccc(OC)c1;C=CCN1CCC(N(C)S(=O)(=O)c2ccc(C)c(C)c2)C1=O;CN(C)C(CNS(=O)(=O)CCc1ccccc1)c1ccco1;COCCc1ccc(S(=O)(=O)N(C)C(C)(C#N)C2CC2)cc1;Cc1ccc(S(=O)(=O)CC(C)NC(=O)NC2CC=CC2)cc1;CCc1ccccc1S(=O)(=O)NCc1oc(C(C)C)nc1C;O=S(=O)(c1ccc2c(c1)CCCO2)N1CCCC2CNCC21
m_637284,CCC(Cc1ccccc1C(F)(F)F)NC(=O)Cc1ncc[nH]1;Cc1cc(C(F)(F)F)ccc1CC(C)NC(=O)Cc1ncc[nH]1;CC(Cc1ccc(C(F)(F)F)cc1)N(C)C(=O)Cc1ncc[nH]1;Cc1cc(CC(C)NC(=O)Cc2ncc[nH]2)ccc1C(F)(F)F;Cc1c[nH]c(CC(=O)NC(C)Cc2ccc(C(F)(F)F)cc2)n1;CC=C(Cc1ccccc1C(F)(F)F)NC(O)Cc1ncc[nH]1;Cn1ccc(CN2CC(O)CC2c2ccc(C(F)(F)F)cc2)n1;Cn1cncc1CN1CC(O)CC1c1cccc(C(F)(F)F)c1;CCCc1cc(C(=O)NCC(c2ccccc2)C(F)(F)F)[nH]n1;Cc1c[nH]nc1CN1CCOC(c2ccccc2C(F)(F)F)C1;Cc1c[nH]nc1CN1CCOC(c2cccc(C(F)(F)F)c2)C1;Cn1cc(CNC(=O)C(C)(C)c2cccc(C(F)(F)F)c2)cn1;CC(CCc1ccccc1)NC(=O)Cn1ccc(C(F)(F)F)n1;c1cncc(COC2COCCN(c3nc4ccccc4o3)C2)c1;O=c1cccc2n1CC1CC2CN(Cc2cccc([N+](=O)[O-])c2)C1;Cc1cc(C(F)(F)F)ccc1CNC(=O)c1c(C)nn(C)c1C;O=C(O)C1CC1C(=O)Nc1ccnn1C1CCCc2ccccc21;CC(=O)N(CCc1c[nH]c2ccc(O)cc12)C(=O)c1cc[nH]c1C;CC(=O)Nc1cc(C(C)=O)n(CCc2c[nH]c3ccc(O)cc23)c1;O=c1cccc2n1CC1CC2CN(Cc2ccc([N+](=O)[O-])cc2)C1;Cc1ccn(CC(=O)N2Cc3ccccc3CC2C(N)=O)c(=O)c1;CCN(C(=O)Cn1ccc(C(F)(F)F)n1)c1cc(C)ccc1C;CNC(=O)N=c1ccn(C2CCC(COC(=O)NC)O2)c(O)n1;C#CCCC1(CCC(=O)NC2CC(C(=O)O)c3ccccc32)N=N1;CC1CN(CC(=O)Nc2ccccc2C(N)=O)c2ccccc2O1
m_64030c,Cc1ccc(-c2nnc(CCC(=O)N3CCCC(C)CC3)o2)cc1;Cc1ccc(-c2nc(CNC(=O)N3CCC(C)(C)CC3)co2)cc1;Cc1ccc(-c2nnc(C=CC(O)N3CCCC(C)CC3)o2)cc1;CC1(C)CN(C(=O)NCCc2cccc3[nH]ccc23)C2COCC21;CC1=CCCN(C(O)CCc2nnc(-c3ccc(C)cc3)o2)CC1;CN(C(=O)NCCc1coc(-c2ccccc2)n1)C1CCCCC1;CC1=CCN(C(O)CCc2nnc(-c3ccc(C)cc3)o2)CCC1;OC1CC(c2nc(Cc3ccccc3)no2)N(C2CCCCC2)C1;COCc1c(C(=O)N2CC(C)CC(C)C2)cnn1-c1ccccc1;Cc1cccc(-c2noc(C3CC(O)CN3C3CCCCC3)n2)c1;O=C1OC2(CN(CC3CC3)C2)C2CN(Cc3ccccc3)CCN12;Cc1cccc(CCc2nc(CC(=O)NC3CCCCC3)no2)c1;Cc1ccc(-c2nnc(CCC(O)N3C=CCC(C)CC3)o2)cc1;Cc1ccc(-c2nnc(CCC(O)N3C=CC(C)CCC3)o2)cc1;Cc1ccc2[nH]c(C(=O)NCC3CN(C4CC4)CCO3)cc2c1C;Cc1ccc(-c2nnc(CCC(O)N3CC=CC(C)CC3)o2)cc1;Cc1nc(CCC(=O)N2CC(C)NC(C)C2)oc1-c1ccccc1;Cc1cc(C)n(Cc2cccc(C(=O)N3CCOCC3(C)C)c2)n1;CN1CC2(C)CN(C(=O)c3cc4ccccc4[nH]3)CC(C)(C1)C2O;COc1ccccc1-c1cn2c(n1)COC(CNC1CCCC1)C2;CC(C)(C)NC(=O)CCC(=O)N1CCc2[nH]c3ccccc3c2C1;CC1(C)CCC(C(=O)NCCc2nnc(-c3ccccc3)o2)CC1;O=C(O)CC1CCN(C2CCC2)CC1Cc1nc2ccccc2[nH]1;Cc1ccc(-c2c[nH]c(C3COCCN3C3CCOCC3)n2)cc1;CC(C)N1C(=O)c2ccccc2C(C(=O)N2CCCC2)C12CNC2
m_64306c,CCOc1ccc(S(=O)(=O)NC2CCCN(c3ccnn3CC)C2=O)cn1;CCOc1ccc(S(=O)(=O)NC2CCCN(c3cc(C)nn3C)C2=O)cn1;CCOc1ccc(S(=O)(=O)NC2=CCCN(c3ccnn3CC)C2O)cn1;CCOc1ccc(S(=O)(=O)NC2CCCN(c3c(C)cnn3C)C2=O)cn1;CCOc1ccc(S(=O)(=O)N(C)C2CCCN(c3ccnn3C)C2=O)cn1;CCOc1ccc(S(=O)(=O)NC2C=CCN(c3ccnn3CC)C2O)cn1;CCOc1ccc(S(=O)(=O)NC2CCCN(c3ccnn3C)C2=O)c(C)n1;CCOc1ccc(S(=O)(=O)NC2CC=CN(c3ccnn3CC)C2O)cn1;CCOc1ncc(S(=O)(=O)NC2CCCN(c3ccnn3C)C2=O)cc1C;CCOc1cc(C)c(S(=O)(=O)NC2CCCN(c3ccnn3C)C2=O)cn1;Cc1cc2n(n1)C1(CCN(S(=O)(=O)c3c(C)noc3C)CC1)CC(=O)N2C;CS(=O)(=O)Nc1cc(-c2noc(C3CCCN3C3CCOCC3)n2)ccn1;O=C1C2Cc3c([nH]c4ccccc34)C(c3ccccc3)N2C(=O)N1c1ccccc1;NCC(=O)N1CCN(C(=O)c2cccs2)CC1C(=O)NC1CCCNC1=O;CS(=O)(=O)N1CCNCC1C(=O)NC(Cc1c[nH]c2ccccc12)C(N)=O;CN1CC2C(CCCN2C(=O)NCCc2cc(Cl)c3c(c2)OCCO3)C1=O;CN1CC(NC(=O)c2ccncc2)CC1c1nc(-c2ccc3c(c2)OCO3)no1;CCC(C)C(NC(=O)C(C)NC(=O)c1cc2cc(Cl)ccc2n1C)C(=O)O;CC(C)CC(NC(=O)c1cc2cc(Cl)ccc2n1C)C(=O)NC(C)C(=O)O;Cn1c(CO)nc2cc(NC(=O)CC3NC(=O)c4ccccc4NC3=O)ccc21;O=C(NCC#Cc1ccccc1)c1nn(Cc2ccccc2)c(=O)c2ccccc12;COc1cc(CNC(=O)c2c3c(nn2C)C(C)OC(C)C3)cc(Cl)c1OC;O=C(Nc1ccccc1)OC1COC2C1OCC2n1nnnc1-c1ccccc1;O=C(Nc1ccccc1)OC1COC2C1OCC2n1cc(-c2ccccn2)nn1;CN1CC(NC(=O)c2ccc3c(c2)OCO3)CC1c1nc(-c2cccnc2)no1
m_65a7ff,Cc1nc(COc2ccc(C(=O)N3CCCC3c3ccncc3)cc2)no1;O=C(Cn1nc(-c2ccco2)ccc1=O)N1CCCCC1c1cccnc1;O=C(Cn1ccc2c([N+](=O)[O-])cccc21)N1CCCCC1c1cccnc1;O=C(Cn1c(=O)[nH]c2ccccc2c1=O)N1CCCCC1c1cccnc1;O=C(c1ccc(Oc2cccnc2)cc1)N1CCCCCC1c1ncon1;Cc1nc(COc2ccc(C(O)N3CCC=C3c3ccncc3)cc2)no1;Cn1c(=O)n(CC(=O)Nc2ccccc2C(=O)NC2CC2)c2ccccc21;CC(=O)Nc1cc(NC(C)=O)cc(C(=O)NCc2cc3ccccc3[nH]2)c1;CCOC(=O)c1ccc(C(=O)Nc2ccccc2-c2nc(CC)n[nH]2)cc1;Cc1noc(-c2ccccc2C(=O)N2CCN(c3ccccc3O)CC2)n1;O=C(CN1C(=O)C2CCCN2C(=O)c2ccccc21)NCc1ccncc1;COc1ccc(-c2noc(NCCc3c[nH]c4ccccc34)n2)cc1OC;O=C(CN1C(=O)C2CCCN2C(=O)c2ccccc21)NCc1cccnc1;O=C1NC(Cc2ccccc2)C(=O)N2CCN(C(=O)c3cccnc3)CC12;Cc1nc(COc2ccc(C(O)N3CC=CC3c3ccncc3)cc2)no1;Cc1nc(COc2ccc(C(O)N3C=CCC3c3ccncc3)cc2)no1;c1ccc(-c2noc(-c3ccc(N4CCC5(CC4)OCCO5)nc3)n2)cc1;Cc1cccnc1NC(=O)CN1C(=O)C2CCCN2C(=O)c2ccccc21;CC(C)n1nc(CC(=O)Nc2ccc(C(N)=O)cc2)c2ccccc2c1=O;CNC(=O)C(=O)Nc1ccccc1C(=O)NCCc1c[nH]c2ccccc12;Cc1cccc(NC(=O)CN2C(=O)C3CCCN3C(=O)c3ccccc32)n1;O=C(CN1C(=O)C2CCCN2C(=O)c2ccccc21)NCc1ccccn1;CC1(C)Cc2cccc(OCC(=O)Nc3ccc(-c4nnc[nH]4)cc3)c2O1;COC(=O)c1ccc(C(=O)N2CCC(c3nnc4ccccn34)CC2)cc1;Cc1ccnc(NC(=O)CN2C(=O)C3CCCN3C(=O)c3ccccc32)c1
m_6817b1,O=C(c1cnccn1)N(Cc1c(F)cccc1F)C1CCCC1;O=C(c1cccnn1)N(Cc1cc(F)ccc1F)C1CCCC1;OC(c1cnccn1)N(Cc1c(F)cccc1F)C1CC=CC1;OC(c1cnccn1)N(Cc1c(F)cccc1F)C1C=CCC1;OC(c1cnccn1)N(Cc1c(F)cccc1F)C1=CCCC1;O=C(NCc1ccncc1)N(Cc1ccc(F)cc1F)C1CC1;Cc1ccnc(C(NC(=O)Cc2ccc(F)c(F)c2)C2CC2)n1;Cc1nccnc1C(=O)N1CCC(c2ccc(F)c(F)c2)C1C;O=C(c1n[nH]c2c1CCC2)N1CCCC1c1ccc(F)c(F)c1;O=C(c1cc2n(n1)CCCC2)N1CCc2c(F)ccc(F)c2C1;CC1CN(c2ccc(OCC(F)(F)F)nn2)CC(C2CC2)O1;CC(C)CCNC(=O)c1nnc(Cc2ccc3c(c2)OCO3)o1;Cc1ccc2c(c1)nc1n2C(CNC(=O)CCC(=O)O)COC1;COc1cc(NC(=O)Cc2ccn(C(C)C)n2)ccc1C(=O)O;Cc1ccc2nc3n(c2c1)C(CNC(=O)CCC(=O)O)COC3;Cc1cccc2c1nc1n2C(CNC(=O)CCC(=O)O)COC1;CN1CCC(NC(=O)c2ccccn2)C1c1ccc(F)c(F)c1;CC1CCn2ncc(C(=O)N3CCc4cc(F)c(F)cc43)c2C1;NC(=O)CCC(NC(=O)C=CC=Cc1ccc(N)cc1)C(=O)O;CCC(C)C(NC(=O)Cn1cnc2ccccc2c1=O)C(=O)O;O=C(c1cc(C(F)(F)F)n[nH]1)N1CCC(C2CCOCC2)C1;CC(CN1CCOCC1)NC(=O)c1cccnc1C(F)(F)F;CC(C)CC(NC(=O)Cn1cnc2ccccc2c1=O)C(=O)O;Oc1ccccc1CNC1C2COC(O2)C(n2cccn2)C1O;Oc1ccccc1CNC1C2COC(O2)C(n2ccnc2)C1O
m_6b66aa,Cc1cc(S(=O)(=O)Nc2cc(Cl)ccc2O)ccc1F;Cc1cc(F)ccc1S(=O)(=O)Nc1cc(Cl)ccc1O;Cc1c(Cl)ccc(O)c1NS(=O)(=O)c1ccc(F)cc1;Cc1cc(O)c(NS(=O)(=O)c2ccc(F)cc2)cc1Cl;Cc1cc(Cl)cc(NS(=O)(=O)c2ccc(F)cc2)c1O;COc1ccc(Cl)cc1NS(=O)(=O)c1ccc(F)cc1;CN(c1cc(Cl)ccc1O)S(=O)(=O)c1ccc(F)cc1;COc1c(Cl)cccc1NS(=O)(=O)c1ccc(F)cc1;COc1cc(F)ccc1S(=O)(=O)Nc1cccc(Cl)c1;COc1cc(S(=O)(=O)Nc2cccc(Cl)c2)ccc1F;COc1cc(Cl)cc(NS(=O)(=O)c2ccc(F)cc2)c1;O=c1c2sccc2ncn1Cc1ncc(-c2cccs2)o1;COc1ccc(Cl)cc1S(=O)(=O)Nc1ccccc1F;COc1ccc(NS(=O)(=O)c2ccc(F)cc2)cc1Cl;O=C1c2cc([N+](=O)[O-])ccc2-c2c1cc([N+](=O)[O-])cc2[N+](=O)[O-];COc1cccc(S(=O)(=O)Nc2ccc(F)c(Cl)c2)c1;Nc1nc(N)nc(-c2cc3ccccc3cc2Br)n1;COc1ccccc1S(=O)(=O)Nc1ccc(F)c(Cl)c1;O=C(OCc1cccnc1)c1cc2c(nc3sccn32)s1;C[As](C)(=O)CCCC(=O)NCCS(=O)(=O)O;O=c1c2sccc2ncn1Cc1cc(-c2cccs2)on1;Nc1c(SC=CCl)ccc2c1C(=O)c1ccccc1C2=O;O=C(Nc1ccc(I)cc1)C1CCCC1;Brc1ccc2ncnc(NCc3ncccn3)c2c1;COC(=O)C1Cc2cc(O)c(OC)c(Br)c2CN1
m_6d224e,CCN1CCN(C(=O)Cc2csc(NC(=O)c3cccs3)n2)CC1;CCN1C=CN(C(O)Cc2csc(NC(=O)c3cccs3)n2)CC1;CC1CCCN1C(=O)Cc1nc(N(C)C(=O)c2cccs2)sc1N;CCN1C=CN(C(=O)Cc2csc(NC(O)c3cccs3)n2)CC1;Cc1sc(C(=O)Nc2nc(CC(=O)N3CCCC3C)cs2)cc1N;Cc1ccc(C(=O)Nc2nc(CC(=O)N3CCCC3C)c(N)s2)s1;Cc1csc(C(=O)Nc2nc(CC(=O)N3CCCC3C)c(N)s2)c1;Cc1ccsc1C(=O)Nc1nc(CC(=O)N2CCCC2C)c(N)s1;Cc1cc(C(=O)Nc2nc(CC(=O)N3CCCC3C)cs2)sc1N;Cc1sc(NC(=O)c2ccc(N)s2)nc1CC(=O)N1CCCC1C;Cc1sc(NC(=O)c2sccc2N)nc1CC(=O)N1CCCC1C;Cc1sc(NC(=O)c2cc(N)cs2)nc1CC(=O)N1CCCC1C;COC(=O)CCCCCC#CC=CCCCCC#CC=CBr;COC(=O)CCCC#CC#CCCCCCCCCC#CBr;Cc1csc(C(=O)Nc2nc(CC(=O)N3CCCC3C)cs2)c1N;Cc1cc(N)c(C(=O)Nc2nc(CC(=O)N3CCCC3C)cs2)s1;COC(=O)CCCC#CC#CCCCCCCCC#CCBr;COC(=O)CCCC#CC#CC=CCCCCCCC=CBr;Cc1c(N)csc1C(=O)Nc1nc(CC(=O)N2CCCC2C)cs1;Cc1cc(N)sc1C(=O)Nc1nc(CC(=O)N2CCCC2C)cs1;COC(=O)CCCC#CC#CCCCCCCC=CC=CBr;CC1CCCN1C(=O)Cc1csc(N(C)C(=O)c2sccc2N)n1;CCNC(=O)N1CCC(NC(=O)c2sc(-c3ccsc3)nc2C)C1;CC1CCCN1C(=O)Cc1csc(N(C)C(=O)c2ccc(N)s2)n1;CC1CCCN1C(=O)Cc1csc(N(C)C(=O)c2cc(N)cs2)n1
m_6d3dc0,CN(C)S(=O)(=O)N1CCN(C(=O)Cc2ccccc2F)CC1;CN(Cc1cccc(F)c1)C(=O)C1CCN(S(N)(=O)=O)CC1;CS(=O)(=O)N1CCC(NC(=O)NCc2ccccc2F)CC1;NS(=O)(=O)CC1CCN(C(=O)NCc2cccc(F)c2)CC1;CS(=O)(=O)N1CCC(CNC(=O)NCc2ccc(F)cc2)C1;CCS(=O)(=O)N1CCN(C(=O)Cc2cccc(N)c2F)CC1;CCS(=O)(=O)N1CCN(C(=O)Cc2ccc(N)cc2F)CC1;CCS(=O)(=O)N1CCN(C(=O)Cc2cc(N)ccc2F)CC1;O=C(Cc1ccc(F)cc1)N1CCSC(c2ccccc2)CC1;CCS(=O)(=O)N1CCN(C(=O)Cc2c(N)cccc2F)CC1;CC(=O)OCC1OC(N2CN(C)C(=O)NC2=O)CC1OC(C)=O;c1ccc2c(c1)ccc1ccc3ccc4ccc5cccnc5c4c3c12;CN(C)S(=O)(=O)c1cccc(CN2CC(F)CC2C(N)=O)c1;CC(C)C(=O)OCC1OC(n2ccc(NO)nc2=O)C(O)C1O;O=S(=O)(N1CCOCC1)N1CCN(c2ccccc2F)CC1;Cc1ccc2snc(C(=O)N3CCC4NC(=O)CCC4C3)c2c1;CCc1nc(C2CCCN2C(=O)C2Cc3ccccc3S2)no1;NS(=O)(=O)N1CCN(C2c3ccccc3-c3ccccc32)CC1;NC(=O)N1CCCN(c2ccc3nnc(C(F)(F)F)n3n2)CC1;CC(NC(=O)C1CCN(S(N)(=O)=O)CC1)c1cccc(F)c1;CC1CCN(c2nc(-c3ccc4c(c3)NC(=O)CO4)cs2)CC1;Nc1ccc2n(c1=O)CC1CC2CN(C(=O)Cc2cccs2)C1;C#CC1CN2CCC1CC2CNS(=O)(=O)c1cccc(C#N)c1;O=S(=O)(N1CCOCC1)N1CCN(c2ccc(F)cc2)CC1;CC1CCCN(c2nc(-c3ccc4c(c3)NC(=O)CO4)cs2)C1
m_6d9287,Cc1cncc(C(=O)N(c2cccnc2)C(C)C)c1;CCN(C(=O)c1ccc(C)nc1)c1cccnc1C;CCNC(=O)c1ccc(NCc2ccncc2)cc1;CN(C)C(=O)c1ccc(NCc2ccncc2)cc1;CCN(C)c1ccc(C(=O)Nc2cccnc2)cc1;Cc1cccnc1NC(=O)c1cccc(N(C)C)c1;Cc1ccc(CNC(=O)NCc2cccnc2)cc1;CNC(=O)c1ccc(C)c(NCc2ccncc2)c1;Cc1ccccc1CNC(=O)NCc1cccnc1;Cc1ccccc1N(C(=O)c1cnccn1)C(C)C;Cc1nn(-c2ccccn2)c(C)c1C1C=CC(O)C1;CN(C(=O)C1CCn2ccnc2C1)c1ccccc1;Cc1ccccc1NC(=O)Cn1ccnc1C1CC1;Cc1cccc(C(C)C)c1NC(=O)c1cnccn1;CCc1cc(NC(=O)c2ccnnc2C)ccc1C;Cc1noc(C)c1CN(C)C(=O)C1(F)CCNC1;CCC(NC(=O)Nc1cccnc1)c1ccccc1;CCC(=O)Nc1c2c(nc3ccccc13)N(C)CC2;CC1=NCC(C)Nc2c1c(=O)n(C)c1ccccc21;OCC1CN(c2ccnc(Cc3ccccc3)n2)C1;CC1(NC(=O)CNc2ccc(C#N)cc2)CC=CC1;CCn1c(=O)c2c(c3ccccc31)NCCN=C2C;Cc1ccccc1CNC(=O)Nc1ccncc1C;CC1CCCN1c1cc(C(N)=O)c2ccccc2n1;Cc1cnc2cc(C(=O)NC3CC4CC4C3)ccn12
m_6e1c94,O=c1cc(CN2CCOC(c3ccccc3F)C2)[nH]c2ccnn12;O=C(C1CC(O)CN1c1ccncn1)N1Cc2cccc(F)c2C1;Cc1cc(C2CN(c3ncnc4onc(C)c34)CCO2)ccc1F;CN1CCn2nc(NC(=O)C3CC3c3ccc(F)cc3)cc2C1=O;COc1cc(-c2nc(C3(c4cc(F)ccc4C)CC3)no2)nn1C;O=C(CCCCCl)NN1c2ccccc2CCc2ccccc21;COc1ccc(C(C)NC(=O)Cn2nnc3ccccc32)cc1F;Cc1cccnc1NC(=O)NC1CC(=O)N(c2cccc(F)c2)C1;NC(=O)c1ccc(C(=O)N2CCN(C3CC3)c3ccc(F)cc32)[nH]1;CCc1cc(C(=O)Cc2ccc3c(c2)OCCO3)c(O)cc1OC;O=C1NC(c2c[nH]c3ccccc23)CN=C1c1c[nH]c2ccccc12;O=C(C1=NC(c2c[nH]c3ccccc23)CN1)c1c[nH]c2ccccc12;CC(=O)Nc1ccc(-c2ccc3nn(-c4ccccc4)nc3c2)cc1;Cc1n[nH]c(=O)c(C(=O)NCCc2c[nH]c3ccc(F)cc23)c1C;O=C1NCC(c2c[nH]c3ccccc23)N=C1c1c[nH]c2ccccc12;COc1ccc(C(C)NC(=O)c2cnc3[nH]c(C)nc3c2)cc1F;Cn1cc(C(=O)NCc2cc(C#N)ccc2F)c(C2CCOC2)n1;N=C(N)c1ccc2[nH]c(-c3cccc(-c4ccccc4)c3O)nc2c1;O=C(NCCn1cc(-c2ccco2)cn1)NCc1ccc(F)cc1;Cc1nc(Cc2noc(C3(c4ccc(F)cc4)CCCC3)n2)no1;NC(=O)c1ccc(N2CCN(C(=O)c3cccc(F)c3)CC2)nc1;COc1cc(OC)c2c(c1)OC(c1ccc(OC(C)=O)cc1)CC2;COc1ccc(C2CC(c3ccc(OC)c(OC)c3)C(=O)O2)cc1;COc1ccc(OC)c(C(=O)C=Cc2ccc(OC)c(OC)c2)c1;COc1ccc(C(=O)Cc2ccc3c(c2)OCCCO3)c(O)c1C
m_6ebcf9,COC1CC(c2nc(C3CC3)n[nH]2)N(Cc2ccc3c(c2)CCO3)C1;Cc1cccc(C(=O)N2CCN(Cc3noc(C4CC4)n3)CC2)c1C;Cc1ccc(C(=O)N2CCN(Cc3noc(C4CC4)n3)CC2)cc1C;Cc1ccc(C)c(C(=O)NCc2nc(C)cc(N3CCOCC3)n2)c1;CNC(=O)C1CN(Cc2ccc3c(c2)CCO3)CC1c1cnn(C)c1;CCc1ccc(C2CCN(C(=O)c3cc(O)nc(N(C)C)n3)C2)cc1;Cc1ccc(CN2Cc3nc[nH]c3CC2C(=O)N2CCOCC2)cc1;Cc1cc2c(cc1CN1CC(O)CC1c1nc(C3CC3)n[nH]1)CCO2;Cc1ccc(CC(=O)NC2CCCN(c3nc(C)cc(=O)[nH]3)C2)cc1;NC(=O)c1cc(C2CCCN(CCc3ccc4c(c3)CCO4)C2)n[nH]1;c1cc2cc(c1)COCCOCCOCCOCCOCCOC2;Cc1c(CN2CC(O)CC2c2nc(C3CC3)n[nH]2)ccc2c1CCO2;Cc1cc(CN2CC(O)CC2c2nc(C3CC3)n[nH]2)cc2c1OCC2;Cc1ccccc1CC(=O)N1CCN(Cc2nc(C3CC3)no2)CC1;Cn1c(CNC(=O)CC2CCOc3ccccc32)nnc1C1CCC1;COc1ccc(CCNC(=O)C2CCN(c3cnccn3)CC2)cc1;CN(C)C(=O)C1c2cnn(C)c2CCN1C(=O)CCc1ccccc1;O=C(NCc1ccn(C2CCCC2)n1)NC1c2ccccc2CC1O;CN(C)CCCNc1c(NCCc2c[nH]c3ccccc23)c(=O)c1=O;COc1ccccc1C=CCNC1CCC(=O)NC1c1ccnn1C;O=C(CN1CCc2nc[nH]c2C12CCOCC2)NCc1ccccc1;CCc1ccc(O)c(C(=O)N2CCC(c3nnc4n3CCC4)CC2)c1;COC1CC(c2nncn2C)N(C(=O)c2ccc3c(c2)CCCC3)C1;N=C(N)c1ccc(OCCCCCOc2ccc(C(=N)N)cc2)cc1;Cn1cnnc1C1CC(O)C(CNC(=O)c2cccc(C3CC3)c2)C1
m_6f127a,O=C(c1coc(C2CCC2)n1)N1CC(O)CC1c1cccc(F)c1;O=C(c1coc(C2CCC2)n1)N1CC(O)CC1c1ccc(F)cc1;COc1cc(C(=O)N2CC(O)CC2c2cccc(F)c2)cc(C)n1;O=C(c1coc(CC2CC2)n1)N1CC(O)CC1c1cccc(F)c1;COc1cccc(CC(=O)N2CC(O)CC2c2cccc(F)c2)n1;O=C(c1coc(CC2CC2)n1)N1CC(O)CC1c1ccc(F)cc1;COc1cc(C(=O)N2CC(O)CC2c2ccc(F)cc2)cc(C)n1;COc1ccc(CC(=O)N2CC(O)CC2c2cccc(F)c2)nc1;O=C(c1coc(C2CCC2)n1)N1CCC(O)C1c1cccc(F)c1;O=C(c1coc(CC2CC2)n1)N1CCC(O)C1c1ccc(F)cc1;O=C(c1coc(CC2CC2)n1)N1CCCC1(O)c1ccc(F)cc1;O=C(c1coc(CC2CC2)n1)N1C(O)CCC1c1ccc(F)cc1;O=C(c1coc(C2CCC2)n1)N1C(O)CCC1c1cccc(F)c1;O=C(NC1CCCOc2c(F)cccc21)c1noc2c1CCCC2;O=C(c1coc(C2CCC2)n1)N1CCCC1c1cccc(F)c1O;O=C(c1coc(C2CCC2)n1)N1CCCC1(O)c1cccc(F)c1;COc1cccnc1CC(=O)NC1CCCOc2cc(F)ccc21;O=C(c1coc(C2CCC2)n1)N1CCCC1c1cc(F)ccc1O;O=C(c1coc(C2CCC2)n1)N1CCCC1c1cc(O)cc(F)c1;O=C(NC1CCCOc2cc(F)ccc21)c1noc2c1CCCC2;O=C(c1coc(CC2CC2)n1)N1CCCC1c1ccc(F)cc1O;O=C(c1coc(C2CCC2)n1)N1CCCC1c1ccc(O)c(F)c1;O=C(c1coc(CC2CC2)n1)N1CCCC1c1ccc(F)c(O)c1;O=C(c1coc(CC2(O)CC2)n1)N1CCCC1c1ccc(F)cc1;O=C(c1coc(C2(O)CCC2)n1)N1CCCC1c1cccc(F)c1
m_6f3a5c,Cc1n[nH]c(C)c1C1CCCN1C(=O)Cc1ccc2c(c1)CCO2;Cc1cc(C2CCCN(C(=O)Cc3ccc4c(c3)CCO4)C2)n[nH]1;Cc1cnn(CC2CCCN2C(=O)Cc2ccc3c(c2)CCO3)c1;Cc1n[nH]c(C)c1C1CCCN1C(=O)c1cccc2c1OC(C)C2;COc1ccc(C)cc1CC(=O)N1C=CCC1c1c(C)n[nH]c1C;COc1ccc(C)cc1CC(=O)N1CC=CC1c1c(C)n[nH]c1C;Cn1nccc1C1CCCN(C(=O)c2ccccc2OC2CC2)C1;COc1ccccc1C1CCCN1C(=O)c1[nH]nc2c1CCCC2;CC(Cc1ccc(O)cc1)NC(=O)N1CCCC1c1ccncc1;COc1ccc2c(c1)CCN(C(=O)C1CCc3nc(C)[nH]c3C1)C2;COc1ccc(C)cc1CC(=O)N1CCC=C1c1c(C)n[nH]c1C;Cc1n[nH]c(C)c1CCC(=O)N1CCC2(C1)OCc1ccccc12;COc1ccccc1C1CC1C(=O)N1CCCC(c2ccn[nH]2)C1;COc1ccc(C2CC2C(=O)N2CCCC(c3ccn[nH]3)C2)cc1;[CH2]OC1CC(=CCC(=O)C=CC=CC=CC=CC=CC)CC=C1O;Cc1nn(C)c(C)c1CC(=O)N1CCC2(C1)OCc1ccccc12;Cc1ccccc1CCCN1C(=O)CC(Cc2cnn(C)c2)C1=O;O=C(C1CCCCC1)N1CCC(c2nnc(-c3ccccc3)o2)C1;Cc1nc(C2CCCN2C(=O)CC2CCCc3ccccc32)no1;CCOc1ccc(C2CC2NC(=O)c2cn(C)nc2C2CC2)cc1;COc1ccccc1C1CC1C(=O)N1CCC(c2ccn[nH]2)CC1;COc1cccc(C(=O)N2CCN(CCc3ccncc3)CC2)c1;CN(C)c1ncccc1N(C)C(=O)CC1OCCc2ccccc21;Cc1n[nH]c(C)c1CC(=O)N1CCOC2(CCc3ccccc32)C1;CNC(=O)C1Cc2ccccc2CN1C(=O)CCCn1cccc1
m_6f414f,Cc1cccc(S(=O)(=O)Nc2cccc(-c3ccc(=O)[nH]n3)c2)c1;Cc1ccc(S(=O)(=O)Nc2cccc(-c3ccc(=O)[nH]n3)c2)cc1;Cc1ccccc1S(=O)(=O)Nc1cccc(-c2ccc(=O)[nH]n2)c1;Cc1ccc(-c2ccc(=O)[nH]n2)cc1NS(=O)(=O)c1ccccc1;Cc1c(NS(=O)(=O)c2ccccc2)cccc1-c1ccc(=O)[nH]n1;Cc1ccc(NS(=O)(=O)c2ccccc2)cc1-c1ccc(=O)[nH]n1;Cc1cc(NS(=O)(=O)c2ccccc2)cc(-c2ccc(=O)[nH]n2)c1;CN(c1cccc(-c2ccc(=O)[nH]n2)c1)S(=O)(=O)c1ccccc1;Cn1nc(-c2ccccc2NS(=O)(=O)c2ccccc2)ccc1=O;CC(NS(=O)(=O)Cc1noc2ccccc12)c1ccc(C#N)cc1;Cc1cc(-c2cccc(NS(=O)(=O)c3ccccc3)c2)n[nH]c1=O;Cc1cc(=O)[nH]nc1-c1cccc(NS(=O)(=O)c2ccccc2)c1;CS(=O)(=O)c1ccc2ncnc(Nc3ccc4c(c3)COC4)c2c1;NS(=O)(=O)c1ccc2c(c1)N(C(=O)c1cc3ccccn3c1)CC2;CN(c1ccccc1C(N)=O)S(=O)(=O)c1cccc2ncccc12;CNC(=O)c1ccc(C)c(NC(=O)c2csc(-c3ccoc3)n2)c1;C=CCn1cc(C(=O)NCc2nc(C(=O)O)cs2)c2ccccc21;O=C(Cc1cccs1)NCc1cccc(-n2ccc(C(=O)O)n2)c1;Cc1ccn2c(=O)nc(SCC(=O)OCc3ccccc3)nc2c1;Cc1c(C)c2ccc3c(c2oc1=O)CN(c1ccccc1Cl)CO3;Cc1c(C)c2ccc3c(c2oc1=O)CN(c1cccc(Cl)c1)CO3;COc1ccc2c(c1)CCN2C(=O)c1cc(C#N)c(SC)[nH]c1=O;Cc1c(C)c2ccc3c(c2oc1=O)CN(c1ccc(Cl)cc1)CO3;CNC(=O)c1cc(C)ccc1NC(=O)c1csc(-c2ccoc2)n1;O=C(NCC(C(=O)O)c1ccccc1)c1cc(-c2cccs2)[nH]n1
m_6f45e5,O=C(NC1CCN(CCc2ccccc2)CC1)N1CCCC(n2cncn2)C1;O=C(NCC1CCCN1Cc1ccccc1)Nc1ncn(C2CCCCC2)n1;O=C(Nc1ncn(C2CCCCC2)n1)NC(CN1CCCC1)c1ccccc1;CN(C)Cc1cn(CC2CC3CCN2CC3C(=O)NCc2ccccc2)nn1;CC(C)(C)c1cn(CC2CC3CCN2CC3C(=O)NCc2cccnc2)nn1;CC(C)n1nnc(-c2ccc(C(=O)NCC3CCCN4CCCCC34)cc2)n1;CN1CCN(C(=O)NCCc2nnc3n2CCCCC3)C(c2ccccc2)C1;CC1CCC(NCC2OC3CC(CC(=O)N4CCOCC4)OC3C2O)CC1;CC(C)(C)C(=O)N1CCC(CC(=O)O)C(CCN2CCC(C(=O)O)CC2)C1;COCCNC(=O)CC1CC(C(C)C)C(CNC(=O)CCC(=O)O)C=C1C;CCCCc1cn(CC2CC3CCN2CC3C(=O)NCc2cccnc2)nn1;C#CC1(O)CCC2C3CC=C4C=C(C(C)(C)C(=O)O)CCC4(C)C3CCC21C;Cn1nccc1C1CN(C(=O)CCN2CCN(c3ccccc3)CC2)CC1N;CC(C)N1CCCC(CNC(=O)N2CCn3c(nnc3-c3ccccc3)C2)C1;CC(C=O)=CC=CC=C(C)C=CC=C(C)C=CC12OC1(C)CC(O)CC2(C)C;Cc1ccc(CN(C)C(=O)c2nc(C)c(C)c(N3CCC(N(C)C)C3)n2)nc1;Cc1cc(C)n(-c2ccc(CNC(=O)NC3CCN(CC4CC4)CC3)cn2)n1;Cc1ccc(C=C2CC3C4CC=C5CC(O)CCC5(C)C4CCC3(C)C2O)o1;CCN(Cc1cccnc1)C(=O)c1nc(C)c(C)c(N2CCC(N(C)C)C2)n1;CC1CCCc2cc(C(=O)Nc3ccc(N4CCC(N(C)C)CC4)cn3)nn21;CC1=CC(=O)C2C(C)(CC(O)C3C(C)(C)CCCC32C)c2cc(C)c(O)cc21;C=CCC12C(=O)C=C3OCOC3(CC=C(C)C)C1CC=C(C)C2CC=C(C)C;CC(C)=CC=CC(C)C1CCC2(C)CC3C(C)=CC(=O)C3C(C(=O)O)=CCC12;CC(=CCCc1ccoc1)CCC=C(C)CCCC(C)C=C1C=C(C)C(=O)O1;CCCN1CCC(CNC(=O)N2CCn3c(nnc3-c3ccccc3)C2)CC1
m_70464b,Cc1occc1C(=O)N1CCS(=O)(=O)C(C)C1C;Cc1occc1C(=O)N1CCS(=O)(=O)C(C)(C)C1;CCCN(C(=O)c1ccoc1)C1CCS(=O)(=O)C1;Cc1occc1C(O)N1C=CS(=O)(=O)C(C)(C)C1;CS(=O)(=O)N1CCOCC(Oc2ccccc2)C1;CCOc1ccc(S(=O)(=O)N2CCOCC2)cc1;Cc1ccc(C)c(S(=O)(=O)NCCCC(=O)O)c1;Cc1cc(C)c(C)c(S(=O)(=O)NCC(=O)O)c1C;COc1ccc(S(=O)(=O)N2CCCC2)cc1OC;Cc1occc1C(O)N1C=CS(=O)(=O)C(C)C1C;CC1=C(C)S(=O)(=O)CCN1C(O)c1ccoc1C;CS(=O)(=O)NC1C(c2ccccc2)CC(O)C1O;CS(=O)(=O)c1ccc(OC2CNCCOC2)cc1;COc1ccc(S(=O)(=O)N2CCOCC2)c(C)c1;COC(=O)CN(c1c(C)cccc1C)S(C)(=O)=O;CCN(CC)S(=O)(=O)c1cc(C(=O)O)ccc1C;CCOC(=O)C(C)(N)c1ccc(S(C)(=O)=O)cc1;COc1ccccc1S(=O)(=O)NC1CCCOC1;COc1cc(CNC(CCS)C(=O)O)ccc1O;COc1cc(C)ccc1S(=O)(=O)N1CCOCC1;CC(C)c1ccc(C(=O)O)cc1S(=O)(=O)N(C)C;COCc1cccc(S(=O)(=O)NC2CCOC2)c1;CC(C)CC(NS(=O)(=O)c1ccccc1)C(=O)O;CCN(CCO)S(=O)(=O)c1ccc2c(c1)CCO2;Nc1cc(CCCC(=O)O)sc1CCCC(=O)O
m_70fe91,Cn1ccnc(NC2CCN(c3ccc(Br)cc3)C2)c1=O;Cn1ccnc(NC2CCN(c3ccccc3Br)C2)c1=O;Cc1nc(C(=O)NC2CCN(c3ccccc3Br)C2)c[nH]1;Cn1cnc(C(=O)NC2CCN(c3ccccc3Br)C2)c1;Cc1nc(C(=O)N2CCN(c3cccc(Br)c3)CC2)c[nH]1;COc1nc(C)cc(N2CCCC2c2cncc(Br)c2)n1;COc1cc(C2=CC(=O)C(N)=C(C(=O)O)C2=O)c(O)c(C(=O)O)c1N;CCn1nncc1C(=O)N1CCCc2ccc(Br)c(C)c21;COCc1cc(N2CCCC2c2cncc(Br)c2)ncn1;O=C(O)c1ccc(S(=O)(=O)NCc2cc3ccccc3[nH]2)c(F)c1;CC(C(=O)N1CCCC1c1cccc(Br)c1)n1cncn1;O=C(c1cn[nH]c1)N1CCCC(Nc2cccc(Br)c2)C1;Cn1nncc1C(=O)N1CCC(C)(C)c2ccc(Br)cc21;CCc1cc(Br)cc2c1N(C(=O)c1ncn(C)n1)CCC2;O=C(O)c1ccc(C(=O)NC2CCN(c3ccccc3F)C2=O)s1;Nc1ccnc(CN2CCOC(c3cccc(Br)c3)C2)n1;CCn1cc(C(=O)N2CC(Cc3ccccc3Br)C2)nn1;CCn1nncc1C(=O)NC1(c2ccccc2Br)CCC1;Cc1cnc(C(C)NC(=O)c2ccc(-n3cnnn3)cc2Cl)s1;Cc1nc(C2CCN(C(=O)c3ccc(Br)cc3)CC2)n[nH]1;Cn1cncc1CCNC(=O)c1cc(Br)cnc1C1CC1;Cc1n[nH]c(CC(=O)N2CC(Cc3ccc(Br)cc3)C2)n1;Cc1c(C(=O)NC2CC(c3ccc(Br)cc3)C2)nnn1C;CC(C(=O)NC1(c2ccccc2Br)CCC1)n1cncn1;CC1CNCCN1C(=O)c1[nH]nc(-c2ccccc2)c1Br
m_70ff2a,Cc1n[nH]cc1CNc1ccc(C(=O)N2CC(C)OC(C)C2)cc1;CCOCC1CN(C(=O)c2cccnc2C)CC1c1cnn(C)c1;Cc1c(CNc2ccc(C(=O)N3CCC(O)CC3)cc2)cnn1C;CC1=CN(C(O)c2ccc(NCc3c[nH]nc3C)cc2)CC(C)O1;Cc1cc(C(=O)NCc2ccnn2C)ccc1NC(=O)CC(C)C;Cc1cc(C(=O)NCc2cncn2C)ccc1NC(=O)CC(C)C;COc1ccccc1N1CCN(C(=O)CCc2cnn(C)c2)CC1;Cc1nccc(CC2C(NCc3cccnc3)CC(O)C2CO)n1;CCC(NC(=O)c1cc(C)n(Cc2ccncc2)c1C)C(=O)NC;Cc1nccc(CC2C(NCc3ccccn3)CC(O)C2CO)n1;COC1CC(N(C)C(=O)c2cnc3c(cnn3C3CCCC3)c2)C1;CCOc1nc(C)ccc1C(=O)N1CCCC(c2nccn2C)C1;Cc1ccc(OC2CCN(C(=O)c3c(C)nn(C)c3C)CC2)nc1;CC(NC(=O)CNC(=O)c1ccc(C(C)(C)C)cc1)c1ncc[nH]1;CC(C)n1cc(C2OCCC2C(=O)N(C)Cc2ccccn2)cn1;CC1CN(C(=O)NCCc2ccn(-c3ccccc3)n2)CC(C)O1;Cc1cc(C)n(-c2cccc(NC(=O)C(N)C3CCOCC3)c2)n1;CCC(C)c1cc(C(=O)N2CCC(Nc3cccnc3)CC2)on1;CCc1cncc(C(=O)N2CC(COC)C(c3cnn(C)c3)C2)c1;CCc1cnccc1C(=O)N1CC(COC)C(c2cnn(C)c2)C1;CC1(C)CN(C(=O)NCCc2ccn(-c3ccccc3)n2)CCO1;CN1CCN(CCOc2ccc(NC(=O)c3ccc[nH]3)cc2)CC1;CC(C)(C)CCc1noc(C2CC(=O)N(Cc3ccccn3)C2)n1;Cc1cccn(CC(=O)Nc2ccnn2CC2CCCCC2)c1=O;Cc1cnccc1OC1CCN(C(=O)c2cnn(C(C)C)c2)CC1
m_7108be,COCC1COCCN1C(=O)C1OCCC1C(C)C;COC1CC(CO)N(C(=O)CC2(O)CCCCC2)C1;COC1CC(CO)N(C(=O)COC2CCCCC2)C1;CC1CCC(CCC(=O)NC(C(=O)O)C(C)(C)C)O1;COCC1CC(OC)CN1C(=O)C1CCC(O)CC1;CCCCCC=CC(C)C(O)C(=O)NC(C)C(=O)O;CC(C)(C)OC(=O)NC(CC(=O)O)C1CCCCC1;CC1CCC(OCC(=O)NC(C)C(C)C(=O)O)CC1;COCC1COCCN1C(O)C1OC=CC1C(C)C;CC(C)=CCCC(C)CNC(CCC(=O)O)C(=O)O;CC(NC(=O)OC(C)(C)C)C1CCC(C(=O)O)CC1;CCCCCCCC(=O)C(C)N=C(O)CCC(=O)O;C=CCCCCCCCCC(=O)NC(CO)C(=O)O;CCCCCC=CCCCNC(CC(=O)O)C(=O)O;CC(C)(C)OC(=O)NCC1(CC(=O)O)CCCCC1;CC1CCCC(OCC(=O)NC(C(=O)O)C(C)C)C1;COCC1COCCN1C(O)C1=C(C(C)C)CCO1;CCC(C)(O)C(O)C(=O)OCC1CCN2CCCC12;COCC1COCCN1C(O)C1OCC=C1C(C)C;COCC1COCCN1C(O)C1OCCC1=C(C)C;CCCCCCCCC=CC(=O)NC(CO)C(=O)O;CC(C)(C)OC(=O)NC(CC1CCCCC1)C(=O)O;CCCCCCCC(O)CC(=O)NC1CCOC1=O;CCCCCCC(O)CC(=O)N1CCCC1C(=O)O;COCC1=COCCN1C(O)C1OCCC1C(C)C
m_7125ae,COc1cc(C(=O)NC(C)(CO)C2CCCCC2)on1;COc1cc(C(=O)NC(C)(C)C2CCC(O)CC2)on1;COc1cc(C(=O)NC(C)(C)C2CCCC(O)C2)on1;COc1cc(C(=O)NC(C)(C)C2CCCCC2O)on1;COc1cc(C(=O)NC(C)(C)C2(O)CCCCC2)on1;Cc1noc(C(=O)NC(C)(CO)C2CCCCC2)c1O;COc1cnoc1C(=O)NC(C)(CO)C1CCCCC1;CC(CO)(NC(=O)c1cc(CO)no1)C1CCCCC1;COc1cc(C(=O)NCC2CCOC2C(C)(C)C)on1;Cc1c(O)noc1C(=O)NC(C)(CO)C1CCCCC1;CN(C(=O)c1cc(O)no1)C(C)(CO)C1CCCCC1;COCC(C)(NC(=O)c1cc(O)no1)C1CCCCC1;Cc1cc(C(=O)NC(C)(CO)C2CCC(O)CC2)on1;COc1noc(C(=O)NC(C)(C)C2CCCCC2)c1O;CC(C)(NC(=O)c1cc(OCO)no1)C1CCCCC1;Cc1cc(C(=O)NC(C)(CO)C2CCCC(O)C2)on1;Cc1cc(C(=O)NC(C)(CO)C2CCCCC2O)on1;Cc1cc(C(=O)NC(CO)(CO)C2CCCCC2)on1;COCc1cc(C(=O)NCC(O)C2CCCCC2)no1;Cc1cc(C(=O)NC(C)(CO)C2(O)CCCCC2)on1;COCc1nocc1C(=O)NCC1(O)CCCC1(C)C;COc1cc(C(O)NC(C)(CO)C2CC=CCC2)on1;NC(=O)C1CCCN(C(=O)C2CCCC(C(=O)O)C2)C1;COc1cc(C(O)NC(C)(CO)C2C=CCCC2)on1;COc1cc(C(O)NC(C)(CO)C2=CCCCC2)on1
m_741f2c,O=C(NCc1ccc(Br)cn1)C1NCC12CCCC2;NC1CC2CC(C(=O)NCc3ccc(Br)cn3)CC12;O=C(NCc1ncccc1Br)C12CCCC1NCC2;Cc1ccc(Br)c(C(=O)N2CC3CCCC3(N)C2)n1;Cc1ccc(Br)c(C(=O)N2CC(N)C3(CCC3)C2)n1;Cc1ccc(Br)c(C(=O)NC23CCCC2NCC3)n1;OC(NCc1ccc(Br)cn1)C1NCC12C=CCC2;OC(NCc1ccc(Br)cn1)C1NCC12CC=CC2;CN1CC2CCCN(C(=O)c3ncccc3Br)C2C1;CCN(CC(F)F)S(=O)(=O)c1ccc(C(=O)O)cc1OC;Cc1ccc(Br)c(C(O)N2C=C(N)C3(CCC3)C2)n1;CC1CCN(Cc2nc3cc(Br)ccc3[nH]2)CC1O;Cc1ccc(Br)c(C(O)N2CC(N)C3(C=CC3)C2)n1;COC1=CC(c2ccc(Br)[nH]2)=NC1=CNCC(C)C;COC1=CC(c2[nH]ccc2Br)=NC1=CNCC(C)C;NC(=O)C1(O)CCCN(c2ncc(C(F)(F)F)cc2Cl)C1;Cc1cc(C(=O)O)ccc1NS(=O)(=O)c1cccc(F)c1C;CCOC(=O)C(C)(O)CNS(=O)(=O)c1cc(F)cc(F)c1;Cc1ccc(N(C)S(=O)(=O)c2ccc(F)c(C(=O)O)c2)cc1;Cc1ccc(S(=O)(=O)NC(=O)OCc2ccccc2F)cc1;COc1ccc(CNc2nc(Cl)cnc2C(=O)O)c(OC)c1;O=S(=O)(NCc1ccccc1OC1CCC1)c1ccsc1;CN(Cc1ccc(F)cc1)S(=O)(=O)c1ccc(C(=O)O)cc1;CCC(C)NC=C1N=C(c2ccc(Br)[nH]2)C=C1OC;CN1N=C(C(=O)NC(C(=O)O)c2ccc(Cl)cc2)CCC1=O
m_75100f,O=C(NCCN1CCN(c2ccc(F)cc2)CC1)NC1COc2ccccc21;Nc1cc(CN2CCC(NC(=O)NC3COc4ccccc43)CC2)ccc1F;Nc1cc(F)ccc1CN1CCC(NC(=O)NC2COc3ccccc32)CC1;CC(NC(=O)NC1CCN(c2ccccc2F)C1)C(=O)NCc1ccccc1;OC(NCCN1CCN(c2ccc(F)cc2)CC1)Nc1coc2ccccc12;OC(NC=CN1CCN(c2ccc(F)cc2)CC1)NC1COc2ccccc21;Nc1cccc2c1C(NC(=O)NC1CCN(Cc3ccc(F)cc3)CC1)CO2;Nc1ccc2c(c1)OCC2NC(=O)NC1CCN(Cc2ccc(F)cc2)CC1;Nc1cccc2c1OCC2NC(=O)NC1CCN(Cc2ccc(F)cc2)CC1;Nc1ccc2c(c1)C(NC(=O)NC1CCN(Cc3ccc(F)cc3)CC1)CO2;COc1c(C)c(CCCCCCCCCCSC(C)=O)oc(=O)c1OC;OC(NCCN1C=CN(c2ccc(F)cc2)CC1)NC1COc2ccccc21;O=C(Cc1ccc(Cl)cc1)N1CCCC2=CC3CC(CN4CCCCC34)C21;O=C(NC1CCN(Cc2ccccc2F)CC1)c1cnc(OCC2CC2)cn1;CC(=O)Nc1ccc(C2CC(c3ccc(C)nc3)=NN2c2ccc(C)cc2)cc1;CCCC(CC(=O)CC(=O)CCc1ccc(O)c(OC)c1)c1cccc(O)c1;CCC(CCCCCCC(C)CCC(=O)O)c1ccc(S(=O)(=O)O)cc1;CCCc1cc(=O)oc2c3c(c4c(c12)OC(C)(C)C=C4)OC(C)C(C)C3OC;COc1ccnc(N2CCN(C3CCCN(c4ccccc4F)C3=O)CC2)c1;CCNC(=O)N1CCN(C(C(=O)Nc2ccc(F)cc2)c2ccccc2)CC1;CC1CN(c2ccccc2F)CCN1C(=O)c1cccnc1N1CCOCC1;O=C(NC1CCN(Cc2ccccc2)CC1)c1cc2c(cn1)[nH]c1ccccc12;COc1cccc(O)c1C(=O)CCCCCCCCc1ccc2c(c1)OCO2;Cc1ccc(C(O)(COCC(C)C)COC(=O)C=Cc2ccccc2)c(O)c1;COc1ccc(C(=O)OC2CC(C(C)=O)C3C2=C(C)C(=O)CC3C(C)C)cc1
m_75dece,Cn1c(=O)[nH]c2ccc(NC(=O)CCC3CCCC3)cc21;Cn1c(=O)[nH]c2ccc(NC(=O)C3CCCCCC3)cc21;Cn1c(=O)[nH]c2ccc(NC(O)C3CCC=CCC3)cc21;Cn1c(=O)[nH]c2ccc(NC(O)C3C=CCCCC3)cc21;Cn1c(=O)[nH]c2ccc(NC(O)C=CC3CCCC3)cc21;Cn1c(=O)[nH]c2ccc(NC(O)C3CC=CCCC3)cc21;Cn1c(=O)[nH]c2ccc(NC(O)CCC3CC=CC3)cc21;Cn1c(=O)[nH]c2ccc(NC(O)CCC3=CCCC3)cc21;Cn1c(=O)[nH]c2ccc(NC(O)C3=CCCCCC3)cc21;Cn1c(=O)[nH]c2ccc(NC(O)CC=C3CCCC3)cc21;Cn1c(=O)[nH]c2ccc(NC(O)CCC3C=CCC3)cc21;Cc1ccc(-c2noc(C3CCC(C)(C)CC3)n2)c(=O)[nH]1;CCCC1(CCC)C(=O)N=C(Nc2ccccc2)N=C1O;COc1ccccc1CCNC(=O)Cc1c(C)n[nH]c1C;CCC1CCC(C)N(C(=O)c2ccc3[nH]c(=O)[nH]c3c2)C1;CCc1n[nH]c(CC)c1NC(=O)Cc1cccc(OC)c1;Cn1ccnc1CN1CCOCC(Oc2ccccc2)C1;Cc1cn2ccc(C(=O)NC3CCC(CO)CC3)cc2n1;COCCC1(CNc2nc3ccccc3c(=O)[nH]2)CCC1;COc1ccc2c(c1)OCCCC2NCc1cncn1C;CCCC1(CCC)C(=O)NC(=O)N=C1Nc1ccccc1;CN(C)C(=O)c1ccc(NC(=O)CC2=CCCCC2)nc1;Cn1cc(CN2CCOCC(Oc3ccccc3)C2)cn1;Cc1ncc(C(=O)N2CCC(O)(C3CC3)C2)c(C2CC2)n1;Cc1cc(NC(=O)Cc2c(C)n[nH]c2C)c(C)c(C)c1O
m_762dcf,Cc1cccc(C(NC(=O)c2ccnn2C)C(=O)O)c1C;Cc1cc(C)cc(C(NC(=O)c2ccnn2C)C(=O)O)c1;Cc1cc(CNC(=O)c2ccnn2C)cc(C)c1C(=O)O;Cc1cc(C)c(C(=O)O)c(CNC(=O)c2ccnn2C)c1;Cc1ccc(C(=O)O)c(CNC(=O)c2ccnn2C)c1C;Cc1cc(C(=O)O)cc(CNC(=O)c2ccnn2C)c1C;Cn1cncc1C(=O)Nc1ccc(C(C)(C)C(=O)O)cc1;Cn1cc(C(=O)Nc2ccc(C(C)(C)C(=O)O)cc2)cn1;Cc1c(CNC(=O)c2ccnn2C)ccc(C(=O)O)c1C;CC(Cc1ccc(NC(=O)c2cncn2C)cc1)C(=O)O;CC(C)(C(=O)O)c1ccc(NC(=O)Cn2cccn2)cc1;Cc1nc(C(=O)Nc2ccc(CC(C)C(=O)O)cc2)c[nH]1;Cc1cc(C)cc(CNC(=O)c2c(C(=O)O)cnn2C)c1;Cc1cccc(CNC(=O)c2c(C(=O)O)cnn2C)c1C;Cc1cc(C)cc(CNC(=O)c2cc(C(=O)O)nn2C)c1;Cc1cccc(CNC(=O)c2cc(C(=O)O)nn2C)c1C;Cn1cc(C(=O)N2CCOc3ccccc3C2CO)cn1;Cc1cc(C)cc(CC(=O)Nc2cnn(CC(=O)O)c2)c1;Cc1cc(C(=O)Nc2cccc(C(C)C(=O)O)c2)n(C)n1;COC(=O)C(Cc1ccccc1)NC(=O)c1cnn(C)c1;Cc1ccccc1C(C)CC(=O)Nc1cc(C(=O)O)n[nH]1;CCn1nc(C)cc1C(=O)Nc1ccc(C(=O)O)c(C)c1;CC(C)c1cccc(C(=O)Nc2cnn(CC(=O)O)c2)c1;O=C(CCc1ccccc1)NC(Cc1cnc[nH]1)C(=O)O;Cn1c(O)c(C2NCCc3ccccc32)c(=O)n(C)c1=O
m_76b47b,CCOc1ccccc1NC(=O)C(C)Nc1cccc(N2CCCC2=O)c1;COc1cccc(NC(=O)C(C)Nc2cccc(N3CCCC3=O)c2)c1C;COc1cc(NC(=O)C(C)Nc2cccc(N3CCCC3=O)c2)ccc1C;COc1cccc(C)c1NC(=O)C(C)Nc1cccc(N2CCCC2=O)c1;COc1cc(C)ccc1NC(=O)C(C)Nc1cccc(N2CCCC2=O)c1;COc1ccccc1N(C)C(=O)C(C)Nc1cccc(N2CCCC2=O)c1;COc1c(C)cccc1NC(=O)C(C)Nc1cccc(N2CCCC2=O)c1;COc1cccc(N(C)C(=O)C(C)Nc2cccc(N3CCCC3=O)c2)c1;COc1cc(C)cc(NC(=O)C(C)Nc2cccc(N3CCCC3=O)c2)c1;O=C(Nc1ccc2c(c1)OCCCO2)c1ccc(N2CCCCCC2)nc1;CCOc1ccccc1NC(=O)C(C)Nc1cccc(N2C=CCC2O)c1;CCOc1ccccc1NC(=O)C(C)Nc1cccc(N2CC=CC2O)c1;COc1ccccc1NC(=O)C(C)N(C)c1cccc(N2CCCC2=O)c1;COc1cccc(NC(=O)C(C)N(C)c2cccc(N3CCCC3=O)c2)c1;O=C(NCC1COc2ccccc2O1)N1CCCCCC1c1ccncc1;COc1cccc(NC(=O)C(C)Nc2ccc(C)c(N3CCCC3=O)c2)c1;COc1cccc(NC(=O)C(C)Nc2cc(N3CCCC3=O)ccc2C)c1;COc1ccccc1NC(=O)C(C)Nc1cc(C)cc(N2CCCC2=O)c1;COc1ccccc1NC(=O)C(C)Nc1cc(N2CCCC2=O)ccc1C;COc1ccccc1NC(=O)C(C)Nc1cccc(N2CCCC2=O)c1C;COc1cccc(NC(=O)C(C)Nc2cccc(N3CCCC3=O)c2C)c1;COc1cccc(NC(=O)C(C)Nc2cc(C)cc(N3CCCC3=O)c2)c1;COc1ccccc1NC(=O)C(C)Nc1ccc(C)c(N2CCCC2=O)c1;CCOc1ccccc1NC(=O)C(c1ccccc1)N1CC(C)(C(N)=O)C1;CN(C(=O)NCCc1cccc(O)c1)C1CCCN(c2ccccc2)C1=O
m_76ffc5,COc1ccc2c(c1)CCN2C(=O)c1ccn(-c2cccc(Br)c2)n1;COc1ccc2c(c1)N(C(=O)c1ccn(-c3cccc(Br)c3)n1)CC2;COc1cccc2c1N(C(=O)c1ccn(-c3cccc(Br)c3)n1)CC2;COc1cccc2c1CCN2C(=O)c1ccn(-c2cccc(Br)c2)n1;Cc1cc2c(cc1O)CCN2C(=O)c1ccn(-c2cccc(Br)c2)n1;Cc1cc(O)cc2c1N(C(=O)c1ccn(-c3cccc(Br)c3)n1)CC2;Cc1c(O)ccc2c1CCN2C(=O)c1ccn(-c2cccc(Br)c2)n1;COc1ccc2c(ccn2C(O)c2ccn(-c3cccc(Br)c3)n2)c1;COc1ccc(Br)cc1-n1ccc(C(=O)N2CCc3ccccc32)n1;COc1ccc(-n2ccc(C(=O)N3CCc4ccccc43)n2)cc1Br;COc1cn(-c2cccc(Br)c2)nc1C(=O)N1CCc2ccccc21;COc1c(Br)cccc1-n1ccc(C(=O)N2CCc3ccccc32)n1;COc1cc(C(=O)N2CCc3ccccc32)nn1-c1cccc(Br)c1;Cc1ccc(Br)cc1-n1ccc(C(=O)N2CCc3cc(O)ccc32)n1;Cc1c(Br)cccc1-n1ccc(C(=O)N2CCc3cc(O)ccc32)n1;Cc1cc(C(=O)N2CCc3cc(O)ccc32)nn1-c1cccc(Br)c1;COc1cc(Br)cc(-n2ccc(C(=O)N3CCc4ccccc43)n2)c1;Cc1cn(-c2cccc(Br)c2)nc1C(=O)N1CCc2cc(O)ccc21;Cc1ccc(-n2ccc(C(=O)N3CCc4cc(O)ccc43)n2)cc1Br;Cc1cc(Br)cc(-n2ccc(C(=O)N3CCc4cc(O)ccc43)n2)c1;Cn1nc(-c2ccc(NC(=O)Cc3ccc(Br)cc3)cc2)ccc1=O;COc1ccc2c3c([nH]c2c1)C1(NCC3)C(=O)Nc2ccc(Br)cc21;Cn1c(C(=O)Nc2ccccc2C(N)=O)ccc1-c1ccccc1Br;O=C(Cc1ccc(Br)cc1)Nc1cccc(-c2noc(C3CC3)n2)c1;O=C(Oc1ccc(F)cc1C(=O)C=Cc1cccs1)c1ccc([N+](=O)[O-])cc1
m_773a95,CCC(CC#N)NS(=O)(=O)c1ccc(C)c(F)c1;CCN(CCC#N)S(=O)(=O)c1ccc(C)c(F)c1;CCC(CC#N)NS(=O)(=O)c1c(C)cccc1F;CCCS(=O)(=O)N(C)Cc1ccc(F)cc1C#N;CC1CN(C(=O)c2cncc(F)c2)CC[S+]([O-])C1;CC1(C)CN(C(=O)c2cncc(F)c2)CC[S+]1[O-];COC(=O)C1OC(n2cc(C)c(=O)[nH]c2=O)CC1O;Cc1cccc(-c2nc(-c3c(C)noc3C)cs2)c1;Cc1cccc(Oc2ncnc3sc(C)c(C)c23)c1;Cc1ccccc1Oc1ncnc2sc(C)c(C)c12;Cc1ccc(-c2nc(-c3c(C)noc3C)cs2)cc1;O=C1CCc2cc(-c3csc(C4CC4)n3)ccc2N1;CNC(=O)c1cc(OC)c(OC)c(OC)c1[N+](=O)[O-];CC(=O)n1c(=O)ccn(C2CC(O)C(CO)O2)c1=O;CC(C)C(Sc1ccccc1F)C(=O)NC(N)=O;NC(=O)c1cn(C2OC(CO)C(O)C2O)ccc1=O;O=[N+]([O-])c1ccccc1NC1OCC(O)C(O)C1O;O=[N+]([O-])c1cccc(NC2OCC(O)C(O)C2O)c1;O=[N+]([O-])c1cccc(NC2OC(CO)C(O)C2O)c1;O=[N+]([O-])c1ccc(NC2OCC(O)C(O)C2O)cc1;N=c1ccn(C2OC(CO)C(O)C2O)cc1C(=O)O;O=[N+]([O-])c1ccccc1NC1OC(CO)C(O)C1O;O=C1CN(C(=O)COc2ccc(F)cc2F)CCN1;O=[N+]([O-])c1ccc(NC2OC(CO)C(O)C2O)cc1;N=C(N)SCC(=O)c1ccc(-c2ccccc2)cc1
m_77b2b0,CC1(C)CC(NC(=O)c2n[nH]c(=O)c3ccccc23)c2ccccc21;Cc1ccc2c(c1)C(NC(=O)c1n[nH]c(=O)c3ccccc13)CCC2;CC1CCCN(C(=O)c2n[nH]c(=O)c3ccccc23)c2ccccc21;O=C(c1n[nH]c(=O)c2ccccc12)N1CCCCCc2ccccc21;CC1Cc2ccccc2N(C(=O)Cc2n[nH]c(=O)c3ccccc23)C1;O=C(Cc1n[nH]c(=O)c2ccccc12)Nc1cccc2c1CCCC2;CCN(C(=O)c1nn(-c2ccccc2)c(=O)c2ccccc12)C1CC1;N#Cc1ccc(C(=O)NCC(=O)N2CCCC2c2ccccc2)cc1;Cc1cccc2c(=O)n(CC(=O)N3CCc4ccccc4C3)cnc12;CC(C)N1C(=O)C(Cc2nc3ccccc3c(=O)[nH]2)c2ccccc21;CC1(NC(=O)CNC(=O)c2ccc(C#N)cc2)Cc2ccccc2C1;N#Cc1cccc(C(=O)NC2CCCN(C(=O)c3ccccc3)C2)c1;CC(NC(=O)c1ccc2c(=O)n3c(nc2c1)CCC3)c1ccccc1;N#Cc1ccc(NC(=O)C(c2ccccc2)N2CCCCC2=O)cc1;N#Cc1cccc(NC(=O)C(c2ccccc2)N2CCCCC2=O)c1;CCN(C(=O)c1ccc(C#N)cc1)C1CCN(c2ccccc2)C1=O;Cc1nc2ccccc2c(=O)n1CCNC(=O)C=Cc1ccccc1;Cc1ccc2c(c1)C(NC(O)c1n[nH]c(=O)c3ccccc13)C=CC2;CN1Cc2ccccc2C(NC(=O)c2c[nH]c(=O)c3ccccc23)C1;O=C(NCCc1ccccc1)c1ccc2c(=O)n3c(nc2c1)CCC3;CC1(C)C=C(NC(O)c2n[nH]c(=O)c3ccccc23)c2ccccc21;Cn1ncc(C(=O)NC2c3ccccc3CC2O)c1-c1ccccc1;COc1cccc(CNC(=O)c2cnc(-c3ccccc3)nc2C)c1;Cc1ccc2c(c1)C(NC(O)c1n[nH]c(=O)c3ccccc13)=CCC2;Cc1ccc(Oc2ccc(N(C)C(=O)Cc3ccccc3)cc2)nn1
m_7874d0,O=C(c1ccc2ccc(Cl)cc2n1)N1CCC(N2CCCCC2=O)CC1;O=C(c1cc(Cl)cc2cccnc12)N1CCC(N2CCCCC2=O)CC1;O=C(c1ccc2ccc(Cl)cc2n1)N1CCC(N2CCC=CC2O)CC1;O=C(c1ccc2ccc(Cl)cc2n1)N1CCC(N2CC=CCC2O)CC1;CC1(C)CN(C(=O)C2CC2)CCN1C(=O)c1ccc2ccc(Cl)cc2n1;O=C(c1ccc2ccc(Cl)cc2n1)N1CCC(N2C=CCCC2O)CC1;O=C(c1ccc2ccc(Cl)cc2n1)N1CC=C(N2CCCCC2O)CC1;O=C(c1ccc2ccc(Cl)cc2n1)N1C=CC(N2CCCCC2O)CC1;O=C1CCCCN1C1C=CN(C(O)c2ccc3ccc(Cl)cc3n2)CC1;O=C1C=CCCN1C1CCN(C(O)c2ccc3ccc(Cl)cc3n2)CC1;O=C1CC=CCN1C1CCN(C(O)c2ccc3ccc(Cl)cc3n2)CC1;O=C1CCCCN1C1=CCN(C(O)c2ccc3ccc(Cl)cc3n2)CC1;O=C1CCC=CN1C1CCN(C(O)c2ccc3ccc(Cl)cc3n2)CC1;CC(C)C(=O)NC1CC(COc2ccc(S(C)(=O)=O)cc2)C(O)C1O;CCn1nc(C)cc1C(=O)Nc1ccc2nc(N3CCOCC3)sc2c1;Oc1ccc(Cl)cc1C1=NC2(CCNCC2)NC(c2ccccc2O)C1;O=C(c1ccc(N2CCCC2)nc1)N1CCOC(c2ccc(Cl)cc2)C1;COc1ccc(CC(=O)O)cc1S(=O)(=O)N(C)C1CCC(OC)CC1;CN1C(=O)C(=C2CC(c3ccccc3)N(C#N)C(=N)N2)C(=O)c2ccccc21;CC(C)c1csc(C2CCCN(C(=O)c3ccc4n[nH]c(=O)n4c3)C2)n1;Cc1cccc(C)c1NS(=O)(=O)c1c(C)cc(C)c(-n2cnnn2)c1C;CCCCCOn1cc(CC(=O)N=c2cc[nH]cc2Cl)c2ccccc21;CCc1nc2n(n1)CCCC2NS(=O)(=O)Cc1cccc2cccnc12;O=C(CCc1cccc(Cl)c1)NC1CCN(C(=O)c2ccncc2)CC1;COc1ccc(-c2cn(-c3ccc(OC)cc3)c3ncn4ncnc4c23)cc1
m_78c402,CCn1cc(S(=O)(=O)NC(CN)C2CC2)nc1C;Cc1nn(C)c(C)c1S(=O)(=O)NC1CCCNC1;CCn1cc(S(=O)(=O)N2CC(N(C)C)C2)nc1C;Cc1nc(S(=O)(=O)NCCC2CCCN2)cn1C;Cc1nc(S(=O)(=O)NC2CCNCC2C)cn1C;C1=C2C=C3C4=Nc5ccccc5C4=CCN3C=C2CCC1;CC1CCN(S(=O)(=O)N(C)Cc2cnn(C)c2)C1;CC(N)C1CCCCN1S(=O)(=O)c1cnn(C)c1;Cc1cnn(C)c1S(=O)(=O)NC1CCCNC1C;CNCC1CCCN(S(=O)(=O)c2cnn(C)c2)C1;CN(C)S(=O)(=O)C1CCCN(Cc2ncc[nH]2)C1;CC(N)C1CCCN(S(=O)(=O)c2cnn(C)c2)C1;CN1CCCC(N(C)S(=O)(=O)c2cn(C)cn2)C1;Cn1cc(C2CCCN2CCCS(N)(=O)=O)cn1;c1ccc2c3ccn4cc5c(cc4c-3nc2c1)CCCC5;CC1CCCN(S(=O)(=O)c2cnn(C)c2)C1CN;COCCc1nsc(N2CCN(C)C(CO)C2)n1;Cc1[nH]ncc1CNS(=O)(=O)N1CCCCC1C;CCc1nc2n(n1)CC(NCCS(C)(=O)=O)CC2;Cc1nc(C)n(CC2CCCN(S(C)(=O)=O)C2)n1;CCCS(=O)(=O)N1CCCC(Cn2cncn2)C1;O=C(NC1CC2(C1)CC2(F)F)C12CNCC1COC2;CC(C)CS(=O)(=O)N1CCCC1c1nncn1C;CC(C)N(C(=O)CSc1n[nH]c(=O)n1C)C(C)C;CCN(CC)C(=O)CSc1nncn1CCOC
m_78cd05,O=C(NC1CC(C(=O)O)C2CC12)c1ccccn1;O=C(O)c1cccnc1C(=O)NC1CCC2CC21;O=C(O)c1ccnc(C(=O)NC2CCC3CC32)c1;O=C(O)c1ccc(C(=O)NC2CCC3CC32)nc1;O=C(NC1C=C(C(O)O)C2CC12)c1ccccn1;O=C(O)c1cccc(C(=O)NC2CCC3CC32)n1;O=C(NC1CC(C(O)O)C2C=C12)c1ccccn1;O=C(NC1CC(C(O)O)C2=C1C2)c1ccccn1;O=C(O)C1CC(NC(O)c2ccccn2)C2=CC21;O=C(O)C1CC(NC(O)c2ccccn2)C2C=C12;O=C(NC1CC(C(O)O)C2=CC21)c1ccccn1;O=C(NC1CC(C(O)O)=C2CC21)c1ccccn1;O=C(O)C1=C2CC2C(NC(O)c2ccccn2)C1;O=C(O)C1CC(NC(O)c2ccccn2)C2=C1C2;O=C(O)C1=CC(NC(O)c2ccccn2)C2CC12;O=C(c1ccccc1)N1CCN2C(=O)OCC2C1;O=C(NC1=CC(C(O)O)C2CC12)c1ccccn1;O=C(O)C1C=C(NC(O)c2ccccn2)C2CC12;O=C(O)C1CC(NC(O)c2ccccn2)=C2CC21;COc1ccccc1CNC(=O)c1coc(C)n1;O=C(NC1=C2CC2C(C(O)O)C1)c1ccccn1;C1=CC(c2noc(C3CC4CCC3O4)n2)=CCO1;COc1ccc(N2C(=O)C3CCCN3C2=O)cc1;C1=COCCC=1c1noc(C2CC3CCC2O3)n1;C1=CC(c2noc(C3CC4CCC3O4)n2)C=CO1
m_79cf07,COC(=O)C1CC1C(=O)Nc1cc(C2CCCC2)[nH]n1;Cc1c(NC(=O)C2CC2C(=O)O)n[nH]c1C1CCCC1;COC(=O)C1=CC1C(O)Nc1cc(C2CCCC2)[nH]n1;CN(C(=O)C1CC1C(=O)O)c1cc(C2CCCC2)[nH]n1;COC(=O)C1CC1C(O)Nc1cc(C2CC=CC2)[nH]n1;COC(=O)C1=C(C(O)Nc2cc(C3CCCC3)[nH]n2)C1;COC(=O)C1CC1C(O)Nc1cc(C2=CCCC2)[nH]n1;O=C(O)C1CCC(C2CCN(c3ncccn3)CC2)O1;COC(=O)C1CC1C(O)Nc1cc(C2C=CCC2)[nH]n1;CC(C(=O)O)N(C)C(=O)c1ccc(N2CCCC2)nc1;Cc1ncc(C(=O)NC2CC(C(=O)O)C2)c(C(C)C)n1;CN(C)c1ccc(C(=O)N2CCCC(C(=O)O)C2)cn1;COC(O)C1=CC1C(=O)Nc1cc(C2CCCC2)[nH]n1;COC(=O)C1C=C1C(O)Nc1cc(C2CCCC2)[nH]n1;COc1c(C)nc(C2CC2)nc1N1CCC(C(=O)O)C1;CC1CCN(C(=O)C2CC2C(=O)O)CC1n1ccnc1;CC(C)c1cccc(C(=O)N2CCC(O)(C(N)=O)C2)n1;COC(=O)c1ccc(N2CC(C)OC(C3CC3)C2)nn1;COC(O)C1CC1C(=O)Nc1cc(C2CC=CC2)[nH]n1;Cc1nc(N)nc2c1C(=O)C1(O)C2CC(O)CC1(C)C;COc1ccc2c(c1NC(=O)CCNC(N)=O)CCC2;Cn1nccc1C(NC(=O)C1CCC=CCC1)C(=O)O;CC(=O)Nc1cccnc1NC(=O)C1CCCOCC1;Cn1cc(CCC(=O)NC2CC(C(=O)O)C3CC23)cn1;COC(=O)C1CCN(C(=O)c2cc(C3CC3)[nH]n2)CC1
m_7b993b,CC(NC(=O)CN1CCN(Cc2ccc3c(c2)OCO3)CC1)C1CC1;O=C(NC1CCCCC1)N1CCN(Cc2ccc3c(c2)OCO3)CC1;CC(NC(O)CN1CCN(Cc2ccc3c(c2)OCO3)CC1)C1C=C1;COc1ccccc1C(=O)N1CCN2C(CN(C(C)=O)CC2(C)C)C1;CC(NC(O)CN1CCN(Cc2ccc3c(c2)OCO3)CC1)C1=CC1;CC(NC(O)CN1CCN(Cc2ccc3c(c2)OCO3)CC1)=C1CC1;COc1cccc(C(=O)N2CCN(C(=O)C3CCN(C)C3C)CC2)c1;CC(NC(O)CN1C=CN(Cc2ccc3c(c2)OCO3)CC1)C1CC1;CCN1CC2(CN(Cc3cccc(C(=O)O)c3)CC3CC(O)CN32)C1;O=C(NCc1cccc2c1OCO2)N1CCC(CN2CCCC2)CC1;CC(=O)N1CC2CN(C(=O)COc3ccccc3)CCN2C(C)(C)C1;O=C(c1ccccc1)N1CC2CC(O)CN2C2(CN(CCCO)C2)C1;O=C(c1ccccc1)N1CC2(CN(CCCO)CC3CC(O)CN32)C1;COc1ccccc1CN1CCN2C(=O)N(C3CCOCC3)CC2C1;COc1ccc(CCNC(=O)CC(C)n2nc(C)cc2C)cc1OC;COc1ccc(CN2CC3CN(C4CCOCC4)CCN3C2=O)cc1;COc1ccc(CN2CCN3C(=O)N(C4CCOCC4)CC3C2)cc1;Cc1ccc(OCC(O)CN2CCN(Cc3cc(C)on3)CC2)cc1;COc1cccc(CN2CCN3C(=O)N(C4CCOCC4)CC3C2)c1;COc1ccccc1CN1CC2(C1)CN(C(C)=O)CC1CC(O)CN12;Cc1ccc(OCC(O)CN2CCN(Cc3cc(C)no3)CC2)cc1;COc1cc(C)c(C(C)NC(=O)CCCn2ccnc2C)cc1OC;CC(C)(C)CC(=O)N1CCN2CC(=O)Nc3ccccc3OCC2C1;CCC1CN(C(=O)c2cccnc2)CCC1CC(=O)N1CCOCC1;Cc1ccccc1C(=O)N1CCN(C(C)C(=O)N2CCOCC2)CC1
m_7d4c58,O=C(Nc1cnn(CC2CC2)c1)N1CC(O)C2(CC2)C1;CC(C1CC1)n1cc(NC(=O)NC2C3COCC32)cn1;CCc1noc(C)c1CNC(=O)c1ccn(C(C)C)n1;Cc1noc(CC2(O)CCCN(Cc3cc[nH]c3)C2)n1;COCc1ccnc(NC(=O)N2CC3CCC3(N)C2)c1;O=C(Nc1cccnn1)N1CCC2(CCOCC2)CC1;CC(C)c1cc(=O)n(Cc2nc(C(C)(C)C)no2)cn1;Cc1cc(NC(=O)N2CCC3CCC(O)C32)nnc1C;Cc1nnc(C2CN(CC3(C#N)CCC3)CC(C)O2)o1;CCOC1CC(NC(=O)c2nccnc2N)C12CCC2;NC(=O)CC1CCCCN1C(=O)c1cc(C2CC2)[nH]n1;Cn1cc(CN2CCCC(O)(CC(N)=O)C2)cc1C#N;COC(=O)c1cnc(N2CCC3CCN(C)CC32)nc1;CCc1ncc(NC(=O)C23CNCC2CCOC3)cn1;CC(C)c1noc(CN2CCC(c3ncco3)CC2)n1;CC1(C)C(=O)NCCN1C(=O)c1[nH]nc2c1CCCC2;O=C(NCc1ncccn1)N1CCC2(CCOCC2)C1;Cc1c(CNC(=O)c2ncoc2C(C)(C)C)cnn1C;NC(=O)c1ccc(N2CCCC3(CCCCO3)C2)nn1;CCCc1nccn1Cc1noc(C2CCOCC2)n1;CCn1cc(C(=O)N2CC(=O)NC3CCCCC32)cn1;Cc1n[nH]c(C)c1CC(=O)N1CCCC2C(=O)NCC21;CC(=O)N1CCC(CNc2ccnc(C(N)=O)c2)CC1;CC(=O)N(C)C1CCN(C(=O)Nc2ccncc2)CC1;CC(=O)N1CC(C(=O)NC2CCCc3nn(C)cc32)C1
m_7e912f,O=C(CCc1ccccc1)N1CCC(NC(=O)N2CCC3(COC3)C2)CC1;O=C(NC1CCN(C(O)C=Cc2ccccc2)CC1)N1CCC2(COC2)C1;O=C(NC1=CCN(C(O)CCc2ccccc2)CC1)N1CCC2(COC2)C1;O=C(NC1C=CN(C(O)CCc2ccccc2)CC1)N1CCC2(COC2)C1;O=C(NC1CCN(C(O)CCc2ccccc2)CC1)N1C=CC2(COC2)C1;CC(C)C(=O)N1CC2CC(O)CN2C2(CN(C(=O)Cc3ccccc3)C2)C1;O=C(CCc1ccccc1)N1CC=C(NC(O)N2CCC3(COC3)C2)CC1;O=C1COC2(CCN(C(=O)NCC3(Cc4ccccc4)CCCC3)CC2)N1;O=C(CCc1ccccc1)N1CCC(NC(O)N2C=CC3(COC3)C2)CC1;O=C(C=Cc1ccccc1)N1CCC(NC(O)N2CCC3(COC3)C2)CC1;O=C1OC2(CN(CC3CCOCC3)C2)C2CN(Cc3ccccc3)CCN12;CN(CCc1ccccc1)C1C(CNCc2ccccn2)OC(CO)C1O;OC1CCC(Cc2cc(-c3ccccc3)on2)OC1CNC1CCNCC1;O=C(c1ccccc1)N1CC2COCCN2C2(C1)CN(C1CCOCC1)C2;O=C(NCC1CCOc2ccccc21)N1CCC(N2CCCCC2=O)CC1;CC(C)(C)CN1CC2(C1)C(=O)N(Cc1ccccc1)C(=O)C1CC(O)CN12;CC(C)(C)C(=O)N1CC2(CN(C(=O)c3ccccc3)CC3COCCN32)C1;COCc1cc(CC2CNCCC2CC(=O)N(C)Cc2ccccc2)no1;CC1CC2C(CC(=O)N2Cc2ccccc2)C1CNC(=O)N1CCOCC1;Cn1c(CC2CN(C3CCOCC3)CCC2CC(=O)O)nc2ccccc21;CC(C)CC(NO)NC(=O)C(Cc1ccc(O)cc1)NCc1ccccc1;O=C(CCc1ccccc1)N1C=CC(NC(O)N2CCC3(COC3)C2)CC1;CNC(=N)[N+]1=CCC2CCC3C(O)C(C(=O)[O-])=C4CC5CCC(C)C43C25C1;CC(C)NC(=O)CC1CCNCC1Cc1cc(COc2ccccc2)on1;COc1ccc(-c2cc(CC3CNCCC3CC(=O)NC(C)C)no2)cc1
m_7ee70f,Cc1noc(COCC(=O)N2CCCNC(=O)C2C)n1;O=C1NCC(=O)N2CCN(C(=O)N3CCOCC3)CC12;CC(=O)NC(C)C(=O)N1CC(OCc2nc(C)no2)C1;Cc1noc(COCC(=O)N2CC=CNC(O)C2C)n1;CC(NC(=O)CN(C)C(=O)C(C)n1cccn1)C(=O)O;CC(=O)CNCCC(=O)NC(Cc1cnc[nH]1)C(=O)O;CC(C)C(=O)NCC(=O)NC(Cc1c[nH]cn1)C(=O)O;Cc1noc(COCC(O)N2C=CCNC(=O)C2C)n1;Cc1noc(COCC(=O)N2C=CCNC(O)C2C)n1;OCC(CO)(CO)COC1OCOCC1(CO)CO;Cc1noc(COCC(O)N2CC=CNC(=O)C2C)n1;OCC1CC(n2cnc3c2N=CNCC3O)C(O)C1O;COc1nccc(NC(=O)NCC2(O)CCOCC2)n1;COc1cncnc1NC(=O)NCC1(O)CCOCC1;N=C(N)NOCCC(NCc1ccccc1O)C(=O)O
m_80401f,CCC1C(=O)NCCN1C(=O)CCOCC(F)(F)F;CC1C(=O)NCCCN1C(=O)CCOCC(F)(F)F;NC(=O)CN(C(=O)COCC(F)(F)F)C1CCCC1;CC1C(=O)NCCCN1C(O)C=COCC(F)(F)F;CC=C1C(=O)NCCN1C(O)CCOCC(F)(F)F;CC=C1C(O)NCCN1C(=O)CCOCC(F)(F)F;CC1C(O)NC=CCN1C(=O)CCOCC(F)(F)F;CCC1C(=O)NCCN1C(O)C=COCC(F)(F)F;CC1C(=O)NC=CCN1C(O)CCOCC(F)(F)F;CC1C(O)NCC=CN1C(=O)CCOCC(F)(F)F;CC1C(=O)NCC=CN1C(O)CCOCC(F)(F)F;CCC1C(O)NC=CN1C(=O)CCOCC(F)(F)F;CCC1C(=O)NC=CN1C(O)CCOCC(F)(F)F;CCC1C(O)NCCN1C(=O)C=COCC(F)(F)F;CC1C(O)NCCCN1C(=O)C=COCC(F)(F)F;NC(=O)C1CCN(CCSc2ccccc2F)CC1;CN(CC(F)(F)F)C(=O)CN1CCCCC(O)C1=O;O=C(Cc1cccc(F)c1F)N1CCOC2CNCC21;CN1CCC(NC(=O)Cc2cccc(F)c2F)CC1=O;CNC(=O)C1(COC)CCCN1C(=O)CC(F)(F)F;CSCc1cc(F)ccc1CNC(=O)C1CCNC1;NC(=O)C(CNC1CCSC1)Cc1ccc(F)cc1;CC(=O)N1CCN(Cc2oc(CO)cc(=O)c2O)CC1;CC(=O)CCCC[N+]([O-])=NC(C)=C1OC(=O)C=CC1O;CC1CN(C(=O)Cc2ccc(F)c(F)c2)CC1C(N)=O
m_8071e1,COC1CCC(NC(=O)N2CCCCCC2c2ccco2)CC1;CN(C(=O)N1CCCCCC1c1ccco1)C1CCC(O)CC1;COC1CCN(C(=O)NCCc2cc(C)c(O)c(C)c2)C(C)C1;Cc1ccc(C2CCCCCN2C(=O)NC2CCC(O)CC2)o1;Cc1coc(C2CCCCCN2C(=O)NC2CCC(O)CC2)c1;Cc1ccoc1C1CCCCCN1C(=O)NC1CCC(O)CC1;COC1CCC(NC(O)N2CCC=CCC2c2ccco2)CC1;COC1(CNC(=O)N(Cc2ccoc2)C2CCCCC2)CCC1;CC(C)Oc1ccc(CCNC(=O)NC2CCC(CO)C2)cc1;COC1CCC(NC(O)N2C=CCCCC2c2ccco2)CC1;COC1CCC(NC(O)N2CC=CCCC2c2ccco2)CC1;Cc1cc(C)cc(OCCNC(=O)N2CCCC(C(C)O)C2)c1;CCCOc1ccc(CNC(=O)N2CCCC(CO)C2)c(C)c1;CCOCc1ccccc1CNC(=O)N1CCOC(C)(CC)C1;COC1CCC(NC(O)N2CCCC=CC2c2ccco2)CC1;COC1=CCC(NC(O)N2CCCCCC2c2ccco2)CC1;CCOc1cccc(CCNC(=O)N2CCCC2C(C)(C)O)c1;COC1CCC(NC(O)N2CCCCC=C2c2ccco2)CC1;CCOc1ccccc1OCCCC(=O)N1CC(C)NC(C)C1;CCOc1ccc(CCNC(=O)N2CCC(C)OC(C)C2)cc1;COC1CC=C(NC(O)N2CCCCCC2c2ccco2)CC1;COC1C=CC(NC(O)N2CCCCCC2c2ccco2)CC1;O=C1CCCCCN1CC(=O)N1CC2(CCOCC2)C1C1CC1;CCOC1CCN(C(=O)NC(C)Cc2cccc(OC)c2)CC1;O=C(O)C1(C(=O)N2CCCN(C3CCCC3)CC2)CC=CCC1
m_808712,COC1CC(C(N)=O)N(Cc2ccc(Cl)c3cccnc23)C1;COC1CC(C(N)=O)N(Cc2cc(Cl)cc3cccnc23)C1;CC1OCCN(Cc2cc(Cl)cc3cccnc23)C1C(N)=O;CNC(=O)C1CC(O)CN1Cc1cc(Cl)cc2cccnc12;CNC(=O)C1CC(O)CN1Cc1ccc(Cl)c2cccnc12;Cc1ccnc2c(CN3CC(O)CC3C(N)=O)ccc(Cl)c12;Cc1ccnc2c(CN3CC(O)CC3C(N)=O)cc(Cl)cc12;Cc1c(Cl)cc(CN2CC(O)CC2C(N)=O)c2ncccc12;Cc1cc(CN2CC(O)CC2C(N)=O)c2ncccc2c1Cl;Cc1cnc2c(CN3CC(O)CC3C(N)=O)cc(Cl)cc2c1;Cc1ccc2c(Cl)ccc(CN3CC(O)CC3C(N)=O)c2n1;Cc1c(Cl)cc2cccnc2c1CN1CC(O)CC1C(N)=O;COC1=CC(C(N)O)N(Cc2cc(Cl)cc3cccnc23)C1;Cc1cnc2c(CN3CC(O)CC3C(N)=O)ccc(Cl)c2c1;COC1=CC(C(N)O)N(Cc2ccc(Cl)c3cccnc23)C1;COC1=CN(Cc2cc(Cl)cc3cccnc23)C(C(N)O)C1;Cc1ccc2cc(Cl)cc(CN3CC(O)CC3C(N)=O)c2n1;COC1=CN(Cc2ccc(Cl)c3cccnc23)C(C(N)O)C1;COC1C=C(C(N)O)N(Cc2ccc(Cl)c3cccnc23)C1;Cc1cc(Cl)c2cccnc2c1CN1CC(O)CC1C(N)=O;COC1C=C(C(N)O)N(Cc2cc(Cl)cc3cccnc23)C1;CC(C)C(Sc1nncn1-c1ccccc1)C(=O)NC(N)=O;CC1COCCN(C(=O)c2cc(-c3ccccc3Cl)n[nH]2)C1;CC1(C)CC(NC(=O)c2ccn(-c3ccc(Cl)cc3)n2)CO1;CN(CC1(CO)CC1)C(=O)c1cc(-c2ccc(Cl)cc2)n[nH]1
m_80b537,COc1ccc(C(=O)N2CCC(N(C)C(C)=O)CC2)cc1-c1ccccn1;COc1ccc(C(=O)N2CC(C)C(C(=O)N(C)C)C2)cc1-c1ccccn1;CCN1CCN(C(=O)c2ccc(OC)c(-c3ccccn3)c2)C(C)(C)C1=O;COc1ccc(-c2ccccn2)cc1C(=O)N1CCC(N(C)C(C)=O)CC1;COc1c(C(=O)N2CCC(N(C)C(C)=O)CC2)cccc1-c1ccccn1;COc1cc(C(=O)N2CCC(N(C)C(C)=O)CC2)cc(-c2ccccn2)c1;CCN1CCN(C(=O)c2cc(-c3ccccn3)ccc2OC)C(C)(C)C1=O;CCN1CCN(C(=O)c2cccc(-c3ccccn3)c2OC)C(C)(C)C1=O;COc1cccnc1-c1cccc(C(=O)N2CCC(N(C)C(C)=O)CC2)c1;CCN1CCN(C(=O)c2cc(OC)cc(-c3ccccn3)c2)C(C)(C)C1=O;COc1ccc(-c2cccc(C(=O)N3CCC(N(C)C(C)=O)CC3)c2)nc1;COc1ccnc(-c2cccc(C(=O)N3CCC(N(C)C(C)=O)CC3)c2)c1;CCN1C=CN(C(=O)c2ccc(OC)c(-c3ccccn3)c2)C(C)(C)C1O;CCN1CCN(C(=O)c2cccc(-c3ncccc3OC)c2)C(C)(C)C1=O;COc1cccc(-c2cccc(C(=O)N3CCC(N(C)C(C)=O)CC3)c2)n1;CCN1CCN(C(=O)c2cccc(-c3cc(OC)ccn3)c2)C(C)(C)C1=O;CCN1CCN(C(=O)c2cccc(-c3ccc(OC)cn3)c2)C(C)(C)C1=O;COc1ccc(C(=O)N2CC=C(N(C)C(C)O)CC2)cc1-c1ccccn1;CC(=O)N(C)C1CCN(C(=O)c2cc(C)c(O)c(-c3ccccn3)c2)CC1;CCN1CCN(C(=O)c2cccc(-c3cccc(OC)n3)c2)C(C)(C)C1=O;CC(=O)N(C)C1CCN(C(=O)c2ccc(O)c(-c3ccccn3)c2C)CC1;CC(=O)N(C)C1CCN(C(=O)c2ccc(O)c(-c3ncccc3C)c2)CC1;CC(=O)N(C)C1CCN(C(=O)c2cc(-c3ccccn3)c(O)cc2C)CC1;CCN1CCN(C(=O)c2cc(C)c(O)c(-c3ccccn3)c2)C(C)(C)C1=O;CCN1CCN(C(=O)c2ccc(O)c(-c3ccccn3)c2C)C(C)(C)C1=O
m_8114e3,CC(C)OC(=O)c1ccc(NC(=O)c2ccc(-n3cncn3)cc2)cc1;CCCOC(=O)c1ccc(NC(=O)c2ccc(-n3cncn3)cc2)cc1;CCOC(=O)c1ccc(N(C)C(=O)c2ccc(-n3cncn3)cc2)cc1;CCOC(=O)c1ccc(NC(=O)c2ccc(-n3cncn3)cc2)cc1C;CCOC(=O)c1ccc(NC(=O)c2cccc(-n3cncn3)c2)cc1C;CCOC(=O)c1ccc(NC(=O)c2ccc(-n3cncn3)cc2)c(C)c1;CCOC(=O)c1ccc(N(C)C(=O)c2cccc(-n3cncn3)c2)cc1;CCOC(=O)c1ccc(NC(=O)c2cccc(-n3cncn3)c2)c(C)c1;CC=COC(O)c1ccc(NC(=O)c2ccc(-n3cncn3)cc2)cc1;CCN(Cc1ccc2c(c1)OCO2)C(=O)c1ccc(-n2cccn2)nc1;CCOC(=O)c1ccc(NC(=O)c2cccc(-n3cnc(C)n3)c2)cc1;CCOC(=O)c1ccc(NC(=O)c2cccc(-n3ncnc3C)c2)cc1;CCOC(=O)c1ccc(NC(=O)c2ccc(-n3ncnc3C)cc2)cc1;CCOC(=O)c1ccc(NC(=O)c2ccc(-n3cnc(C)n3)cc2)cc1;CCOC(=O)c1ccc(NC(=O)c2ccc(-n3cncn3)c(C)c2)cc1;CCOC(=O)c1ccc(NC(=O)c2ccc(-n3cncn3)cc2C)cc1;CCOC(=O)c1ccc(NC(=O)c2cccc(-n3cncn3)c2C)cc1;CCOC(=O)c1ccc(NC(=O)c2ccc(C)c(-n3cncn3)c2)cc1;CCOC(=O)c1ccc(NC(=O)c2cc(C)cc(-n3cncn3)c2)cc1;CCOC(=O)c1ccc(NC(=O)c2cc(-n3cncn3)ccc2C)cc1;CCCn1c(NC(=O)c2ccc3c(c2)OCC(=O)N3)nc2ccccc21;CCCNC(=O)c1ccccc1NC(=O)c1cc(-c2ccncc2)on1;CC=COC(=O)c1ccc(NC(O)c2ccc(-n3cncn3)cc2)cc1;CCOC(=O)c1ccccc1NC(=O)c1cnn(-c2ccccn2)c1C;O=C(Nc1cccc(OCCO)c1)c1ccc(Nc2ncccn2)cc1
m_82f2e2,Cc1nc(C2CC2)ccc1C(=O)NCC1CCC2(CCCCC2)O1;Cc1nc(C2=CC2)ccc1C(O)NCC1CCC2(CCCCC2)O1;O=C(CCN1CCC2OCCCC2C1)N1CCc2ccccc2C1;CCC(C#CCN1CCCCC1c1cccnc1)(CC)OC(C)=O;Cc1nc(C2C=C2)ccc1C(O)NCC1CCC2(CCCCC2)O1;CC1(C)NC(Cc2c[nH]c3ccccc23)C2CC1CC(O)C2(C)O;Cc1nc(C2CC2)ccc1C(O)NCC1CCC2(CC=CCC2)O1;CC(C)n1cc(CC(=O)NC2CCOC(C)(C)C2)c2ccccc21;CCC12CCC3N(C)c4ccccc4C34CCN(CC(O)C1O)C24;CCC1CN2CCc3c([nH]c4ccc(OC)cc34)C2CC1CCO;CCC1CN2CCc3c([nH]c4cc(OC)ccc34)C2CC1CCO;CCC1C2CC3C4N(C)c5ccccc5C4(CCN3C1O)C(O)C2;Cc1nc(C2CC2)ccc1C(O)NCC1CCC2(C=CCCC2)O1;COc1ccc2[nH]cc(CCNC(=O)CCC3CCCCC3)c2c1;CCc1c(C)[nH]c(=O)c(N(C)CCOC)c1Cc1cccc(C)c1;Cn1cc(CCCC(=O)NC2CCOC(C)(C)C2)c2ccccc21;CCC(CO)C1CC2NC3CC4(c5ccccc5N(C)C24)C(O)C31;CCC12CCc3c(c4ccccc4n3C)CCN(CC(O)C1O)C2;CN1c2c(O)cccc2C23CCN4CCCC(CCO)(CCC12)C43;Cc1nc(C2CC2)ccc1C(O)NCC1=CCC2(CCCCC2)O1;CC(C)(C)C(=O)N1CCC2CC(=O)N(c3ccccc3)CCC2C1;CCn1cc(CC(=O)NCC(C)(O)C2CCCC2)c2ccccc21;O=C(Cc1ccc2c(c1)OCC2)NCC1CCCN2CCCCC12;Cc1nc(C2CC2)ccc1C(O)NCC1C=CC2(CCCCC2)O1;CC=C(CO)C(CCO)CC1c2[nH]c3ccccc3c2CCN1C
m_83ac87,COc1cccc(Cl)c1CC(=O)Nc1c[nH]c(=O)c(C)c1;COc1ccc(NC(=O)Cc2cc(Cl)ccc2OC)cn1;COc1ccc(Cl)c(CC(=O)Nc2c[nH]c(=O)c(C)c2)c1;COc1ccc(NC(=O)COc2ccc(Cl)cc2C)cn1;Cc1cc(O)c(CC(=O)Nc2c[nH]c(=O)c(C)c2)c(Cl)c1;COc1cccc(CC(=O)Nc2c[nH]c(=O)c(C)c2)c1Cl;Cc1ccc(O)c(CC(=O)Nc2c[nH]c(=O)c(C)c2)c1Cl;Cc1ccc(Cl)c(CC(=O)Nc2c[nH]c(=O)c(C)c2)c1O;COc1ccc(CC(=O)Nc2c[nH]c(=O)c(C)c2)c(Cl)c1;COc1c(NC(=O)Cc2ccccc2Cl)c[nH]c(=O)c1C;COc1[nH]c(=O)c(C)cc1NC(=O)Cc1ccccc1Cl;Cc1cc(N(C)C(=O)Cc2c(O)cccc2Cl)c[nH]c1=O;Cc1c(NC(=O)Cc2c(O)cccc2Cl)c[nH]c(=O)c1C;Cc1[nH]c(=O)c(C)cc1NC(=O)Cc1c(O)cccc1Cl;COc1cn(C)c(C(=O)NCc2ccc(Cl)cc2)cc1=O;O=C1CC(N(C(=O)Cc2ccccc2Cl)C2CC2)C(=O)N1;O=C1CC(N(C(=O)Cc2ccc(Cl)cc2)C2CC2)C(=O)N1;CN(Cc1ccccc1Cl)C(=O)CNC(=O)c1ccco1;O=C(c1ccon1)N1CCC(O)(Cc2cccc(Cl)c2)C1;CC(O)c1c(-c2ccc(Cl)cc2)noc1C(=O)N1CCC1;CC(C)OC(=O)c1ccn(Cc2ccc(Cl)cn2)c(=O)c1;O=C(O)CC1CCC(=O)C1CC=CCCOS(=O)(=O)O;Cn1cc(S(=O)(=O)N2CCc3cnccc32)cc1C(N)=O;CC(O)c1onc(-c2ccc(Cl)cc2)c1C(=O)N1CCC1;C=CCOC1CCN2C(=O)c3ccc(Cl)cc3NC(=O)C12
m_83e861,CCn1ccnc1C1OCCCC1Nc1nc2cc(F)ccc2o1;Cc1c(C(=O)NC2CCN(Cc3ccc(F)cc3)C2=O)cnn1C;Cc1cc(C(=O)NC2CC(=O)N(C)C2c2ccc(F)cc2)n(C)n1;CN1C(=O)CCC(C(=O)NCC(F)(F)CO)C1c1nccn1C;COC1C(=O)CCC2(O)CSC(CC=C(C)C)C(C)(O)C12O;Cc1cc(C(=O)NC2CCCN(c3ccccc3F)C2=O)n(C)n1;CN(Cc1cccnc1)C(=O)CNC(=O)NCc1ccc(F)cc1;CC(C)c1cc(C(=O)NC2CCN(c3ccccc3F)C2=O)n[nH]1;Cn1nc(O)c2c1CN(C(=O)NC1CCc3cc(F)ccc31)CC2;Cn1nc(O)c2c1CN(C(=O)NC1CCc3c(F)cccc31)CC2;O=C(CNC(=O)c1ccc(F)cc1)NCc1cc2n(n1)CCCC2;Cc1cc(F)cc(C(=O)NC2CC(=O)N(C)C2c2ccnn2C)c1;CC(C)n1cc(C(=O)NC2CC(=O)N(c3ccccc3F)C2)cn1;Cc1ccc(F)c(CC(=O)N2CCC(c3cc(O)nc(N)n3)C2)c1;Cc1ccc(F)c(N2CCCC(NC(=O)c3cn[nH]c3C)C2=O)c1;CC(=O)N(Nc1ccccc1)c1ccc(N=Nc2ccccc2)cc1;COc1cncc(C(=O)N2CCN(c3cccc(F)c3)CC2C)n1;COc1cc(C(=O)N2CCN(c3ccccc3F)CC2C)ncn1;CC(=O)N(Nc1ccccc1N=Nc1ccccc1)c1ccccc1;N#Cc1cccc(CN2CCC(c3nnc(-c4ccccc4)o3)C2)c1;Cc1cc(NC(=O)CCCOc2cccc(F)c2)n(CCC#N)n1;Cc1ccc(C(=O)NC2CCC(=O)NC2c2ccnn2C)c(F)c1;COc1ccc(C(=O)OC=CC(C)=CC(=O)C=C(C)C)cc1OC;N#Cc1ccc(CN2CCC(c3nnc(-c4ccccc4)o3)C2)cc1;NNC(=O)c1cc2c([nH]c3ccccc32)c(CCc2ccccc2)n1
m_83fdb3,CC(C(=O)NCc1cccs1)N1CC(O)CC1CO;CC(C(=O)NCc1cccs1)N1CCC(O)C1CO;CC(C(=O)NCc1cccs1)N1CC(O)C(O)C1C;O=C(NCc1cccs1)C(CO)N1CCCC1CO;CC1CC(O)CN1C(CO)C(=O)NCc1cccs1;CC(C(=O)NCc1cccs1)N1C(O)CCC1CO;CC1CC(O)C(O)N1C(C)C(=O)NCc1cccs1;CC(C(=O)NCc1cccs1)N1CCCC1(O)CO;CC(C(=O)NCc1cccs1)N1CCCC1C(O)O;CC1CC(O)(O)CN1C(C)C(=O)NCc1cccs1;CC(C(=O)NCc1cccs1)N1CC(O)CC1(C)O;CC(O)(C(=O)NCc1cccs1)N1CCCC1CO;CC1CC(O)CN1C(C)(O)C(=O)NCc1cccs1;COCC(=O)NC(C(=O)NCc1ccsc1)C(C)C;CN(Cc1cccs1)C(O)CN1CCCC1C(=O)O;Nc1ccsc1CC(O)N1CCC(CC(=O)O)CC1;Nc1csc(CC(O)N2CCC(CC(=O)O)CC2)c1;Nc1ccc(CC(O)N2CCC(CC(=O)O)CC2)s1;CN(Cc1cccs1)C(=O)CN1CCCC1C(O)O;CC(C(=O)NC(O)c1cccs1)N1CCCC1CO;CC(C(=O)NCc1sccc1O)N1CCCC1CO;CC(C(O)NCc1cccs1)N1C=C(O)CC1CO;CC1CC(O)CN1C(C)C(=O)NC(O)c1cccs1;CC(C(=O)NCc1ccc(O)s1)N1CCCC1CO;CC1CC(O)CN1C(C)C(=O)NCc1sccc1O
m_847112,O=S(=O)(c1cccs1)N1CCCC1c1nc(CCC(F)(F)F)no1;Cc1ccc(S(=O)(=O)NCC(=O)OCC(=O)c2ccccc2Cl)cc1;O=S1(=O)NC2CN(S(=O)(=O)c3ccccc3)CC2Oc2ncccc21;CC(=O)Nc1nc(C)c(S(=O)(=O)N2CCc3cccc(C(=O)O)c32)s1;CC(=O)Nc1nc(C)c(S(=O)(=O)N2c3ccccc3CC2C(=O)O)s1;O=C(CSc1ccncc1)NC1C(=O)N2C(C(=O)O)=C(CO)CSC12;Cn1ccc2c(NC(=O)Cn3ccc4cc(Br)ccc43)cccc21;O=C(CCn1ccc2ccc(Br)cc21)Nc1ccc2[nH]ccc2c1;Cn1ccc2c(NC(=O)Cn3ccc4c(Br)cccc43)cccc21;Cn1ccc2c(NC(=O)Cn3ccc4ccc(Br)cc43)cccc21;O=C(CCn1ccc2c(Br)cccc21)Nc1ccc2[nH]ccc2c1;O=C(CCn1ccc2c(Br)cccc21)Nc1ccc2cc[nH]c2c1;O=C(CCn1ccc2ccc(Br)cc21)Nc1ccc2cc[nH]c2c1;COc1ccc(C2=NC(=Cc3coc4ccccc4c3=O)C(=O)O2)c(Cl)c1;O=C(CCn1ccc2cc(Br)ccc21)Nc1ccc2cc[nH]c2c1;COC(=O)C1=C(N)Oc2c(oc(CO)cc2=O)C1c1c(F)cccc1Cl;O=C(CCn1ccc2cc(Br)ccc21)Nc1cccc2[nH]ccc12;O=C(CCn1ccc2ccc(Br)cc21)Nc1cccc2[nH]ccc12;Cc1ccc2[nH]c3c(c2c1)CCNC31C(=O)Nc2ccc(Br)cc21;O=C(CCn1ccc2c(Br)cccc21)Nc1cccc2[nH]ccc12;CCCN(CCOc1c(Cl)cc(Cl)cc1Cl)C(=O)N(C=N)CO;CN1C(=O)C2(NCCc3c2[nH]c2ccccc32)c2cc(Br)ccc21;CCn1c(SCC(O)=Nc2ccc(F)c(Cl)c2)nc2c(O)ncnc21
m_875d74,Cc1cnccc1NS(=O)(=O)c1ccc2c(c1)CCC2;Cc1ccncc1NS(=O)(=O)c1ccc2c(c1)CCC2;C=Cc1ccc(S(=O)(=O)NC(C)c2cccnc2)cc1;CC(=NNS(=O)(=O)c1ccc(C)cc1)c1ccccc1;CC1(CNC(=O)c2ccncc2)OCCc2sccc21;CCc1ccc(S(=O)(=O)N2CCc3cnccc32)cc1;O=C(Nc1nccs1)C1(c2ccccc2)CCOCC1;CCCC(C)C1(CCSC)C(=O)NC(=S)NC1=O;O=C(Nc1nc(Cc2ccccc2)cs1)C1CCOC1;O=C(C1CCCO1)N(Cc1ccsc1)c1cccnc1;Cc1cccc2c1CCN(Cc1nccs1)C2C(=O)O;CCc1cc(NC(=O)c2ccc(C(N)=O)s2)ccc1C;COc1ccc2c(c1)CCCN2C(=O)c1scnc1C;CC(=O)CCC=Cc1ccc2c(c1)C=CC(=CCl)CO2;CN(C(=O)C12CCC(=O)N1c1ccccc1S2)C1CC1;CC(NC(=O)Cc1cccs1)(C(N)=O)c1ccccc1;Cc1cc(O)ccc1NC(=O)CCSc1ccccn1;CNC(=O)NC(=O)C(C)Sc1ccc2ccccc2c1;O=C(NCC(=O)N1CCCC1)c1csc2ccccc12;NC(=O)C1CCN(C(=O)c2ccc3sccc3c2)CC1;O=C(Nc1ccc(OC2CCCC2)cc1)c1cscn1;O=C1CCCCCN1SSN1CCCCCC1=O;CC(NCc1ccsc1)c1ccc2c(c1)NC(=O)CO2;O=C(NC1CCc2ncsc2C1)c1cccc(CO)c1;NC(=O)C1CCCN(C(=O)c2ccc3sccc3c2)C1
m_88505f,Cc1noc(C2CN(Cc3cc(Br)c[nH]3)CCN2C)n1;Cc1noc(C2CN(Cc3[nH]cc(Br)c3C)CCN2)n1;Cc1noc(C2CN(Cc3cc(Br)c(C)[nH]3)CCN2)n1;CC(C)c1noc(CN2CC(Cn3cc(Br)cn3)C2)n1;O=C(CN1CCN(c2ncc(Br)cn2)CC1)NC1CC1;CCn1ncc(Br)c1C(=O)N(C)Cc1cnn(C)c1C;Cc1nc(C(C)C)nc(Nc2cnn(CCO)c2)c1Br;CCCCn1nnc(NCc2cc(Br)ccc2OC)n1;CC(C)c1nnc(CNC(=O)c2cc(Br)cn2C)n1C;Cc1c(C(C)NC(O)c2cnc(N)c(Br)c2)cnn1C;Cc1c(C(C)NC(O)c2cc(Br)cnc2N)cnn1C;Cc1c(C(C)NC(O)c2cncc(Br)c2)c(N)nn1C;CC1COC(CO)CN1C(=O)Cc1csc2ccc(Cl)cc12;Cc1c(C(C)NC(O)c2cncc(Br)c2N)cnn1C;CCn1cc(Br)cc1C(=O)NCC(C)c1nncn1C;COc1cc(C)c(C)cc1S(=O)(=O)NCc1ccccc1Cl;COc1cc(C(=O)N(C)Cc2sccc2C)cc(Cl)c1OC;CSc1nnc(C)c(=O)n1COC(=O)COc1ccccc1F;Cc1ccc(OC2CCCN(S(=O)(=O)c3cccs3)C2)nn1;O=C(O)C1OC(n2ncc3cccc([N+](=O)[O-])c32)C(O)C(O)C1O;Cc1ccc(S(=O)(=O)N2CCCC(Oc3ncccn3)C2)s1;COCC(CS(=O)(=O)NC(C)c1c(F)cccc1Cl)OC;Cc1ccc(C(CNC(=O)c2ccc(Cl)s2)OCCO)cc1;CS(=O)(=O)c1nc(C(=O)N2CCCSCC2)c2ccccn12;Cc1cc(C)nc(OC2CCN(S(=O)(=O)c3cccs3)C2)n1
m_88a263,CC1CN(C)c2ccccc2N(C(=O)c2ncc(F)cc2F)C1;CC1CN(c2ccncc2)CCN1C(=O)c1cc(F)cc(F)c1;CC1CN(c2ccncc2)CCN1C(=O)c1ccc(F)c(F)c1;Cc1ccnc(C(NC(=O)Cc2ccc(F)c(F)c2)C2CC2)n1;O=C(c1cccc(F)c1F)N1CCN(Cc2cccnc2)CC1;Cn1c(CNC(C)(CO)CO)nc2cc(C(F)(F)F)ccc21;CC1CCn2ncc(C(=O)N3CCc4cc(F)c(F)cc43)c2C1;CCOC(=O)CN1CCN(c2ccc(C(F)(F)F)cn2)CC1;Cc1ccc2nc3n(c2c1)C(CNC(=O)CCC(=O)O)COC3;CNC(=O)CC1(O)CCCN(c2ccc(C(F)(F)F)cn2)C1;O=C(c1cc(C(F)(F)F)n[nH]1)N1CCC(C2CCOCC2)C1;Cc1cccc2c1nc1n2C(CNC(=O)CCC(=O)O)COC1;O=C(CN1CCCCC(O)C1=O)Nc1ccc2c(c1)CC(=O)N2;COCCN1CCN(Cc2ncccc2C(F)(F)F)CC1=O;Cc1ccc2c(c1)nc1n2C(CNC(=O)CCC(=O)O)COC1;Cn1c(C2CCN(C(=O)COCC(=O)O)C2)nc2ccccc21;CN(CC1CCc2nc(C(F)(F)F)cn2C1)C1CCOC1=O;COC(=O)C(NC(=O)C(=O)Nc1cccc2[nH]ccc12)C(C)C;CC1CCn2ncc(C(=O)N3CCc4c(F)cc(F)cc43)c2C1;CCn1ncc2ccc(NC(=O)C3(C(=O)O)CCOCC3)cc21;O=C(c1cc2n(n1)CCCC2)N1CCc2c(F)ccc(F)c2C1;O=C(COc1ccc2nc3n(c(=O)c2c1)CCC3)NCCCO;Cc1cccc2c1ccn2CCC(=O)NCC(=O)NCC(=O)O;Cc1nc(N2CCCC(CCC(=O)O)C2)cc(C(F)(F)F)n1;Cc1ccc2c(ccn2CCC(=O)NCC(=O)NCC(=O)O)c1
m_895051,Cc1nccc(CCC(=O)N2CCNC(=O)CC2c2ccccc2)n1;Cc1ccccc1C1C(=O)NCCN1C(=O)c1cc(N(C)C)ccn1;Cc1nc(C)c(C(=O)NC2CCN(Cc3ccccc3)C2=O)nc1C;Cc1nc(C)c(C(=O)N(C)C2CCN(c3ccccc3)C2=O)nc1C;CN(C)c1ccc(C(=O)NCc2cccc(NC(=O)C3CC3)c2)cn1;O=C(c1n[nH]c2c1CCCC2)N1CC2CC(C1)c1cccc(=O)n1C2;COc1ccc2[nH]cc(CCNC(=O)c3n[nH]c4c3CCCC4)c2c1;Cc1nccc(CNC(=O)C2CC(=O)N(C(C)c3ccccc3)C2)n1;Cc1nccc(CNC(=O)C2CCC(=O)N(C)C2c2ccccc2)n1;O=C(NC(CO)Cc1c[nH]c2ccccc12)C1CCc2nccn2C1;O=C(NCc1ccc(N2CCCC2=O)cc1)C1CCn2cncc2C1;COc1ccc2[nH]cc(CCNC(=O)C3CCc4cn[nH]c4C3)c2c1;CC(=O)N1CCc2ccccc2C1CC(=O)N(C)Cc1cnccn1;CC(=O)N1Cc2ccccc2CC1C(=O)NC1CCc2nccn2C1;CN1C(=O)CC(CNCc2cc3ccccc3o2)C1c1cnn(C)c1;CN(C)C(=O)c1ccc(NC2CC(=O)N(Cc3ccccc3)C2)nc1;Cc1ccccc1CNC(=O)N1CCN(C(=O)c2ccccn2)CC1;Cc1ccc(N2CC(C(=O)NC3CCc4nccn4C3)CC2=O)cc1;CC(C)Cn1ncc(C(=O)NCc2nc3ccccc3o2)c1C1CC1;O=C(C1NCCOc2ccccc21)N1CCN(c2ccncc2)CC1;Cc1cnccc1CNC(=O)C1CC1C(=O)NCc1ccncc1C;CN1CCN(C(=O)C2NCCOc3ccccc32)Cc2cccnc21;CCN1C(=O)CC(CNC(=O)c2cncc(C)c2)C1c1cccnc1;CN(Cc1cc2ccccc2o1)C(=O)NCc1ccnc(N(C)C)c1;NC(=O)C(c1ccccc1)N1CCCN(C(=O)c2ccncc2)CC1
m_89a6f2,CC(C(=O)Nc1ccnn1C(C)C)N1CCN(c2cnccn2)CC1;Cc1nccnc1N1CCN(CC(=O)Nc2ccnn2C(C)C)CC1;CC(C(=O)Nc1ccnn1C(C)C)N1CCCC(=Cn2cncn2)C1;Cc1cncc(N2CCN(CC(=O)Nc3ccnn3C(C)C)CC2)n1;Cc1cnc(N2CCN(CC(=O)Nc3ccnn3C(C)C)CC2)cn1;CC(C(=O)Nc1ccnn1C(C)C)N1CCC=C(Cn2cncn2)C1;CC(C(=O)Nc1ccnn1C(C)C)N1CC=CC(Cn2cncn2)C1;Cc1cc(NC(=O)CN2CCN(c3cnccn3)CC2)n(C(C)C)n1;CC(C)n1nccc1N(C)C(=O)CN1CCN(c2cnccn2)CC1;Cc1cnn(C(C)C)c1NC(=O)CN1CCN(c2cnccn2)CC1;CC(C(=O)Nc1ccnn1C(C)C)N1C=CCC(Cn2cncn2)C1;Cc1ccc(N2CCCC(NC(=O)Nc3ccn(C(C)C)n3)C2)nn1;CC(C(=O)Nc1ccnn1C(C)C)N1C=C(Cn2cncn2)CCC1;CC(C)C(C(=O)N1CCC(N(C)c2cccnn2)CC1)n1cncn1;CNc1cc(N2CCCC2CNC(=O)c2cc(C(C)C)[nH]n2)ncn1;CC(C(O)Nc1ccnn1C(C)C)N1C=CN(c2cnccn2)CC1;Cc1c(C(=O)N2CCCC2c2ccc(N(C)C)nn2)nnn1C(C)C;CN(C)CCn1ccc(NC(=O)C2CCN(c3cnccn3)CC2)n1;Cc1nccc(N2CCN(C(=O)Nc3cnn(CC(C)C)c3)CC2)n1;COC1CC(CNc2nccc(C)n2)N(c2cc(N(C)C)ncn2)C1;CC(C)n1cnnc1C1CCCN(C(=O)c2cnc(N(C)C)cn2)C1;CCc1nc2n(n1)CC(NCc1cnc(N3CCOCC3)nc1)CC2;Cc1nc(C)nc(N2CC(C)N(c3ccnc(C(C)O)n3)C(C)C2)n1;CCn1cc(NC(=O)NC2CCN(c3cc(C)nc(C)n3)CC2)cn1;COCC1CCCN1CC1OCC(NC(=O)N2CCOCC2)C1O
m_89b9d2,COC1(C(C)NC(=O)c2cc(F)c(O)c(Cl)c2)CCC1;COC1CN(C(=O)c2cc(F)c(O)c(Cl)c2)CCC1C;CC(C)(O)C1CCCN1C(=O)c1cc(F)c(O)c(Cl)c1;COC1(C(C)NC(=O)c2cc(F)cc(Cl)c2O)CCC1;COC1(C(C)NC(=O)c2cc(Cl)cc(F)c2O)CCC1;COc1c(F)cc(C(=O)NC(C)C2(O)CCC2)cc1Cl;CC(N(C)C(=O)c1cc(F)c(O)c(Cl)c1)C1(O)CCC1;COC1CN(C(=O)c2cc(F)cc(Cl)c2O)CCC1C;CC(CO)C1CCCN1C(=O)c1cc(F)c(O)c(Cl)c1;COC1CN(C(=O)c2cc(Cl)cc(F)c2O)CCC1C;CC(C)(O)C1CCCN1C(=O)c1cc(F)cc(Cl)c1O;CC(C)(O)C1CCCN1C(=O)c1cc(Cl)cc(F)c1O;CC(C)C1C(O)CCN1C(=O)c1cc(F)c(O)c(Cl)c1;CC(C)C1(O)CCCN1C(=O)c1cc(F)c(O)c(Cl)c1;CC(C)C1CC(O)CN1C(=O)c1cc(F)c(O)c(Cl)c1;CC(C)C1CCCN1C(=O)c1cc(F)c(O)c(Cl)c1O;COc1c(F)cc(C(=O)N2CCC(C)C(O)C2)cc1Cl;COC(=O)C(CC(C)C)NC(=O)c1ccc(F)cc1Cl;COC(=O)C(NC1CCCOC1)c1ccc(Cl)c(F)c1;CC(C)C1CCCN1C(=O)c1cc(Cl)c(O)c(F)c1O;CC(C)C1CCC(O)N1C(=O)c1cc(F)c(O)c(Cl)c1;Cc1c(C(=O)NC(C)C2(O)CCC2)cc(F)c(O)c1Cl;Cc1c(C(=O)NC(C)C2(O)CCC2)cc(Cl)c(O)c1F;COC1(C(CO)NC(=O)c2cc(F)cc(Cl)c2)CCC1;COC1(C(C)(O)NC(=O)c2cc(F)cc(Cl)c2)CCC1
m_8b6b8e,Cc1nn(C)c(C)c1CC(=O)Nc1ncccc1O;Cc1nn(C)c(C)c1CC(=O)Nc1cccnc1O;Cc1nn(C)c(C)c1CC(=O)Nc1cnccc1O;Cc1nn(C)c(C)c1CC(=O)Nc1cc(O)ccn1;Cc1nn(C)c(C)c1CC(=O)Nc1cccc(O)n1;Cc1nn(C)c(C)c1CC(=O)Nc1ccc(O)nc1;Cc1nn(C)c(C)c1CC(=O)Nc1cncc(O)c1;Cc1nn(C)c(C)c1CC(=O)Nc1ccc(O)cn1;Cc1nn(C)c(CO)c1CC(=O)Nc1ccccn1;Cc1c(CC(=O)Nc2cccnc2)c(CO)nn1C;Cc1nn(C)c(CO)c1CC(=O)Nc1cccnc1;Cc1c(CC(=O)Nc2ccccn2)c(CO)nn1C;Cc1nn(CO)c(C)c1CC(=O)Nc1cccnc1;Cc1nn(C)c(C)c1C(O)C(=O)Nc1cccnc1;Cc1nn(CO)c(C)c1CC(=O)Nc1ccccn1;CCCc1cc(NC(=O)c2ncccc2O)n(C)n1;Cc1nn(C)c(C)c1C(O)C(=O)Nc1ccccn1;CCCCc1cc(NC(=O)c2ccc(O)nc2)[nH]n1;Cc1cc(CN2CCc3nn(C)c(=O)cc3C2)on1;CCCc1cc(C(=O)Nc2ccc(NC)nc2)no1;Cc1cc(CNC(=O)c2cc(C3CC3)n(C)n2)on1;CC(C)Oc1ncccc1CNC(=O)c1cc[nH]n1;CCOc1cc(NCc2cccc(OC)n2)ncn1;Cc1cc(C)c(C(=O)NCCc2c[nH]cn2)c(=O)[nH]1;CC(CNC(=O)c1cccnc1O)Cn1cccn1
m_8bb047,Cc1ncccc1NC(=O)Cc1c[nH]c2ncccc12;Cc1ccccc1-c1noc(NCc2ccncc2)n1;Cc1ccc(-c2noc(NCc3ccncc3)n2)cc1;Cc1cccc(-c2noc(NCc3ccncc3)n2)c1;CN(C(=O)c1cccnc1)c1nc2ccccc2n1C;CN(Cc1ccncc1)c1nc(-c2ccccc2)no1;Cc1cnccc1CNc1nc(-c2ccccc2)no1;O=C(CCc1cccnc1)Nc1nc2ccccc2[nH]1;Cc1cc(CNc2nc(-c3ccccc3)no2)ccn1;Cn1ccc2cc(NC(=O)Nc3cccnc3)ccc21;Cc1ccnc2c1NC(=O)c1cccnc1N2C1CC1;Cc1cc(C)n2ncc(C(=O)Nc3ccccc3)c2n1;CNC(=O)c1ccc(CNc2ccc(C#N)cn2)cc1;CN(Cc1ccc(C(N)=O)cc1)c1ccc(C#N)cn1;COC1OC2COC(c3ccccc3)OC2CC1O;CC(=O)OC(CC1OCc2c(O)cccc21)C(C)O;CC(NC(=O)c1cccnc1)c1nc2ccccc2[nH]1;CCCCOC(=O)COc1ccc(C=O)cc1OC;Cc1ccc(NC(=O)c2ccc3nncn3c2)c(C)c1;CC=CC1=C(CCC2(C)CC(O)C(=O)O2)COC1=O;CC=C(C)C(=O)C1CCC2=C(C1)C(=O)C(O)(CO)O2;CC(NC(=O)c1ccccn1)c1nc2ccccc2[nH]1;COC(=O)CCC1OC(c2ccccc2)C(O)C1O;CC(=O)C=CC=CC=CC1OC(C)(C(=O)O)OC1C;CC1OC(=O)c2c(O)cc(O)cc2CCCCC1O
m_8c72d4,O=C(NCC1CCN(CC(F)(F)F)CC1)c1nc(N2CCCC2)ncc1Cl;OC(NCC1CCN(CC(F)(F)F)CC1)c1nc(N2CC=CC2)ncc1Cl;OC(NCC1CCN(CC(F)(F)F)CC1)c1nc(N2C=CCC2)ncc1Cl;OC(NC=C1CCN(CC(F)(F)F)CC1)c1nc(N2CCCC2)ncc1Cl;OC(NCC1=CCN(CC(F)(F)F)CC1)c1nc(N2CCCC2)ncc1Cl;OC(NCC1C=CN(CC(F)(F)F)CC1)c1nc(N2CCCC2)ncc1Cl;CC(NC(=O)C1CC(=O)N(c2ccc3c(c2)OCCO3)C1)C(=O)NCCC(=O)O;CN(CC1CN2CCC1CC2CNS(=O)(=O)c1cccs1)c1ccccc1;Cc1scc(C(=O)NCCN2CCN(C(=O)c3csc(C)c3C)CC2)c1C;CC1(O)CCN(Cc2nccs2)C(c2cccs2)C1NC(=O)C1CCCC1;Cc1c(CC(=O)NC(CCCCNC(N)=O)C(=O)O)c(=O)oc2cc(O)ccc12;CCc1cc(=O)oc2cc(OCC(=O)NC(CCCNC(N)=O)C(=O)O)ccc12;Cc1c(CC(=O)NC(CCCNC(N)=O)C(=O)O)c(=O)oc2c(C)c(O)ccc12;COc1ccc2c(C)c(CC(=O)NC(CCCNC(N)=O)C(=O)O)c(=O)oc2c1;Cc1c2c(cc3c4c(c(=O)oc13)CCCC4)CN(c1ccc3c(c1)OCCO3)CO2;CCCOC(=O)c1ccc(N2COc3ccc4c5c(c(=O)oc4c3C2)CCC5)cc1;COc1ccc(C)cc1NC(=O)CCc1c(C)c2cc3c(C)coc3cc2oc1=O;COc1cccc(CNC(=O)CCc2c(C)c3cc4c(C)coc4cc3oc2=O)c1;COc1c2c(cc3c1OCO3)CCN(C)C(c1cc(=O)oc3c(C)cc(C)cc13)=C2;COc1ccccc1CNC(=O)CCc1c(C)c2cc3c(C)coc3cc2oc1=O;CCOc1ccccc1NC(=O)Cc1c(C)c2c(cc(C)c3c(C)coc32)oc1=O;COc1ccc(CCNC(=O)Cc2c(C)c3cc4c(C)coc4cc3oc2=O)cc1;COc1ccc(CNC(=O)Cc2c(C)c3cc4c(C)c(C)oc4cc3oc2=O)cc1;COc1ccc(Oc2cc(C=CC(=O)NCCc3ccc(O)cc3)ccc2O)cc1;COc1ccc(CNC(=O)Cc2c(C)c3cc4c(C)coc4c(C)c3oc2=O)cc1
m_8d19fa,COc1cccc2c1CCC2NC(=O)c1noc(C2CC2)c1C;Cc1cccc2c1OCCC2NC(=O)c1coc(CC2CC2)n1;CC1Cc2cc(CNC(=O)c3noc4c3CCCC4)ccc2O1;Cc1ccc(C)c(CN(C)C(=O)c2ccc(C(=O)O)c(C)n2)c1;O=C(NC1CCc2ccccc2OC1)c1noc2c1CCCC2;COc1cccc2c1CCC2N(C)C(=O)c1cc(C2CC2)on1;Cc1cccc(NC(=O)NC(Cc2ccccc2)C(=O)O)c1C;CNC(=O)c1cc(OC)ccc1NC(=O)c1ccc(C)cc1C;O=C(NCCc1ccccc1)NC(Cc1ccccc1)C(=O)O;COc1ccc(C)c2c1CCC2NC(=O)c1cc(C2CC2)on1;COc1cc(C)cc2c1CCC2NC(=O)c1cc(C2CC2)on1;Cc1ccc(NC(=O)NC(Cc2ccccc2)C(=O)O)cc1C;CCC(=O)Nc1cccc(C(=O)NCc2ccccc2OC)c1;COc1c(C)ccc2c1CCC2NC(=O)c1cc(C2CC2)on1;COc1ccc2c(c1)CCCN(C(=O)c1ncoc1C1CC1)C2;Cc1ccoc1C(=O)NC(Cc1ccccc1)C(=O)NC1CC1;Cc1cccc2c1OCCC2NC(O)c1coc(CC2=CC2)n1;COc1ccc(CC(=O)NNC(=O)CCc2ccccc2)cc1;Cc1cccc2c1OCCC2NC(O)c1coc(CC2C=C2)n1;COc1ccccc1C1CC1C(=O)Nc1cn(C)c(=O)cc1C;Cc1cccc2c1OCCC2NC(O)c1coc(C=C2CC2)n1;COc1ccc(OCC(=O)NN=C(C)Cc2ccccc2)cc1;CC(NC(=O)c1c(O)c2c([nH]c1=O)CCCC2)c1ccccc1;CCC(=O)Nc1ccc(C(=O)NCc2ccccc2OC)cc1;COc1cc2c(cc1OC)C(C)N(C(=O)c1ccccn1)CC2
m_8d374f,Cc1nc(Nc2ccccc2)cc(N2CCS(=O)(=O)CC(C)C2)n1;CS(=O)(=O)CC1CCN(c2cc(Nc3ccccc3)ncn2)CC1;CC1(C)CCN(c2cc(Nc3ccccc3)ncn2)CCS1(=O)=O;CS(=O)(=O)C1CCCN(c2cc(Nc3ccccc3)ncn2)CC1;Cc1nc2ccccc2nc1N1CCCC(NS(=O)(=O)C2CC2)C1;c1ccc(-c2nn(-c3ccccc3)c(-c3ccccc3)c3cccc2-3)cc1;CC(C)S(=O)(=O)c1ccc(N2CCN(c3ccccc3)CC2)nn1;C(=NNc1ccc2ccccc2c1)c1c2ccccc2cc2ccccc12;Cc1ccc(-c2cc(-c3ccccn3)nc3ccc4ccccc4c23)cc1;Cc1cc(C)nc(Nc2ccc(S(=O)(=O)N3CCCCC3)cc2)n1;OCC(O)C(O)C(O)C(O)COCC(O)C(O)C(O)C(O)CO;Cc1nc(C(=O)N2CC[S+]([O-])CC2)nn1-c1ccccc1C(C)C;Cc1nccc(NCc2cccc(S(=O)(=O)N3CCCCC3)c2)n1;Cc1cncc(NCc2cccc(S(=O)(=O)N3CCCCC3)c2)n1;O=S(=O)(c1cccc(NCc2nccn2C2CC2)c1)N1CCCC1;Cc1nc2c(c(NCc3ccc(S(N)(=O)=O)c(C)c3)n1)CCCC2;c1ccc2c(c1)c1ccccc1n2Cn1c2ccccc2c2ccccc21;NS(=O)(=O)c1ccccc1N1CCN(CCc2ccncc2)CC1;Cc1n[nH]c(C2CN(S(=O)(=O)Cc3ccccc3)CC2C2CC2)n1;CN(C)c1cc(CN2CCCc3ccc(S(N)(=O)=O)cc32)ccn1;Cn1nc2c(c1S(=O)(=O)N1CCC(c3ccccn3)C1)CCCC2;CNS(=O)(=O)c1ccc2c(c1)N(Cc1ccnc(N(C)C)c1)CC2;CCS(=O)(=O)c1ccccc1N1CCCN(c2cccnn2)CC1;Cn1nc2c(c1S(=O)(=O)NC1Cc3ccccc3C1N)CCCC2;CCc1ccc(S(=O)(=O)NCc2nccc(N3CCCC3)n2)cc1
m_8d75c7,Cc1nc(C2CCCN2C(=O)c2nn(C)cc2Br)cs1;Cc1nc(C2CC=CN2C(O)c2nn(C)cc2Br)cs1;Cc1nc(C2=CCCN2C(O)c2nn(C)cc2Br)cs1;Cc1nc(C2C=CCN2C(O)c2nn(C)cc2Br)cs1;Cc1cc(Br)oc1C(=O)N1CC(N)CCC1C(F)(F)F
m_8db7e3,Cn1ncc(NC(=O)NC2CCNCC(C)(C)C2)c1C(F)F;Cn1ncc(NC(O)NC2=CC(C)(C)CNCC2)c1C(F)F;Cn1ncc(NC(O)NC2=CCNCC(C)(C)C2)c1C(F)F;Cn1ncc(NC(O)NC2C=CNCC(C)(C)C2)c1C(F)F;CC1CCC(CN(C)C(=O)CC2(CS(C)(=O)=O)CC2)CC1;CC1(C)CC(NC(=O)CC2CCS(=O)(=O)C2)CC(C)(C)C1;CCS(=O)(=O)CCN1CC(C)(C)OC2(CC3CCC2C3)C1;CC(CS(C)(=O)=O)N(C)C(=O)C1CCCC2CCCCC21;CCC1CCCCC1C(=O)NC1CCCC(S(C)(=O)=O)C1;CC(C)(C)C1CCCN(C(=O)CC2CCS(=O)(=O)C2)CC1;CC1CC(C(=O)N2CCCC2CS(C)(=O)=O)CC(C)(C)C1;CCCCC1CCC(C(=O)NCCC2CS(=O)(=O)C2)CC1;CCS(=O)(=O)C1CCN(C(=O)C2(C)CCCCCC2)CC1;CN(C(=O)CC1(CS(C)(=O)=O)CC1)C1CCCCCCC1;CC(C)(C)S(=O)(=O)CC(=O)N(C1CCCC1)C1CCCC1;CS(=O)(=O)C1CCCC(NC(=O)CCC2CCCCC2)C1;CN1CC2CCCN(Cc3cn(-c4ccc(F)cc4)nn3)C2C1;CC12CNCC1(C)CN(Cc1ccc(-n3cncn3)c(F)c1)C2;CCCCC1CCC(C(=O)NCC2CCS(=O)(=O)C2)CC1;CCc1ncnc(N2CCCC2c2nc3c([nH]2)CCCC3)c1F;CN(C)c1nccc(N2CCCN(c3ccccc3F)CC2)n1;C=CCCCCCCCCC(=O)NC(CCSC)C(=O)O;Cc1ccc(F)c(NCc2cnc(N3CCN(C)CC3)nc2)c1;CN(Cc1cccnc1)CC1CC(F)CN1Cc1ncccn1
m_8e45f7,Cc1ncsc1C(=O)N(C)Cc1nccn1CC(F)(F)F;NC(=O)Cc1ccccc1NC(=O)COc1ccc(Cl)cc1;Cc1cn(CC(F)(F)F)c(CNC(=O)c2scnc2C)n1;Cc1ncsc1C(=O)NCc1ncc(C)n1CC(F)(F)F;Fc1cc(F)c2nc(NC3CN(c4ccccn4)C3)sc2c1;O=C(O)c1ccc(C(=O)N2CCN(c3ncccn3)CC2)s1;O=C(NC1CCCOc2cc(Cl)ccc21)c1cccc(=O)[nH]1;Cc1nc(C)c(C(=O)NCc2nccn2CC(F)(F)F)s1;CC(NC(=O)c1sccc1NC(=O)c1ccncc1)C(N)=O;O=C(O)C1CCCN(C(=O)c2cc(Cl)cc3cccnc23)C1;CC(C)(C(=O)O)c1ccc(NC(=O)c2ccc(Cl)cn2)cc1;COc1cc(C(=O)Nc2ccc(Cl)c(C(N)=O)c2)ccc1C;C#CCN(C)C(=O)c1onc(-c2ccc(Cl)cc2)c1C(C)O;Cc1cccc(C(=O)OCCNC(=O)c2ccncc2)c1Cl;O=C(NCCc1ccc2c(c1)OCCO2)c1ccncc1Cl;O=C(O)c1cccc2c1OCCN(Cc1cncc(Cl)c1)C2;NC(=O)Cc1ccc(NC(=O)COc2ccc(Cl)cc2)cc1;Cc1cc(=O)c(C(=O)N2CC(C)Oc3c(Cl)cccc32)c[nH]1;O=C(O)C1CCCN(C(=O)c2ccc3ccc(Cl)cc3n2)C1;O=C(c1cccc(Oc2ccc(Cl)cc2)n1)N1CCOCC1;O=C(O)C1CCN(C(=O)c2cc(Cl)cc3cccnc23)CC1;O=C1CCC2(CCN(C(=O)c3oc4ccccc4c3Cl)C2)N1;NC(=O)c1ccccc1OCC(=O)NCc1cccc(Cl)c1;CCOc1ccccc1S(=O)(=O)Nc1cnc2ccnn2c1;COc1nscc1CN(C)c1nc(C)cc(C(F)(F)F)n1
m_8eaf01,Cc1ncc(C(=O)N2CCC(NCC3CC3)CC2)c(N)n1;CNC(=O)c1ccc(N2CCC3(CCCN(C)C3)C2)nn1;Cn1cncc1-c1nnc(C2CCN(CC(C)(C)C)C2)o1;Cc1ncc(C(O)N2CCC(NCC3C=C3)CC2)c(N)n1;Cc1ncc(C(O)N2CCC(NCC3=CC3)CC2)c(N)n1;Cc1ncc(C(O)N2CC=C(NCC3CC3)CC2)c(N)n1;Cc1cc(NC(=O)N2CCC(N3CC=CC3)CC2)nn1C;Cc1ncc(C(O)N2C=CC(NCC3CC3)CC2)c(N)n1;CC1CCC(C(N)=O)CN1c1cc(NCC2CC2)ncn1;O=C(CNCC1CCCN1c1cccnn1)NCC1CC1;Cc1ncc(C(O)N2CCC(NC=C3CC3)CC2)c(N)n1;CN1CCCC1C(=O)N1CCC(Nc2cccnn2)CC1;CCCCn1cc(C(=O)Nc2cnn(C)c2CC)c(C)n1;NC(=O)c1ncn(C2CCCN(CC3CC=CCC3)C2)n1;Cc1oncc1CN1CCCCC1c1n[nH]c(C(C)C)n1;NC(=O)CC1CCN(c2cc(N3CCCC3)ncn2)CC1;CC(C)(C)c1nnc(CN2CCCC(c3ccn[nH]3)C2)o1;CCC(CC)NC(=O)c1c(C)nn(C)c1-n1ccnc1C;CCC(C)N(C(=O)c1cnc2c(c1)nnn2C)C(C)CC;Cc1nnc2ccc(NCCOC3CCCCCC3)nn12;CC(C)(C)c1c[nH]c(C2COCCN2Cc2ncc[nH]2)n1;CC(C)(C)c1cnc(CN2CCCC2Cn2cncn2)o1;CN(Cc1cc[nH]n1)CC1CCCOC1c1cnn(C)c1;CC(C)n1cc(C2CN(Cc3cc[nH]n3)CC2CO)cn1;CC(C)(C)c1c[nH]c(C2COCCN2Cc2c[nH]cn2)n1
m_9068e1,CC(C)(C)n1cc(C#N)c(NC(=O)C2CCC(F)(F)CC2)n1;CC(C)(C)n1cc(C#N)c(NC(O)C2=CCC(F)(F)CC2)n1;CC(C)(C)n1cc(C#N)c(NC(O)C2C=CC(F)(F)CC2)n1;CC(C)(C)n1cnc(C(=O)NC2(CC(=O)O)CCCOC2)n1;CNC(=O)NC(=O)CN1CCN(CC(F)(F)F)CC1(C)C;COc1cc(CNC(CCCNC(=N)N)C(=O)O)ccc1O;CCCNC(=O)NC1C2COC(O2)C(n2ccnc2C)C1O;COC1OC(CC(O)C(O)C(C)O)C(O)(C(C)O)CC1O;Cc1nccn1C1C2OCC(O2)C(NC(=O)NC(C)C)C1O;CC(=O)N1CCN(C(C)=O)C(C(=O)NC2CCCNC2=O)C1;Cc1cnn(C2C3OCC(O3)C(NC(=O)NC(C)C)C2O)c1;CCOC1CC(NC(=O)C(C)n2cncn2)(C(=O)O)C1(C)C;CC(C)(C)CC(=O)N1CCN2C(=O)N(CC(N)=O)C(=O)C2C1;CCOC(=O)CNc1cc(NCC(=O)OCC)c(N)cc1N;CCCNC(=O)NC1C2COC(O2)C(n2cc(C)cn2)C1O;Fc1cccc(C2CNCCN2Cc2ccc3cn[nH]c3c2)c1;Fc1ccc2c(c1)C(NCCc1nnc3ccccn13)CCC2;Fc1ccc2c(c1)CCCC2NCCc1nnc2ccccn12;Cn1ccnc1CNC(=O)CC1CC2OC(CN)C(O)C2O1;Fc1cccnc1N1CCC(NCc2cccc3[nH]ccc23)C1;CN1CCN(c2nccc3[nH]c(-c4cccc(F)c4)cc23)CC1;COCCC1(CNC(=O)Nc2cc(C(=O)OC)n(C)n2)CC1;CC(C)c1noc(C2CC(NC(=O)CCC(=O)O)CN2C)n1;Cn1cc(CNC(=O)CC2CC3OC(CN)C(O)C3O2)cn1;CCC(C(=O)O)N1CCN(CC(=O)Nc2cc(C)on2)CC1
m_907412,Cc1oc(C(=O)N(C)c2ccc(F)cc2)cc1S(N)(=O)=O;Cc1cc(CS(=O)(=O)CC(=O)Nc2ccccc2F)no1;COc1ccc(S(=O)(=O)Nc2ccc(F)cn2)cc1OC;Cc1ccc2c(N)c(C(=O)c3ccc4c(c3)OCO4)sc2n1;CCC1(CNS(=O)(=O)c2ccc3[nH]c(=O)sc3c2)CC1;O=C(CCC(=O)ON1C(=O)CCC1=O)ON1C(=O)CCC1=O;Cn1c(=O)sc2cc(S(=O)(=O)NC3CCCC3)ccc21;CN(C)c1ncc(Br)cc1C(=O)N1CCNCC1;NC(=O)c1cc(-c2ccccc2)sc1NC(=O)c1ccoc1;CCOC(=O)c1cc(C(=O)OCC)c([N+](=O)[O-])cc1[N+](=O)[O-];Cc1ncc(Br)cc1NC(=O)NC1CCCNC1;CC1(C)CCCN1S(=O)(=O)c1ccc2[nH]c(=O)sc2c1;Cn1ncc(Br)c1CN1CCCC2C(=O)NCC21;COC(=O)c1ccc(C(=O)Nc2ccc3scnc3c2)cc1;CC1(C(=O)O)CCN(S(=O)(=O)c2ccc(F)cc2C#N)C1;O=C(O)CCNC(=S)CCNC(=S)c1ccc(O)cc1;Cn1ncc(Br)c1CC(=O)NC1CC2(C1)CC2N;CCS(=O)(=O)CC(=O)Nc1nc2c(C)ccc(C)c2s1;CC1(C(=O)O)CCCN1S(=O)(=O)c1cccc(F)c1C#N;CCOc1ccc2cc(-c3csc(CC#N)n3)c(=O)oc2c1;CCN1CCN(C(=O)c2cncc(Br)c2N)CC1;CC(=O)N(C)C1CCN(c2ncc(Br)cn2)CC1;N=C(N)NCCCCNC(=O)c1ccccc1Br;O=C(Nc1ccc2ncsc2c1)C1COc2ccccc2O1;NC1CC2CC(C(=O)NCc3[nH]ncc3Br)CC12
m_90baa7,CCC(=O)NCc1cc(S(=O)(=O)N(C)C2CCCc3nc(C)sc32)ccc1OC;CCC(=O)NCc1cc(OC)cc(S(=O)(=O)N(C)C2CCCc3nc(C)sc32)c1;CCC(=O)NCc1ccc(OC)c(S(=O)(=O)N(C)C2CCCc3nc(C)sc32)c1;CCC(=O)NCc1cccc(S(=O)(=O)N(C)C2CCCc3nc(C)sc32)c1OC;CCC(=O)NCc1c(OC)ccc(S(=O)(=O)NC2CCCc3nc(C)sc32)c1C;CCC(=O)NCc1c(O)ccc(S(=O)(=O)N(C)C2CCCc3nc(C)sc32)c1C;CCC(=O)N(C)Cc1cc(S(=O)(=O)NC2CCCc3nc(C)sc32)ccc1OC;CCC(=O)NCc1cc(S(=O)(=O)N(C)C2CCCc3nc(C)sc32)c(C)cc1O;CCC(=O)N(C)Cc1cc(S(=O)(=O)N(C)C2CCCc3nc(C)sc32)ccc1O;CCC(=O)NCc1cc(S(=O)(=O)N(C)C2CCCc3nc(C)sc32)cc(C)c1O;CCC(=O)NCc1cc(S(=O)(=O)NC2CCCc3nc(C)sc32)c(C)cc1OC;CCC(=O)NCc1cc(S(=O)(=O)NC2CCCc3nc(C)sc32)cc(C)c1OC;CCC(O)NCc1cc(S(=O)(=O)N(C)C2=CCCc3nc(C)sc32)ccc1OC;CCC(O)NCc1cc(S(=O)(=O)N(C)C2CC=Cc3nc(C)sc32)ccc1OC;CCC(O)NCc1cc(S(=O)(=O)N(C)C2C=CCc3nc(C)sc32)ccc1OC;COc1cc(C(=O)Nc2ccn(C3OC(CO)C(O)C3O)c(=O)n2)cc(OC)c1OC;COc1cc(C(=O)Oc2cc3c4c(c2)C(C)=CC(C)(C)N4C(=O)C3=O)cc(OC)c1OC;Cc1cc(=O)oc2c3c(cc(OCC(=O)Nc4ccc5c(c4)OCO5)c12)OC(C)(C)CC3;Cc1ncsc1CN1C(=O)COC(c2ccc(NC(=O)c3ccccc3)cc2)C1CO;Cc1cccc(OCC2CN(S(=O)(=O)c3cccnc3)C3c4ccccc4OCC23)n1;CSCCCNC(C(=O)NC1C(=O)N2C1SC(C)(C)C2C(=O)O)c1ccccc1;COc1cc(NC(=O)Cc2c(C)c3cc4c(C)coc4cc3oc2=O)cc(OC)c1OC;COc1ccc(N2C(=O)C3C(CCSC)NC4(C(=O)Nc5ccccc54)C3C2=O)cc1;O=C(Cc1cccs1)Nc1ccc(C(O)C2COCC(=O)N2Cc2ccccn2)cc1;Cc1cccc2sc(N(CC3CCCO3)C(=O)C3CCN(S(C)(=O)=O)CC3)nc12
m_91512a,CCc1cnc(CNC(=O)N2CCOC(COC)C2)s1;CCc1cnc(CN(C)C(=O)N2CCOC(CO)C2)s1;CCc1cnc(CNC(=O)N(C)C(CO)C2CC2O)s1;CCc1cnc(CNC(=O)N(C)C(CO)C2(O)CC2)s1;CCc1cnc(CNC(=O)N(C)C(C)C2(O)CC2O)s1;CCc1sc(CNC(=O)N2CCOC(CO)C2)nc1C;CCc1cnc(CNC(=O)N(C)C(C)C2C(O)C2O)s1;CCc1cnc(CNC(=O)N(CO)C(C)C2(O)CC2)s1;CCc1cnc(CNC(=O)N(CO)C(C)C2CC2O)s1;CCc1cnc(CNC(=O)N(C)C(C)(O)C2(O)CC2)s1;CCc1cnc(CNC(=O)N(C)C(O)(CO)C2CC2)s1;CCc1cnc(CNC(=O)N(CO)C(CO)C2CC2)s1;CCc1cnc(CNC(=O)N(C)C(C)(O)C2CC2O)s1;CCc1cnc(CNC(=O)N(C)C(C(O)O)C2CC2)s1;Cc1ncc(CN(C)C(=O)NCC2CCC(CO)O2)s1;CCc1cnc(CNC(=O)N(C)C(C)C2CC2(O)O)s1;CCc1cnc(CNC(=O)N(CO)C(C)(O)C2CC2)s1;O=C(Nc1ccccc1C=Cc1ccccc1)c1ccccc1;O=C1C(c2ccccc2)C(c2ccccc2)N1c1ccccc1;CCc1cnc(CNC(O)N2CCOC(=COC)C2)s1;CCc1cnc(CNC(O)N2C=COC(COC)C2)s1;COC1CC(CO)N(C(=O)CCc2cccc(F)c2F)C1;O=C(C(=CNc1ccccc1)c1ccccc1)c1ccccc1;CC(O)c1cnc(CNC(=O)N(C)C(CO)C2CC2)s1;CC(O)c1cnc(CNC(=O)N(C)C(C)C2CC2O)s1
m_916daf,Cn1cc(C(=O)NCC2CC(c3nnc[nH]3)CC2O)c2ccccc21;Cn1ccc2c(C(=O)NCC3CC(c4nnc[nH]4)CC3O)cccc21;Cn1cc(C(=O)NCC2(O)CCC(c3nnc[nH]3)C2)c2ccccc21;Cn1cc(C(=O)NCC2CCC(c3nnc[nH]3)C2O)c2ccccc21;COCCn1nnc2c1CCN(C(=O)c1cn(C)c3ccccc13)C2;Cn1cc(C(=O)NCC2CC(O)C(c3nnc[nH]3)C2)c2ccccc21;Cn1cc(C(=O)NC(O)C2CCC(c3nnc[nH]3)C2)c2ccccc21;Cn1cc(C(=O)NCC2CCC(O)(c3nnc[nH]3)C2)c2ccccc21;Cn1cc(C(=O)NCC2CCC(c3nnc(O)[nH]3)C2)c2ccccc21;CCn1cnnc1C1CN(C(=O)c2c(C)[nH]c3ccccc23)CCO1;Cc1nnc(C2OCCC2CNC(=O)c2cc3ccccc3n2C)[nH]1;COC1CN(C(=O)c2cn(C)c3ccccc23)CC1c1cn(C)nn1;Cc1[nH]c2ccccc2c1C(=O)N1CCCC(O)(Cn2ccnn2)C1;COCc1nc2n(n1)CC(NC(=O)c1c[nH]c3cc(C)ccc13)CC2;COC1CC(c2nncn2C)N(C(=O)c2cc3ccc(C)cc3[nH]2)C1;Cn1cc(C(O)NCC2=C(O)CC(c3nnc[nH]3)C2)c2ccccc21;Cn1cc(C(O)NCC2=CC(c3nnc[nH]3)CC2O)c2ccccc21;Cn1cc(C(O)NC=C2CC(c3nnc[nH]3)CC2O)c2ccccc21;O=C(NCC1CCC(c2nnc[nH]2)C1)c1cn(CO)c2ccccc12;Cn1cc(C(O)NCC2C=C(c3nnc[nH]3)CC2O)c2ccccc21;Cn1c(O)c(C(=O)NCC2CCC(c3nnc[nH]3)C2)c2ccccc21;OC1(Cn2ccnn2)CCCN(Cc2ncc(-c3ccccc3)o2)C1;Cn1cnnc1C1CC(O)C(CNC(=O)c2cc3ccccn3c2)C1;Cn1cnnc1C1CC(O)C(CNC(=O)c2ccc3cc[nH]c3c2)C1;Cc1nnc(C2CC(O)C(CNC(=O)c3cc4ccccn4c3)C2)[nH]1
m_921c43,CC1CN(C(=O)CNC2CC2)CC(c2ccc(F)cc2)O1;CC(C(=O)NC1CC1)N1CCOC(c2cccc(F)c2)C1;O=C(C1CNCCO1)N1CCCC1Cc1cccc(F)c1;CC1CN(C(O)CNC2C=C2)CC(c2ccc(F)cc2)O1;CC1CN(C(O)CNC2=CC2)CC(c2ccc(F)cc2)O1;Cc1ccc(C2CN(C(C)C(=O)N(C)C)C=CO2)cc1F;O=C(C1CCCNC1)N1CCOC(c2ccccc2F)C1;Cc1c(F)cccc1C1CN(C(C)C(=O)N(C)C)C=CO1;O=C(NCCC1CC1)N1CCOC(c2cccc(F)c2)C1;CC(=O)N(C)CC(=O)N1CCCC1Cc1cccc(F)c1;Cc1ccc(F)cc1C1CN(C(C)C(=O)N(C)C)C=CO1;O=C(NC1CCCC1)N1CCOC(c2ccc(F)cc2)C1;Cc1cc(F)cc(C2CN(C(C)C(=O)N(C)C)C=CO2)c1;Cc1ccc(C2=CN(C(C)C(=O)N(C)C)CCO2)cc1F;Cc1ccc(F)cc1C1=CN(C(C)C(=O)N(C)C)CCO1;CC1=CN(C(O)CNC2CC2)CC(c2ccc(F)cc2)O1;NC1CCN(C(=O)C2(c3cccc(F)c3)CCOCC2)C1;Cc1c(F)cccc1C1=CN(C(C)C(=O)N(C)C)CCO1;Cc1cc(F)cc(C2=CN(C(C)C(=O)N(C)C)CCO2)c1;CCC(C(=O)N1CCCNC(=O)C1C)c1ccc(F)cc1;O=C(CC=Cc1cccc(F)c1)N1CCN(CCO)CC1;CC1CN(C(O)CNC2CC2)C=C(c2ccc(F)cc2)O1;CC1CCC(C(N)=O)CN1C(=O)CCc1ccccc1F;O=C(NC1CC1)C1CCCN1CCOc1ccccc1F;OC(CN1CCc2ccccc2C1)c1c[nH]c2ccccc12
m_930a3b,O=C(NCCc1ccccn1)C1CCN(Cc2ccc(F)cc2)C1;OC(NCCc1ccccn1)C1=CCN(Cc2ccc(F)cc2)C1;OC(NCCc1ccccn1)C1=CN(Cc2ccc(F)cc2)CC1;OC(NCCc1ccccn1)C1C=CN(Cc2ccc(F)cc2)C1;OC(NC=Cc1ccccn1)C1CCN(Cc2ccc(F)cc2)C1;O=C(C1CCc2cncn2C1)N(Cc1ccccc1F)C1CCC1;Cc1cccc(N2CCC(C(=O)NCc3ccc(F)cc3)CC2)n1;O=C(NCc1ccc(F)cc1)C1CCCCN1Cc1cccnc1;CCC(NC(=O)NCC(=O)NC(C)(C)C)c1cc(F)ccc1F;Cc1cc(C(=O)N2CCN(C(C)c3cccnc3)CC2)ccc1F;CN(C)c1ccc(C(=O)N2CCC(Cc3ccc(F)cc3)C2)cn1;Cc1cnccc1CN1CCCN(C(=O)c2cccc(F)c2)CC1;CN(CC(=O)NCc1cccnc1)C(c1ccc(F)cc1)C1CC1;O=C(NCCN1CCc2ccccc2C1)NCc1ccccc1F;Cc1ccc(CN(C)C(=O)NC2CCCc3cc(F)ccc32)nc1;Cn1cc(C2CC2C(=O)NC2(c3ccc(F)cc3)CCCC2)cn1;Nc1cc(N)c(C=Cc2ccccc2)c(N)c1C=Cc1ccccc1;Cc1ccc(CN(C)C(=O)NC2CCCc3ccc(F)cc32)nc1;CN(C(=O)C1CCCc2[nH]ncc21)C(c1ccc(F)cc1)C1CC1;O=C(c1ccncc1)N1CCCN(CCc2ccccc2F)CC1;O=C(N1CCCC1Cn1cccn1)C1(c2cccc(F)c2)CCC1;Cc1c(C(=O)NC2CCC(F)(F)CC2)cnn1C1CCOCC1;CC1CN(Cc2ccccn2)CCC1NC(=O)c1cccc(F)c1;Cc1ccc(F)c(N2CCCC(NC(=O)Cc3cccnc3)C2)c1;Cc1ccc(NC(=O)C2CCCCN2Cc2cccnc2)c(F)c1
m_935b22,Cc1ccc(CNC2CCN(c3ncccn3)CC2)c(C)c1;Cc1ccc(CNC2CCN(c3ncccn3)CC2)cc1C;Cc1cccc(CNC2CCN(c3ncccn3)CC2)c1C;Cc1ccc(CNC2CCCN(c3cccnn3)C2)c(C)c1;Cc1cccc(CNC2CCCN(c3cccnn3)C2)c1C;c1ccc(CCCNC2CCCN(c3cccnn3)C2)cc1;CN(C)c1nccc(N2CCCC(c3ccccc3)CC2)n1;c1ccc(C(CC2CCC2)NCc2nnc3n2CCC3)cc1;Cc1ccc(C2CC(C)N(c3ccnc(N(C)C)n3)C2)cc1;CC1(C)CCN(Cc2nccc(N)n2)CC1c1ccccc1;CC12CN3CC(C)(CN(C1)C3c1c[nH]c3ccccc13)C2N;CCC(C)C(=O)OCC(C)=CCCC(C)=CCOC(C)=O;CC(=O)OCC1(O)CCC2C(C3C1CCC3(C)O)C2(C)C;CC(=O)OC1CC(C)C2CC(O)C3(C)CC(C)(C)C1C23O;CC(=O)OCC(C)=CCC(O)C(C)=CCCC(C)=CCO;CC(COc1ccc(C=Cc2ccccc2)cc1)[N+](C)(C)C;C=C(CCC(=O)O)C1CC(C)(C)C1CCC(C)OC(C)=O;C=C1CC(OC(C)=O)C=C(C)CCC(C(C)C)C(O)C1O;Cn1nc(-c2ccccc2)cc1C1CN2CCC1CC2CN;C=C1CCC(OC(C)=O)C2(C)CCC(C(C)(C)O)C(O)C12;CC(=O)OC1CC2C(C(C(C)C)CCC2(C)O)C1C(C)=O;C=CC(C)(O)CCC=C(C)CC(O)C=C(C)COC(C)=O;CC(=O)OCC(C)(O)C1CCC(C)C2CCC(=O)C2(C)C1;CC(=O)OCC(C)(O)C1C=CC(C)(O)CCC=C(C)CC1;CC(=O)OCC=C(C)CCC=C(C)C(O)CC=C(C)CO
m_93b6a1,CCN(CC)C(=O)CN(C)c1nn2cc(C)nc2s1;Cc1cn2nc(N(C)CC(=O)NC(C)(C)C)sc2n1;CCN(CC)C(=O)CNc1nn2c(C)c(C)nc2s1;Cc1cn2nc(NCC(=O)N(C)C(C)(C)C)sc2n1;Cc1nc2sc(NCC(=O)NC(C)(C)C)nn2c1C;Cc1nsc(N2CCCN(C(=O)NC3CC3)CC2)n1;CC(C)c1nnc(NC(=O)NCCN2CC=CC2)s1;C=CCn1c(N)nnc1SCC(=O)NCC1CCC1;COCC1CC(NS(=O)(=O)CC(C)C)C(O)C1O;CC(Sc1nnc(N)n1C)c1ncc(C(C)(C)C)o1;O=C1NCCCCC1Sc1nnnn1C1CCCC1;CC(N)C(=O)N1CCN(Cc2cccc(Cl)c2)CC1;CC(C)N1CCC(NC(=O)c2cc(Cl)ccn2)CC1;CC(C)c1cc(-c2ccc(F)c3ccccc23)nc(N)n1;Cc1ccc(-c2n[nH]cc2CNc2ccccc2F)cc1;CCCCC(=O)N1CCN(c2ccc(Cl)cn2)CC1;C=C1CCN(c2cnn(C(C)(C)C)c(=O)c2Cl)CC1;CC1CC(C)(C)CCC1NC(=O)c1ncncc1Cl;CC(C)C(C(=O)N(C)C)n1cnc2cc(F)c(F)cc21;Cc1cc(CNC2CCN(C(N)=O)CC2)ccc1Cl
m_94a765,O=C(NCCN1CCc2ccccc2C1)NCc1cc[nH]n1;Cn1nccc1NC(=O)N1CCC(Cc2cccnc2)CC1;Cn1cc(NC(=O)c2ccc(N3CCCCCC3)nc2)cn1;CN1CCC(NC(=O)Cc2cnnn2C)C1c1ccccc1;CCc1nc(CN2c3ccccc3C(C(N)=O)CC2C)n[nH]1;CC(CNC(=O)C(C)n1cncn1)N1CCc2ccccc21;CC(NC(=O)C1(c2ccc(N(C)C)cc2)CC1)c1nc[nH]n1;CCc1nc(CN2CCN(C(=O)c3ccccc3)CC2)n[nH]1;OC(NC=CN1CCc2ccccc2C1)NCc1cc[nH]n1;O=C(NCCCn1cncn1)NC1CCCc2ccccc21;OC(NCCN1C=Cc2ccccc2C1)NCc1cc[nH]n1;CC(=O)N1CC(C)CN(Cc2cnnn2C)c2ccccc21;COc1c(N)ncnc1N1CCC(Cc2cccnc2)CC1;Cc1ccc(C)c(CN(C)Cc2nnc3n2CCNC3=O)c1;Cc1ccc(C2CCCN2C(=O)CCc2nn[nH]n2)cc1C;CN(C(=O)CCCc1nnn[nH]1)C1CCc2ccccc2C1;CC1CCC(c2ccccc2)N(C(=O)CCc2nn[nH]n2)C1;CCc1nnc(CN2Cc3ccccc3CC2C(N)=O)n1C;O=C(Cn1cncn1)N1CCN(CCc2ccccc2)CC1;CC(C)(C)n1cnc(NC(=O)NC2(c3ccccc3)CC2)n1;Cc1nc(C(=O)NCC2CCN(C)C2c2cccnc2)c[nH]1;Cn1ncnc1NC(=O)N1CC(C)(C)CC1c1ccccc1;Cc1ccccc1CCC(=O)NC1CNCC1n1ccnn1;CN(CC1CCCN1C(=O)Nc1cn[nH]c1)c1ccccc1;Cc1ccc(C(=O)N2CCN(Cc3cnnn3C)CC2)cc1
m_95e8da,CC(N)C1CCCN(C(=O)C2CC2c2cc(F)ccc2F)C1;CC(N)C1CCCN(C(=O)C2CC2c2cccc(F)c2F)C1;CN(C)C1CCCN(C(=O)C2CC2c2cc(F)ccc2F)C1;CNC1CCCN(C(=O)C2CC2c2cc(F)cc(C)c2F)C1;CNC1CCCN(C(=O)C2CC2c2c(F)ccc(F)c2C)C1;CNC1CCCN(C(=O)C2CC2c2cc(F)c(C)cc2F)C1;CC(N)C1CCCN(C(O)C2=CC2c2cc(F)ccc2F)C1;CC(N)C1CCCN(C(O)C2C=C2c2cc(F)ccc2F)C1;CN(Cc1ccc(F)cc1F)C(=O)C1CCCNC1C1CC1;CC(N)C1CCCN(C(O)C2=C(c3cc(F)ccc3F)C2)C1;Cc1cc(F)c(C2CC2C(=O)N2CCCC(N)C2)c(C)c1F;CC1(C(=O)NC2CCCN(Cc3c(F)cccc3F)C2)CC1;Cc1c(F)cc(C2CC2C(=O)N2CCCC(N)C2)c(F)c1C;Cc1cc(F)c(C)c(C2CC2C(=O)N2CCCC(N)C2)c1F;CC(N)C1=CN(C(O)C2CC2c2cc(F)ccc2F)CCC1;CC(N)=C1CCCN(C(O)C2CC2c2cc(F)ccc2F)C1;CC(N)C1=CCCN(C(O)C2CC2c2cc(F)ccc2F)C1;CC(N)C1C=CCN(C(O)C2CC2c2cc(F)ccc2F)C1;CC(N)C1CC=CN(C(O)C2CC2c2cc(F)ccc2F)C1;N=C(N)NCCCC(NCC(O)C(O)C(O)CO)C(=O)O;N=C(NCCCCN)NCC(O)C(O)C(O)C(O)C(=O)O;CC(=O)N1CCCC1C1CCCN1CCOCC(F)(F)F;O=C(NCC(F)(F)F)C1CCCN(CCC2CCCO2)C1;CC1(CNC(=O)C2CCN(CC(F)(F)F)CC2)CCCO1;OC1C(NCc2ccco2)C2COC(O2)C1N1CCCCC1
m_966da0,CC(C(=O)NCCN1CCN(C(=O)C(C)C2CC2)CC1)C1CC1;CC(C(=O)N1CCN(CCNC(O)C(C)C2=CC2)CC1)C1CC1;CC(=C1CC1)C(O)NCCN1CCN(C(=O)C(C)C2CC2)CC1;CC(C(=O)NCCN1CCN(C(O)C(C)C2C=C2)CC1)C1CC1;CC(C(=O)NCCN1CCN(C(O)C(C)C2=CC2)CC1)C1CC1;CC(=C1CC1)C(O)N1CCN(CCNC(=O)C(C)C2CC2)CC1;CC(C(=O)N1CCN(CCNC(O)C(C)C2C=C2)CC1)C1CC1;CC(C(=O)NCCN1C=CN(C(O)C(C)C2CC2)CC1)C1CC1;CC(C)C(=O)N1CC2COCCN2C2(C1)CN(C1CCCC1)C2;CCCCCC(=O)N1CCC(CC(=O)N(C)CC#N)C(CC)C1;CC(=O)N1CC2CN(C(=O)C3CCCCC3)CCN2C(C)(C)C1;CCNC(=O)N1CCC2CC(=O)N(C3CCCCC3)CCC2C1;CN(CCN(CCN1CCCCC1)C(=O)C1CC1)C(=O)C1CC1;CC(NC(=O)C1CCCCC1)C(=O)N1CCCN(C2CC2)CC1;C=CCNC(=O)C(C)N1CCCN(C(=O)CC2CCCC2)CC1;CC(C)(C)c1cnc(CN2CCC(CN3CCOCC3)CC2)o1;CC(C)NC(=O)CC1CCNCC1Cc1cc(C(C)(C)C)on1;Cc1noc(C)c1C(C)CNC(=O)N(C)C1CCC(C)(C)CC1;CC(N)C(C)C(=O)N1CCC2(CC1)CC2C(=O)N1CCCCC1;O=C(CCN1CCN(C2CC3CCC2C3)CC1)N1CCOCC1;CC(C(=O)N1CCN(CCNC(O)C(C)C2CC2)CC1)C1C=C1;CC(C(=O)N1CCN(C=CNC(O)C(C)C2CC2)CC1)C1CC1;CC(C(=O)N1CCN(CCNC(O)C(C)C2CC2)CC1)C1=CC1;CC(C(=O)NCCN1CCN(C(O)C(C)C2CC2)CC1)C1C=C1;CC(C)(C)NC(=O)CN1CCC(CNC(=O)C2CC=CC2)CC1
m_97693a,Cc1ccc2oc(C(=O)N3CCNC(=O)C3c3ccc(C(F)(F)F)cc3)cc2c1;Cc1ccc2oc(C(=O)N3C=CNC(O)C3c3ccc(C(F)(F)F)cc3)cc2c1;Cc1ccc2oc(C(O)N3C=CNC(=O)C3c3ccc(C(F)(F)F)cc3)cc2c1;O=C(O)CCCCCCCC#CC#CCCCCC=CC#CC=CBr;O=C(O)CCCCCNC(=O)CCCP(=O)(O)Oc1ccc([N+](=O)[O-])cc1;COc1ccc(C=C2Oc3c(ccc4c3C(c3ccnn3C)CC(=O)O4)C2=O)cc1;Cc1c(C2CC(=O)Oc3cc(O)c4c(=O)cc(-c5ccccc5)oc4c32)cnn1C;COc1cc2c(c3oc(-c4ccccc4)cc(=O)c13)C(c1ccnn1C)CC(=O)O2;COc1ccc(C=C2Oc3c(ccc4c3C(c3cnn(C)c3)CC(=O)O4)C2=O)cc1;CC(=O)Oc1ccc(CC(=O)Nc2ccc(O)c(-c3nc4ccccc4o3)c2)cc1;COc1cc2c(c3oc(-c4ccccc4)cc(=O)c13)C(c1cnn(C)c1)CC(=O)O2;COc1ccc(-c2coc3cc(OCC(=O)Nc4cccnc4)ccc3c2=O)cc1;CC(=O)C1C2C(=O)N(c3ccc4c(c3)OCO4)C(=O)C2C2c3ccccc3C=CN12;COc1ccc2c(c1OC)c(=O)n1c3ccc(OCC(C)=O)cc3c3ccnc2c31;CC(=O)C1C2C(=O)N(c3ccc4c(c3)OCO4)C(=O)C2C2C=Cc3ccccc3N21;COc1ccc(-c2cc(=O)c3cc(NC(=O)c4cccnc4)ccc3o2)cc1OC;COc1ccc(-c2cc(=O)oc3cc(OCC(=O)Nc4cccnc4)ccc23)cc1;COc1ccc(-c2cc(=O)c3cc(NC(=O)c4ccncc4)ccc3o2)cc1OC;CC(=O)Oc1ccc(C(=O)C2C3C(=O)N=C(O)C3C3C=Cc4ccccc4N32)cc1;CC(=O)c1ccc(OC(=O)C2C3C(=O)NC(=O)C3C3C=Cc4ccccc4N32)cc1;COc1ccc(-c2cc(=O)oc3cc(OCC(=O)Nc4ccccn4)ccc23)cc1;Cc1ccccc1OCC(=O)Nc1ccc(Oc2ccc3c(c2)C(=O)N=C3O)cc1;COc1ccc2c(=O)c(Oc3ccc(C(=O)NCc4cccnc4)cc3)coc2c1;COc1ccc2oc(=O)c(-c3ccc(OCC(=O)Nc4ccccn4)cc3)cc2c1;COc1cccc(-c2nc(SC)nc3sc(C(=O)NC(C)(C)C)c(N)c23)c1
m_97cca9,CCN(C(=O)Cc1nnc(C2CCOCC2)[nH]1)c1ccccc1;CCc1ccccc1NC(=O)C(=O)Nc1c(C)nn(CC)c1C;CC(C)C(=O)Nc1ccc(OCc2nnc(C3CC3)n2C)cc1;CCN(c1ccccc1)C(O)Cc1nnc(C2=CCOCC2)[nH]1;Cc1n[nH]c(C2CCC(CNC(=O)Cc3ccccc3C)O2)n1;Cc1ccc(NC(=O)Nc2cnn(C3CCOCC3)c2)cc1C;CCc1ccccc1OCC(=O)N1CCCCC1c1nc[nH]n1;CCOc1ccc(CC(=O)NC2CCc3nnn(C)c3C2)cc1;CCc1nc(N)n(CC(=O)Nc2cccc(C)c2C)c(=O)c1C;COc1ccc(CC(=O)NC2CCc3nnn(C)c3C2)c(C)c1;C#CC(NC(=O)c1ccc(N2CCCC2)nn1)C1CCOCC1;Cc1nc(C2CCC(O)C(NC(=O)c3ccccc3)C2)n(C)n1;CC(C)Cn1cc(NC(=O)C2NCCOc3ccccc32)cn1;CCOc1ccc(NC(=O)CN2Cc3c[nH]nc3C(C)C2)cc1;CCn1cnnc1C1CCN(C(=O)COc2ccccc2)CC1;Cc1cccc(OCCC(=O)Nc2cn[nH]c2C2CCNC2)c1;CCN(c1ccccc1)C(O)Cc1nnc(C2C=COCC2)[nH]1;COc1ccc(CN(C)C(=O)C2CCc3nncn3C2)cc1C;Cc1ccc(C(=O)NCC2CCOC2c2nnc(C)[nH]2)c(C)c1;CC(C)(C)c1cc(NC(=O)CNC(=O)Cc2ccccc2)[nH]n1;CC(C)Oc1ccccc1CC(=O)NC1(c2nnc[nH]2)CCC1;CC(=O)Nc1cccc(CN2CCC(c3nc(C)no3)CC2)c1;Cc1cnn(C2C(O)CC2NC(=O)c2cc[nH]c2C2CCC2)c1;CCOC(CNC(=O)Cn1cc(C2CC2)nn1)c1ccccc1;COc1ccccc1CC(=O)N1CCCCC1c1n[nH]c(C)n1
m_982aac,Cc1c(Cl)cccc1C(=O)N1CCC(C2OCCC2C(N)=O)CC1;Cc1ccc(Cl)cc1C(=O)N1CCC(C2OCCC2C(N)=O)CC1;Cc1cc(C(=O)N2CCC(C3OCCC3C(N)=O)CC2)ccc1Cl;Cc1cc(Cl)cc(C(=O)N2CCC(C3OCCC3C(N)=O)CC2)c1;Cc1cccc(C(=O)N2CCC(C3OCCC3C(N)=O)CC2)c1Cl;Cc1cc(C(=O)N2CCC(C3=C(C(N)O)CCO3)CC2)ccc1Cl;Cc1cc(Cl)cc(C(=O)N2CCC(C3=C(C(N)O)CCO3)CC2)c1;Cc1c(Cl)cccc1C(=O)N1CCC(C2=C(C(N)O)CCO2)CC1;Cc1cc(C(=O)N2CCC(C3OCC=C3C(N)O)CC2)ccc1Cl;Cc1cc(Cl)cc(C(=O)N2CCC(C3OCC=C3C(N)O)CC2)c1;Cc1cc(C(=O)N2CCC(C3OC=CC3C(N)O)CC2)ccc1Cl;Cc1cc(Cl)cc(C(=O)N2CCC(=C3OCCC3C(N)O)CC2)c1;Cc1cc(C(=O)N2CCC(=C3OCCC3C(N)O)CC2)ccc1Cl;Cc1cc(Cl)cc(C(=O)N2CCC(C3OC=CC3C(N)O)CC2)c1;Cc1c(Cl)cccc1C(=O)N1CCC(C2OCC=C2C(N)O)CC1;Cc1c(Cl)cccc1C(=O)N1CCC(=C2OCCC2C(N)O)CC1;Cc1cc(C(=O)N2CC=C(C3OCCC3C(N)O)CC2)ccc1Cl;Cc1cc(Cl)cc(C(=O)N2CC=C(C3OCCC3C(N)O)CC2)c1;Cc1cc(C(=O)N2C=CC(C3OCCC3C(N)O)CC2)ccc1Cl;Cc1c(Cl)cccc1C(=O)N1CCC(C2OC=CC2C(N)O)CC1;Cc1cc(Cl)cc(C(=O)N2C=CC(C3OCCC3C(N)O)CC2)c1;Cc1c(Cl)cccc1C(=O)N1CC=C(C2OCCC2C(N)O)CC1;Cc1c(Cl)cccc1C(=O)N1C=CC(C2OCCC2C(N)O)CC1;CC(=O)N1CCOCC1C(=O)N(Cc1ccccc1Cl)CC1CC1;Cc1cc(C(O)N2CCC(C3=C(C(N)=O)CCO3)CC2)ccc1Cl
m_987cff,CC(C)c1nnc2n1CCN(C(=O)COC1CCCCC1)C2;CC(C)c1nnc2n1CCN(C(O)COC1=CCCCC1)C2;CC(C)c1nnc2n1CCN(C(O)COC1CC=CCC1)C2;CC(C)c1nnc2n1CCN(C(O)COC1C=CCCC1)C2;Cc1nc(C2CCCCN2C(=O)CC2(O)CCCCC2)n[nH]1;CCC1OCCCC1C(=O)N1CCN(c2cc(C)[nH]n2)CC1;CC(O)=CC(C(=O)N1CCN(c2cnn(C)c2)CC1)C(C)C;CC=CC(C(=O)N1CCN(c2cnn(C)c2)CC1)C(C)(C)O;COCCC1(C(=O)NCc2nnc3n2CCCCC3)CCC1;CC=CC(O)(C(=O)N1CCN(c2cnn(C)c2)CC1)C(C)C;CC=C(O)C(C(=O)N1CCN(c2cnn(C)c2)CC1)C(C)C;CC(C)=C(CC(C)O)C(=O)N1CCN(c2cnn(C)c2)CC1;CCCC(C(=O)N1CCN(c2cnn(C)c2)CC1)C(C)=CO;CCC(O)C(C(=O)N1CCN(c2cnn(C)c2)CC1)=C(C)C;CC(C)=C(CCCO)C(=O)N1CCN(c2cnn(C)c2)CC1;CC(C)C(=CCCO)C(=O)N1CCN(c2cnn(C)c2)CC1;CCC=C(C(=O)N1CCN(c2cnn(C)c2)CC1)C(C)(C)O;CC(O)C=C(C(=O)N1CCN(c2cnn(C)c2)CC1)C(C)C;CC(C)C(C=CCO)C(=O)N1CCN(c2cnn(C)c2)CC1;CCC=C(C(=O)N1CCN(c2cnn(C)c2)CC1)C(C)CO;CCCC(C(=O)N1CCN(c2cnn(C)c2)CC1)=C(C)CO;CC=CC(C(=O)N1CCN(c2cnn(C)c2)CC1)C(C)CO;CC(C)c1nnc2n1C=CN(C(O)COC1CCCCC1)C2;CC(C)C(CC=CO)C(=O)N1CCN(c2cnn(C)c2)CC1;Cc1cc(C)nc(NCCC(=O)NC2CCOC(C)(C)C2)n1
m_9910fd,COc1ccc(Cn2ccc(NC(=O)C3COc4ccccc43)n2)cc1;COc1ccc(Cn2cnc3c4cc(OC)ccc4n(C)c3c2=O)cc1;COc1ccc(Cn2nccc2NC(=O)C2COc3ccccc32)cc1;COc1ccc(CNC(=O)c2ccc(-c3noc(C4CC4)n3)cc2)cc1;COc1ccc(CN(C(=O)c2cc(-c3cccnc3)on2)C2CC2)cc1;COc1ccc(CNC(=O)c2ccc3c(=O)n4c(nc3c2)CCC4)cc1;COc1cccc(Cn2ccc(NC(=O)C3COc4ccccc43)n2)c1;COc1ccc(Cn2ccc(NC(O)c3coc4ccccc34)n2)cc1;COc1ccccc1Cn1ccc(NC(=O)C2COc3ccccc32)n1;COc1ccc2c(c1)c1ncn(CCc3ccc(O)cc3)c(=O)c1n2C;COc1ccc(CCn2cnc3c([nH]c4cc(OC)ccc43)c2=O)cc1;COc1ccccc1CNC(=O)c1ccc2c(=O)n3c(nc2c1)CCC3;COc1ccc(CCn2cnc3c([nH]c4ccc(OC)cc43)c2=O)cc1;Cc1cc(Cn2ccc(NC(=O)C3COc4ccccc43)n2)ccc1O;Cc1cc(O)ccc1Cn1ccc(NC(=O)C2COc3ccccc32)n1;COc1ccc2[nH]c3c(=O)n(CCc4ccccc4OC)cnc3c2c1;COc1ccc(CC(=O)Nc2ccc(-c3nc(C)cc(=O)[nH]3)cc2)cc1;COc1ccc2c(c1)OCC2C(=O)Nc1ccn(Cc2ccccc2)n1;CCc1nc2cc(-c3noc(CCc4ccccc4OC)n3)ccc2o1;O=C(NCCc1ccc(O)cc1)c1cc(-c2ccc3c(c2)CCO3)n[nH]1;COc1ccc2c(c1)C(C(=O)Nc1ccn(Cc3ccccc3)n1)CO2;COc1cccc(CS(=O)(=O)N(C)C2CCCc3c2cnn3C)c1;COc1ccc(Cn2cnc3c([nH]c4ccc(C)cc43)c2=O)cc1OC;COc1cccc(-c2noc(C3CC(=O)N(Cc4ccccc4)C3)n2)c1;Cn1nc(C(=O)NCc2ccc(OCc3ccccc3)cc2)ccc1=O
m_997dbc,CCOC(=O)C1CCN(S(=O)(=O)c2cc(Br)ccc2OC)CC1;CCOC(=O)C1CCN(S(=O)(=O)c2cc(Br)cc(OC)c2)CC1;CCOC(=O)C1CCN(S(=O)(=O)c2ccc(OC)c(Br)c2)CC1;CCOC(=O)C1CCCN(S(=O)(=O)c2ccc(Br)cc2OC)C1;CCOC(=O)C1CCCN(S(=O)(=O)c2ccc(Br)c(OC)c2)C1;CCOC(=O)C1CCN(S(=O)(=O)c2cccc(Br)c2OC)CC1;CCOC(=O)C1CCCN(S(=O)(=O)c2cc(O)c(Br)cc2C)C1;CCOC(=O)C1CCN(S(=O)(=O)c2cc(Br)cc(C)c2O)CC1;CCOC(=O)C1CCN(S(=O)(=O)c2c(O)ccc(Br)c2C)CC1;CCOC(=O)C1CCN(S(=O)(=O)c2cc(Br)c(C)cc2O)CC1;CCOC(=O)C1CCCN(S(=O)(=O)c2ccc(Br)c(O)c2C)C1;CCOC(=O)C1CCCN(S(=O)(=O)c2cc(C)c(Br)c(O)c2)C1;CCOC(O)C1=CCN(S(=O)(=O)c2cc(Br)ccc2OC)CC1;CCOC(O)C1=CCCN(S(=O)(=O)c2ccc(Br)c(OC)c2)C1;CCOC(O)C1=CN(S(=O)(=O)c2ccc(Br)c(OC)c2)CCC1;CCOC(O)C1C=CCN(S(=O)(=O)c2ccc(Br)c(OC)c2)C1;CCOC(O)C1C=CN(S(=O)(=O)c2cc(Br)ccc2OC)CC1;CCOC(O)C1CC=CN(S(=O)(=O)c2ccc(Br)c(OC)c2)C1;O=C(O)C1CCCN1c1nc(-c2ccc(Cl)c(Cl)c2)cc(C(F)(F)F)n1;CC(=Nc1c(Cl)cc([N+](=O)[O-])cc1Cl)c1c(O)n(C)c2ccccc2c1=O;COc1cccc(=O)c2c(C)n(-c3ccc(I)cc3)c(C)c12
m_99e777,CC(SCc1ccccc1)C(=O)NCCC(=O)N(C)C;CC(C)NC(=O)CNC(=O)C(C)SCc1ccccc1;CNC(=O)CCN(C)C(=O)C(C)SCc1ccccc1;CC(SCc1ccccc1)C(=O)NC=CC(O)N(C)C;CC(SCc1ccccc1)C(O)NC=CC(=O)N(C)C;CNC(=O)CCNC(=O)C(C)SCc1cccc(C)c1;CNC(=O)CCNC(=O)C(C)SCc1ccccc1C;CNC(=O)CCNC(=O)C(C)SCc1ccc(C)cc1;C1=CC2=CC=CC(c3ccccc3)=C(C2)C(c2ccccc2)=C1;CC(=O)NCCNC(=O)CSCc1cc(C)ccc1C;CSCc1cccc(CNC(=O)N2CCCC2CO)c1;CC1(CNC(=O)NC(CO)c2ccccc2)CCCS1;CSCc1cccc(CNC(=O)N2CCCC(O)C2)c1;CCSc1ccc(C(C)NC(=O)N2CCOCC2)cc1;Cc1ccc(C2CC2C(=O)NCCNC(=O)C(C)C)s1;C=CCCCCCC(Cl)C(O)CC#CC#CC(O)C=C;CSc1ccc(C(C)NC(=O)N2CCC(C)(O)C2)cc1;CSc1ccc(CNCC2(C(N)=O)CCOCC2)cc1;CC(CNC(=O)CSc1ccccc1)N1CCOCC1;CSC1CCCCC1NC(=O)c1onc2c1CCCC2;Cc1ccc(C(C)NC(=O)N2CCOC3(CCC3)C2)s1;CSc1ccc(CNC(=O)N(C)CC(O)C2CC2)cc1;Cc1cc(C)cc(CC(C)NC(=O)CSCC(N)=O)c1;CCc1ccccc1S(=O)(=O)N1CCCC2CNCC21;CC(C)SCc1cccc(NC(=O)C2COCCN2)c1
m_9b41d0,CN(C(=O)C1CCCC1)c1ccccc1S(C)(=O)=O;Cc1ccc(NC(=O)C2CCCC2)c(S(C)(=O)=O)c1;Cc1ccc(S(C)(=O)=O)c(NC(=O)C2CCCC2)c1;Cc1cccc(NC(=O)C2CCCC2)c1S(C)(=O)=O;Cc1cccc(S(C)(=O)=O)c1NC(=O)C1CCCC1;CN(c1ccccc1S(C)(=O)=O)C(O)C1CC=CC1;CN(c1ccccc1S(C)(=O)=O)C(O)C1C=CCC1;CN(c1ccccc1S(C)(=O)=O)C(O)C1=CCCC1;O=S(=O)(OCC12CCN(CC1)CC2)c1ccccc1;O=C(Cc1ccsc1)NCC1(C(=O)O)CCCCC1;Cn1ncnc1CNC(=O)NCc1cc(F)cc(F)c1;CC1CCCN(S(=O)(=O)c2ccc3c(c2)CCO3)C1;CS(=O)(=O)NC1c2ccccc2CC12CCOCC2;CSCCC(NCCC(=O)c1ccccc1)C(=O)O;Cc1ccccc1CC(=O)N(C)C1CCS(=O)(=O)C1;Cc1cc(C)c2c(c1)N(S(=O)(=O)C1(C)CC1)CCO2;Cc1ccc(S(=O)(=O)CCNC(=O)C2CC2)cc1C;CCc1ccsc1C(=O)NC1CCCCC1C(=O)O;Cc1nc(C2CC(=O)OC23CCOC(C)(C)C3)cs1;Cc1nccc(CNC(=O)c2ccn(CC(F)F)n2)n1;O=C(O)CCC1CCCCN1C(=O)Cc1ccsc1;CCOc1ccc(C(=S)N2CCOCC2)cc1OC;CC(C)(C)OC(=O)N1CC(OC(F)F)CC1C(=O)O;COC(=O)C1(NC(=O)c2sccc2C)CCCCC1;CC(c1ccc(F)c(F)c1)n1cc(CNC(N)=O)nn1
m_9b8030,CC(=O)N1CCOC2CCN(C(=O)c3cn(C(C)(C)C)nc3C)CC21;COCCN1CCC(NC(=O)N2CCC(Oc3cccnc3)C2)CC1;Cn1cc(C(=O)NC2CCN(C(=O)OCC3CCCCC3)CC2)cn1;Cc1c(C(=O)N2C(C(=O)O)CC3CCCCC32)c(N)nn1C(C)(C)C;CC(=O)N1CCCN(CC2OCC(NCc3ccccn3)C2O)CC1;CC(=O)N1CCN(C(=O)c2cc(C3CCOCC3)nn2C)C(C)(C)C1;CCOc1cccc(N2CCN(C(=O)C3CC(OC)CN3C)CC2)n1;CCn1cc(C(=O)N2CCC(CC3OCCC3C(N)=O)CC2)c(C)n1;COCC1(C(N)=O)CCCN1C(=O)c1cc(C)n(C2CCCCC2)n1;CC(=O)NC1CC2CN(CC3CC3)CC(NC(=O)C3CC3)C(=O)N2C1;CC(=O)NC1CC2CN(CC3CC3)C(CNC(=O)C3CC3)C(=O)N2C1;CC(C)C(NC(=O)N1CC2CCCC(C1)C2O)c1nc(C2CC2)no1;CCn1ncc(C(=O)N2CCC(CC3OCCC3C(N)=O)CC2)c1C;COCCN1C(=O)CC2(CCN(C(=O)C(C)(C)C)CC2)n2nccc21;COCC1(C(N)=O)CCCN1C(=O)c1cc(C2CC2)n(C(C)(C)C)n1;COCC1CC(n2cc(NC(=O)C3CC3)cn2)CN1C1CCOCC1;CC(C)N(C)c1cnn(C2CCCN(C(=O)C3(C)COC3)C2)c(=O)c1;CN1CCC(NC2COC(CNC(=O)Nc3ccccc3)C2O)CC1;CCCCC(=O)NCC1COCCN1C(=O)c1cc(C2CC2)n(C)n1;CCC(C)COCC1OC(OCC(C)C)C(OC(C)=O)C(O)C1O;O=C(C1CCNCC1)N1CCN2C(=O)N(C3CCCCC3)C(=O)C2C1;CCn1ccnc(N2CCC(NC(=O)C(C)OCC3CC3)CC2)c1=O;COC(=O)C12CCCCC1CN(C(=O)Nc1cn(C)nc1C(C)C)C2;COCc1nc(OC)cc(N2CC(NC(=O)C3CC3C)C(C)(C)C2)n1;CC(C)N(C)c1cnn(C2CCCN(C(=O)C3(O)CCC3)C2)c(=O)c1
m_9b95d4,COCC1(CO)CCN(C(=O)c2cccnc2SCc2ccc(C(N)=O)cc2)C1;NC(=O)c1ccc(CSc2ncccc2C(=O)N2CCC(O)CCC(O)C2)cc1;COCC1(C)CN(C(=O)c2cccnc2SCc2ccc(C(N)=O)cc2)CC1O;CC1(COCO)CCN(C(=O)c2cccnc2SCc2ccc(C(N)=O)cc2)C1;NC(=O)c1ccc(CSc2ncccc2C(=O)N2CC(O)CCCC(O)C2)cc1;NC(=O)c1ccc(CSc2ncccc2C(=O)N2CCCC(O)CC(O)C2)cc1;NC(=O)c1ccc(CSc2ncccc2C(=O)N2CCCC(O)C(O)CC2)cc1;NC(=O)c1ccc(CSc2ncccc2C(=O)N2CCC(O)CC(O)CC2)cc1;NC(=O)c1ccc(CSc2ncccc2C(=O)N2CCCCC(O)C(O)C2)cc1;COCC1(C)CCN(C(=O)c2cccnc2SCc2ccc(C(N)=O)cc2)C1O;NC(=O)c1ccc(CSc2ncccc2C(=O)N2CCC(O)CCCC2O)cc1;Cc1ccc(C(=O)N2CCC(CO)(CO)C2)c(SCc2ccc(C(N)=O)cc2)n1;NC(=O)c1ccc(CSc2ncccc2C(=O)N2CCCC(O)CCC2O)cc1;NC(=O)c1ccc(CSc2ncccc2C(=O)N2CCCC(O)(O)CCC2)cc1;COCC1(C)CC(O)N(C(=O)c2cccnc2SCc2ccc(C(N)=O)cc2)C1;NC(=O)c1ccc(CSc2ncccc2C(=O)N2CC(O)CCCCC2O)cc1;NC(=O)c1ccc(CSc2ncccc2C(=O)N2CCCCC(O)CC2O)cc1;COCC1(C)CCN(C(=O)c2ccc(O)nc2SCc2ccc(C(N)=O)cc2)C1;NC(=O)c1ccc(CSc2ncccc2C(=O)N2CCCCCC(O)C2O)cc1;NC(=O)c1ccc(CSc2ncccc2C(=O)N2CCCCCC(O)(O)C2)cc1;COCC1(C)CCN(C(=O)c2c(O)ccnc2SCc2ccc(C(N)=O)cc2)C1;COCC1(C)CCN(C(=O)c2cc(O)cnc2SCc2ccc(C(N)=O)cc2)C1;NC(=O)c1ccc(CSc2ncccc2C(=O)N2C(O)CCCCCC2O)cc1;NC(=O)c1ccc(CSc2ncccc2C(=O)N2CCCCC(O)(O)CC2)cc1;COC(O)C1(C)CCN(C(=O)c2cccnc2SCc2ccc(C(N)=O)cc2)C1
m_9c4788,COc1ccc(S(=O)(=O)Nc2ccc(C)c(O)c2)cc1OC;COc1cc(NS(=O)(=O)c2ccc(OC)c(O)c2)ccc1C;COc1cc(NS(=O)(=O)c2ccc(O)c(OC)c2)ccc1C;COc1cccc(S(=O)(=O)Nc2ccc(C)c(O)c2)c1OC;COc1ccc(S(=O)(=O)Nc2cc(C)c(C)c(O)c2)cc1O;COc1cc(OC)cc(S(=O)(=O)Nc2ccc(C)c(O)c2)c1;COc1ccc(S(=O)(=O)Nc2ccc(C)cc2O)cc1OC;COc1cc(S(=O)(=O)Nc2cc(C)c(C)c(O)c2)ccc1O;COc1cc(S(=O)(=O)Nc2ccc(C)c(O)c2)cc(C)c1O;COc1ccc(S(=O)(=O)Nc2ccc(C)c(O)c2C)cc1O;COc1ccc(OC)c(S(=O)(=O)Nc2ccc(C)c(O)c2)c1;COc1ccc(S(=O)(=O)Nc2ccc(C)c(O)c2)c(OC)c1;COc1cc(S(=O)(=O)Nc2ccc(C)c(O)c2)c(C)cc1O;COc1ccc(S(=O)(=O)Nc2ccc(CO)cc2)cc1OC;COc1cc(S(=O)(=O)N(C)c2ccc(C)c(O)c2)ccc1O;COc1ccc(S(=O)(=O)N(C)c2ccc(C)c(O)c2)cc1O;COc1cc(S(=O)(=O)Nc2ccc(C)c(O)c2C)ccc1O;COc1ccc(S(=O)(=O)Nc2ccc(C)c(O)c2)c(C)c1O;COc1c(C)cc(S(=O)(=O)Nc2ccc(C)c(O)c2)cc1O;COc1c(O)ccc(S(=O)(=O)Nc2ccc(C)c(O)c2)c1C;COc1cc(C)c(S(=O)(=O)Nc2ccc(C)c(O)c2)cc1O;COc1ccc(S(=O)(=O)Nc2cc(O)c(C)cc2C)cc1O;COc1cc(S(=O)(=O)Nc2ccccc2O)c(OC)cc1C;COc1cc(S(=O)(=O)Nc2cc(O)c(C)cc2C)ccc1O;COc1cccc(S(=O)(=O)Nc2cc(O)c(C)c(OC)c2)c1
m_9dc5c4,Cc1nn(C)c2ncc(S(=O)(=O)NC(C)c3cccc(F)c3)cc12;Cc1nn(C)c2ncc(S(=O)(=O)NC(C)c3ccc(F)cc3)cc12;COc1ccc(NN=C(C#N)c2nc(-c3ccc(C)cc3)cs2)cc1;OCC1OC(OC2OC=CC3(O)C(O)C4OC4C23)C(O)C(O)C1O;O=C(Nc1ccccc1NCc1cn2ccccc2n1)c1cccs1;CC(=O)OCC1OC(OC(C)=O)C(O)C(OC(C)=O)C1OC(C)=O;CC(=O)OC1C(C(C)=O)OC(CO)(OC(C)=O)C(O)C1OC(C)=O;CC(C)S(=O)(=O)C1(C)CCC2C1C1C(=O)CCC2(C)S1(=O)=O;CC(=O)OCC1OC(OC(C)=O)C(OC(C)=O)C(O)C1OC(C)=O;COc1ccc(-c2csc(C(C#N)=NNc3ccc(C)cc3)n2)cc1;CC(=O)OC1OC(CO)C(OC(C)=O)C(OC(C)=O)C1OC(C)=O;CC(=O)OCC1OC(O)C(OC(C)=O)C(OC(C)=O)C1OC(C)=O;CC(OC1OC(CO)C(O)C(O)C1O)=C(C=CC(=O)O)CC(=O)O;CN(Cc1cn2c(n1)CCCC2)S(=O)(=O)c1ccc(C#N)cc1F;FC(F)(F)c1nc2ccccc2n1CCNc1ccc2nnnn2n1;Cc1cnn(CC(=O)Nc2nc(-c3ccc4ccccc4c3)cs2)c1;CC(=O)c1ccc(Nc2nc(-c3c(C)nc4ccccn34)cs2)cc1;O=C(O)C1=CC(=CC=NC(Cc2cnc[nH]2)C(=O)O)CC(C(=O)O)N1;Cn1cc(C2CCCN2S(=O)(=O)Cc2cc(C#N)ccc2F)cn1;Cc1nc(C)c(C(=O)N2CCCCC(c3ccc(Cl)cc3)C2)s1;CNCC1CCN(C(=O)c2cc(C)c(-c3cccc(Cl)c3)s2)C1;Cc1cc(C(=O)NC(=O)CC(NC(=O)c2ccco2)C(=O)O)nn1C;CCc1nnsc1C(=O)NC1CCCN(c2ccccc2F)C1=O;COC(=O)c1cn(C2COC3C(NC(=O)c4ccco4)COC32)nn1;CCCC(NCc1c(COP(=O)(O)O)cnc(C)c1O)C(=O)O
m_9e99f7,Cn1cc(S(=O)(=O)NCC(=O)NC2CCN(CC3CCCC3)CC2)cn1;Cn1cc(S(=O)(=O)NCC(O)NC2CCN(CC3CC=CC3)CC2)cn1;Cn1cc(S(=O)(=O)NCC(O)NC2CCN(CC3C=CCC3)CC2)cn1;Cn1cc(S(=O)(=O)NCC(O)NC2CCN(CC3=CCCC3)CC2)cn1;Cn1cc(S(=O)(=O)NCC(O)NC2=CCN(CC3CCCC3)CC2)cn1;Cn1cc(S(=O)(=O)NCC(O)NC2C=CN(CC3CCCC3)CC2)cn1;Cn1cc(S(=O)(=O)NCC(O)NC2CCN(C=C3CCCC3)CC2)cn1;CC1=CC(C)(C)N2C(=O)C3(NCCc4c3[nH]c3ccccc43)c3cc(C)cc1c32;CCCn1cc(NC(=O)N2CCCC(S(=O)(=O)NC3CCCC3)C2)cn1;OC(CNCCc1c[nH]c2ccccc12)Cn1c2ccccc2c2ccccc21;CCn1nccc1N1CCCC(NS(=O)(=O)N2CC(C)CC(C)C2)C1=O;CC(C)N1CCCN(C(=O)C2c3cnn(C)c3CCN2S(C)(=O)=O)CC1;O=C1Cn2c(nc3cc([N+](=O)[O-])ccc32)CN1CC1CCCN2CCCCC12;CC(CC(=O)NCc1ccc(Cn2cnc3ccccc32)cc1)c1ccccc1;O=C(NC1COC2C1OCC2n1cc(-c2ccccn2)nn1)C1CCCCC1;Cc1cc(CN2C(=O)CC3(CCN(C(=O)C4CCC4)CC3)n3nccc32)no1;COc1ccccc1NC(=O)N1CCC2(CC1)CC(=O)N(C)c1cc(C)nn12;COCC(=O)N1CCC2(CC1)CC(=O)N(Cc1ccncc1)c1cc(C)nn12;COc1cccc(NC(=O)N2CCC3(CC2)CC(=O)N(C)c2cc(C)nn23)c1;O=C(NCc1noc(C2CCC(=O)N2Cc2ccccc2)n1)NC1CCCC1;COc1ccc(NC(=O)N2CCC3(CC2)CC(=O)N(C)c2cc(C)nn23)cc1;COCCN1C(=O)CC2(CCN(C(=O)Nc3ccccc3)CC2)n2nccc21;C#CCNC(=O)CCC1CNC(=O)C2CC(NC(=O)Nc3ccccc3)CN12;Cc1nn(C(C)C)c(C)c1NC(=O)CCC1NC(=O)c2ccccc2NC1=O;O=C(C1CCCN(c2cnc3nccnc3c2)C1)N1CCC2(CC1)OCCO2
m_9f1fb6,CC(C)CCN1CCC(CNC(=O)NCCO)CC1;CC(C)CCN1CCC(CNC(=O)NC(C)O)CC1;CCNC(=O)NCC1CCN(CCC(C)(C)O)CC1;CCNC(=O)N1CCC(CN(CCO)C(C)C)CC1;CCNC(=O)NCC1CCN(CCC(C)CO)CC1;CCNC(=O)NCC1CCN(CC(O)C(C)C)CC1;CCNC(=O)NCC1(O)CCN(CCC(C)C)CC1;CCNC(=O)NCC1CCN(C(O)CC(C)C)CC1;CCC(O)CN(C)CC1CCN(CC(=O)NC)CC1;CCNC(=O)NC(O)C1CCN(CCC(C)C)CC1;CCNC(=O)NCC1CCN(CCC(C)C)CC1O;CCC1CN(CCC(=O)N(C)C)CCN1CCOC;CC(C)=CCN1CCC(CNC(O)NCCO)CC1;CC(C)N(C)CC(=O)N1CCN(CC(C)(C)O)CC1;CC(C)CCN1CCC(CNC(O)NC=CO)CC1;CCN(CCNC(=O)N1CC(C)OC(C)C1)C(C)C;CCNC(=O)NCC1CCN(CCC(C)C)C(O)C1;CC(C)CCN1CCC(=CNC(O)NCCO)CC1;CC(C)C=CN1CCC(CNC(O)NCCO)CC1;CC(C)CCN1CC=C(CNC(O)NCCO)CC1;CC(C)CCN1C=CC(CNC(O)NCCO)CC1
m_9fcc62,O=C(Nc1cncnc1N1CCCC1)C1CC=CC1;O=C(CC1C=CC1)Nc1cncnc1N1CCCC1;O=C(CC1=CCC1)Nc1cncnc1N1CCCC1;O=C(Nc1cncnc1N1CCCC1)C1C=CCC1;O=C(C=C1CCC1)Nc1cncnc1N1CCCC1;O=C(Nc1cncnc1N1CCCC1)C1=CCCC1;O=C(Nc1cncnc1N1CC=CC1)C1CCCC1;O=C(Nc1cncnc1N1C=CCC1)C1CCCC1;O=C(CC1CCC1)Nc1cncnc1N1CC=CC1;OC(Nc1cncnc1N1CCCC1)C1C=C=CC1;O=C(CC1CCC1)Nc1cncnc1N1C=CCC1;OC(Nc1cncnc1N1CCCC1)C1=CC=CC1;CC(C)Oc1ccc(Cc2cnc(N)nc2N)cc1;N#Cc1cnc(NC2CCOC3(CCCC3)C2)cn1;Cc1nn(C)c2ncc(NC(=O)C3CC3(C)C)cc12;OC(Nc1cncnc1N1CC=CC1)C1CC=CC1;OC(Nc1cncnc1N1C=CCC1)C1CC=CC1;Cc1cc(N2CCCC2c2cc(C)on2)nc(C)n1;Cc1cc(C)c(CNc2ncc(C)c(C)n2)c(=O)[nH]1;CNC(=O)c1ccc(N2CC3CC=CCC3C2)nn1;Cc1nc(N2CCC3(CCOC3)C2)c2cc[nH]c2n1;CCCCc1cc(NC(=O)c2cncc(C)c2)[nH]n1;Cc1nc(N2CCC3(CCO3)CC2)c2cc[nH]c2n1;COc1cncc(CN2CCCC2c2ncc[nH]2)c1;CN(C)c1ccc(-c2nnc(C3CCNC3)o2)cc1
m_a06450,CC(C)C(=O)NC(Cc1c[nH]c2ccccc12)C(=O)NC1CCCC1CCO;CCC1CC(O)CC1NC(=O)C(Cc1c[nH]c2ccccc12)NC(=O)C(C)C;CCC1CCC(O)C1NC(=O)C(Cc1c[nH]c2ccccc12)NC(=O)C(C)C;CCC1(O)CCCC1NC(=O)C(Cc1c[nH]c2ccccc12)NC(=O)C(C)C;CC(C)C(=O)NC(Cc1c[nH]c2ccccc12)C(=O)NC1CCCC1C(C)O;CCC1C(O)CCC1NC(=O)C(Cc1c[nH]c2ccccc12)NC(=O)C(C)C;CCC1CCCC1(O)NC(=O)C(Cc1c[nH]c2ccccc12)NC(=O)C(C)C;CC(=O)NC(Cc1c[nH]c2ccccc12)C(=O)N(C)C(C)CCC1CCCO1;CCC1CCCC1NC(=O)C(Cc1c[nH]c2ccccc12)NC(=O)C(C)CO;CC(=O)CCCC(=O)NCCCCNC(=O)CCCc1c[nH]c2ccccc12;CCC1CCCC1NC(=O)C(Cc1c[nH]c2ccccc12)NC(=O)C(C)(C)O;CC(=O)N(C)C(Cc1c[nH]c2ccccc12)C(=O)NC(C)CCC1CCCO1;CC(C)C(=O)NC(Cc1c[nH]c2ccccc12)C(O)NC1CCC=C1CCO;CC(C)C(=O)NC(Cc1c[nH]c2ccccc12)C(O)NC1=C(CCO)CCC1;CC(=O)NC(Cc1c[nH]c2ccc(C)cc12)C(=O)NC(C)CCC1CCCO1;CCC1CCCC1NC(=O)C(NC(=O)C(C)C)C(O)c1c[nH]c2ccccc12;CC(C)C(O)NC(=Cc1c[nH]c2ccccc12)C(=O)NC1CCCC1CCO;CCC1CCCC1NC(=O)C(O)(Cc1c[nH]c2ccccc12)NC(=O)C(C)C;CC(C)C(=O)NC(Cc1c[nH]c2ccccc12)C(O)NC1=CCCC1CCO;CC(=O)NC(Cc1c[nH]c2cccc(C)c12)C(=O)NC(C)CCC1CCCO1;CCC(C)C(=O)C(=O)N(C)C(C(=O)NCCc1c[nH]c2ccccc12)C(C)C;CC(C)C(O)NC(Cc1c[nH]c2ccccc12)C(=O)NC1CCC=C1CCO;CC(=O)NC(Cc1c[nH]c2cc(C)ccc12)C(=O)NC(C)CCC1CCCO1;CC(=O)NC(Cc1c(C)[nH]c2ccccc12)C(=O)NC(C)CCC1CCCO1;CC(C)C(=O)NC(Cc1c[nH]c2ccccc12)C(O)NC1CCCC1=CCO
m_a0edff,COc1ccc(CNC(=O)N2CCN3CCC2CC3)c(OC)c1;COCCN1CC2CN(Cc3cccc(OC)c3)CCN2C1=O;COc1ccccc1CN1CCN(C(=O)C2COCCN2)CC1;COc1ccccc1CNC(=O)NCCC(=O)NC1CCCC1;COc1cccc(CC(NC(C)=O)C(=O)N2CCCC(N)C2)c1;CNC(=O)NC(=O)CN1CCCC(Cc2ccccc2OC)C1;COc1ccccc1CC1CCCN(C(C)C(=O)NC(N)=O)C1;CCNC(=O)C1CCCN1C(C(=O)NC)c1ccc(OC)cc1;O=C(NCC1OCC(NC2CCNCC2)C1O)c1ccccc1;NC(=O)C1(N2CCN(Cc3ccc(CO)cc3)CC2)CCOC1;CCNC(=O)C1CCCN1C(C(=O)NC)c1ccccc1OC;COc1cccc(CC2CCN(C(=O)CCNC(N)=O)CC2)c1;COCCN1C(=O)NC2CN(Cc3ccc(CO)cc3)CCC21;CCCOc1ccc(CNC(=O)C2CCCN2C(N)=O)c(C)c1;CC(NC(=O)N1CCC(N2CCOCC2)C1)c1cccc(O)c1;COc1ccc(CCNC(=O)C(C)N2CCC(C(N)=O)C2)cc1;COc1ccc(C2CCCCCN2CCC(=O)NC(N)=O)cc1;CCOc1ccccc1CCNC(=O)N1CCCNC(=O)C1C;COc1ccc(CCNC(=O)CN2CCC(C(N)=O)CC2)cc1;CN1CCN(CC2OCC(NC(=O)c3ccccc3)C2O)CC1;COc1cc(CN2CCN(C(=O)C3CCCO3)CC2)ccc1N;Cc1cccc(OCCC(=O)N2CCCN(C(N)=O)CC2)c1C;CCN1CCCC1CNC(=O)c1c(O)c2c([nH]c1=O)CCCC2;CC(Oc1cccc(C(C)C)c1)C(=O)NC1CCN(C(N)=O)C1;COc1cc(N)ccc1CN1CCN(C(=O)C2CCCO2)CC1
m_a12514,Cc1ccc(C2CCCN2C(=O)C2CCCC(=O)N2)cc1;CC(NC(=O)C1CC(=O)N(C)C1)c1ccc2c(c1)CCC2;O=C1CCC(C(=O)N2CCCC2Cc2ccccc2)CN1;Cc1ccc(C2CCCN2C(=O)C2CC=CC(O)N2)cc1;Cc1ccc(C2CCCN2C(=O)C2=CCCC(O)N2)cc1;CN1CC(C(=O)N2CCC(Cc3ccccc3)C2)CC1=O;Cc1ccc(C2CCCN2C(=O)C2C=CCC(O)N2)cc1;O=C1CCCCC(C(=O)N2CCC2Cc2ccccc2)N1;CN1C(=O)CCCC1C(=O)N1CCCc2ccccc2C1;Cc1ccc(C2CC=CN2C(O)C2CCCC(=O)N2)cc1;Cc1cc(C)cc(CC(C)N2C(=O)NC3(CCC3)C2=O)c1;Cc1cc2oc(=O)cc(CN3CCN(C)CC3)c2cc1C;CCCC=CC=C(C)C=CC(=O)NC1=CC(=O)C2CCN12;Cc1cc(C)c(CC(=O)NCc2c(C)noc2C)c(C)c1;Cc1ccc(C2CCCN2C(O)C2CC=CC(=O)N2)cc1;CC1(CNC(=O)c2cccc3c2CCCC3)CCC(=O)N1;Cc1cccc(N2CC(C(=O)N3CCCC3)CC2=O)c1C;CC(C)C(CNC(=O)Cc1ccon1)Cc1ccccc1;CC(=O)OCCC#CCN1CCCCC1c1cccnc1;Cc1ccc(C2C=CCN2C(O)C2CCCC(=O)N2)cc1;CC1(NC(=O)CN2CCCCC2=O)Cc2ccccc2C1;Cc1ccc(C2CCCN2C(O)C2C=CCC(=O)N2)cc1;Cc1ccc(C2CCCN2C(O)C2=CCCC(=O)N2)cc1;Cc1ccc(C2=CCCN2C(O)C2CCCC(=O)N2)cc1;O=C(NCC1CC=CCC1)NC1c2ccccc2CC1O
m_a3c949,N#Cc1cc(F)ccc1CN1CCCC(c2noc(C3CC3)n2)C1;Cc1nnc(C2CC23CCN(Cc2cc(C#N)ccc2F)CC3)o1;O=C(O)CCCCCCCc1ccc(CCCCC(=O)O)s1;Cc1nn(C)cc1C1CCCN1C(=O)c1cc2cc(F)ccc2[nH]1;CCOC(=O)C(OCC)c1ccc(O[Si](C)(C)C)c(OC)c1;CN1C(=O)CCC(C(=O)N2CCC(F)(F)C2)C1c1nccn1C;CN1C(=O)CCC(C(=O)N2CCC(F)(F)C2)C1c1ccnn1C;CCn1ncc2c1CCCC2NC(=O)c1cc2cc(F)ccc2[nH]1;Cc1c(C2C(C(=O)N3CCC(F)(F)C3)CC(=O)N2C)cnn1C;COc1ccc(C)cc1CS(=O)(=O)CC1(O)CCC(C)CC1;CC1CN(Cc2ccc(F)cc2)CCN1C(=O)c1cc(C#N)c[nH]1;COC(CCO)C(OC1OC(CO)C(O)C(O)C1O)C(C)O;CC(=NNc1ccccc1)c1nc2c(ccc3ccccc32)nc1C;O=C(c1ccc(N2CCCC2)nn1)N1CCCc2ccc(F)cc21;O=C(NCCc1c[nH]c2ccc(F)cc12)C1CCc2cn[nH]c2C1;CN1CCC2CN(C(=O)Nc3cccnc3OCC(F)F)CC21;C=CC1CN2CCC1CC2CNC(=S)Nc1ccc(C#N)cc1;COc1cc(CNC2CCN(c3ncccc3F)C2)ccc1C#N;O=C(Cc1c[nH]c2cc(F)ccc12)NCc1[nH]nc2c1CCCC2;CCn1c(NCc2ccc(C(=O)NC)cc2)nc2cc(F)ccc21;Nc1ccc(C2CCCN2C(=O)C2(c3ccccc3F)CC2)nn1;OCC1(Cc2ccc(F)cc2)CCN(c2ncnc3[nH]ccc23)C1;CCc1c[nH]c2ncnc(N3CCOC(c4ccccc4F)C3)c12;CC(C)(C)c1cn2nc(C(=O)NCc3ccccc3F)ccc2n1;Cc1cc(F)ccc1C(C)n1cc(CC(O)c2ccccn2)nn1
m_a5509a,CCn1nccc1C1OCCC1CNC(=O)c1ncoc1C;CCn1nccc1C1OCCC1CNC(=O)c1cc(C)no1;Cc1ocnc1C(=O)NCC1CCCOC1c1cnn(C)c1;Cc1nn(C)c(C)c1C1OCCC1NC(=O)c1ncoc1C;COC1CC(c2nc(C)c(C)[nH]2)N(C(=O)c2ocnc2C)C1;Cc1nn(C)c(C)c1C1OCCC1C(=O)Nc1cnoc1C;CCc1nnc(CC2CCC(NC(=O)c3ocnc3C)C2)o1;CCc1nnc(CC2CCC(NC(=O)c3ncoc3C)C2)o1;CCc1nnc(C2CCCN(C(=O)c3ncoc3C)C2C)o1;Cc1c(C2N3CC4(C)CN2CC(C)(C3)C4=O)[nH]c(=O)[nH]c1=O;Cc1noc(C)c1NC(=O)C1CCCOC1c1cnn(C)c1;CCn1cc(OC2CCCC2NC(=O)c2ocnc2C)cn1;CN(Cc1ccon1)C(=O)C1CCCOC1c1nccn1C;CN1C(=O)C(CCl)N(C(=O)OC(C)(C)C)C1C(C)(C)C;Cc1cc(CNC(=O)c2c3c(nn2C)C(C)OC(C)C3)on1;COCc1nocc1C(=O)N1CCC(c2c[nH]nc2C)CC1;O=C(C1CCCOC1c1cn[nH]c1)N1CC(=O)N(C2CC2)C1;COCC(=O)N1CCN2C(=O)N(Cc3ccccn3)CC2C1;CCNC(=O)N1CC2OCC(=O)N(Cc3ccccn3)C2C1;COCC(=O)N1CCN2C(=O)N(Cc3cccnc3)CC2C1;CCc1ocnc1C(=O)N1CCCC(c2nnc(C)o2)C1C;CCNC(=O)N1CC2OCC(=O)N(Cc3cccnc3)C2C1;Cc1cc(N2CCN(C(=O)C3CC3C(=O)O)CC2)nc(C)n1;Cc1ccn(C)c1C(=O)NCc1nnc(C2CCCOC2)o1;COCC1(C(N)=O)CCCN1C(=O)c1cnc(C2CC2)nc1
m_a5bb0e,Cn1cc(CC(=O)N2CCOC(c3nnn[nH]3)C2)c2ccccc21;Cn1cc(CC(O)N2C=COC(c3nnn[nH]3)C2)c2ccccc21;Cn1cc(CC(O)N2C=C(c3nnn[nH]3)OCC2)c2ccccc21;COC1CN(C(=O)c2cnn3ccccc23)CC1c1cn(C)nn1;Cn1nncc1C(=O)NC1CC(=O)N(C2CC2)C1c1cccnc1;Cc1noc(C2COCCN2C2CN(c3cccnc3C#N)C2)n1;CC(=O)N1CCCC1c1noc(Cn2ncc3cc(C)cnc32)n1;Cc1noc(C2COCCN2C2CN(c3ccncc3C#N)C2)n1;COC1CN(C(=O)Cn2ncc3ccccc32)CC1c1c[nH]nn1;CCN1CC(c2noc(Cn3ncc4cc(C)cnc43)n2)CC1=O;COCCn1cc(NC(=O)Nc2ccn(-c3ccccc3)n2)cn1;c1ccc(-c2nnc(CN3CCOC(Cn4ccnn4)C3)o2)cc1;Cc1n[nH]c(C)c1C1COCCN1C(=O)c1ccc2[nH]nnc2c1;COC1CN(C(=O)Cn2cc3ccccc3n2)CC1c1c[nH]nn1;CCCCCCSc1cc(C(N)=O)cc(SCCCC)n1;COC(c1ccccc1F)C(C)NC(=O)N(C)C1CCSC1;CCOC(=O)Nc1nc(N)c2c(n1)NCCC(c1ccccc1)=N2;OC1(Cn2ccnn2)CCN(Cc2nc(-c3ccccc3)no2)C1;Cc1cc(C)n2ncc(-c3noc(C4CCCC(=O)N4C)n3)c2n1;CSCc1cc(C(=O)N(C)CCN2CCOCC2)ccc1F;O=C(Nc1cnn(-c2ncccn2)c1)C1CCCN1C(=O)C1CC1;COC1CN(C(=O)c2cc(C)cc3c[nH]nc23)CC1c1c[nH]nn1;CN(Cc1cnn(C)c1)C(=O)CCc1nc(-c2ccccn2)no1;CCCc1noc2ncc(C(=O)N3CCn4c(C)nnc4C3)cc12;CCc1n[nH]c(C2CN(C(=O)c3ccc(C#N)c(C)n3)CCO2)n1
m_a5d8e5,CCc1nc(C)cc(NCC2CCC(=O)N(CC)C2c2cnn(C)c2)n1;CN(C)c1ccncc1CNCC1CCC(=O)N(C)C1c1nccn1C;CCc1nc(C)cc(NCC2C=CC(O)N(CC)C2c2cnn(C)c2)n1;CCc1nc(C)cc(NCC2=C(c3cnn(C)c3)N(CC)C(O)CC2)n1;CCN1C(=O)CC(CNCc2cnccc2N(C)C)C1c1nccn1C;Cc1nn(C)c(C)c1C1C(NCc2ccnc(N(C)C)c2)CC(=O)N1C;CC(C)N(C)c1ccc(CNC2CCC(=O)NC2c2cnn(C)c2)cn1;CC(C)Cn1ncc(C(=O)NC2CCN(c3cnn(C)c3)C2)c1C1CC1;CC(C)N(C)c1ccc(CNCC2CCn3ncc(C(N)=O)c3C2)cn1;c1cc(C2OCCC2NCc2nnc3n2CCCCC3)n(CC2CC2)n1;CN(C)c1ccnc(C(=O)NCC2CCCN(C)C2c2ccnn2C)c1;CCc1nc(C)cc(NCC2=CCC(O)N(CC)C2c2cnn(C)c2)n1;CN1CCCC(CNC(=O)c2cnn(C)c2C2CC2)C1c1cncn1C;CN(C)c1ccnc(C(=O)NCC2CCCN(C)C2c2cncn2C)c1;CC(CCn1cccn1)NC1CCC(=O)N(C2CC2)C1c1nccn1C;Cc1nc(C)c(C(=O)NCC2CCCN(C)C2c2ccnn2C)nc1C;Cc1n[nH]cc1C1CCN(c2cc(N3CCCCC3CO)ncn2)CC1;CN1CCCC(CNC(=O)c2cnn3c2CCCC3)C1c1ccnn1C;CN1CCCC(CNC(=O)c2[nH]nc3c2CCCC3)C1c1ccnn1C;CN1C(=O)CCC(NCc2ccnn2C2CCCC2)C1c1nccn1C;CCCCCC=CCC=CCC=CCC=CCCCC(=O)C(F)(F)F;CN1CCCC(CNC(=O)c2cnn3c2CCCC3)C1c1cncn1C;CN(CC1CCCN(C)C1c1ccnn1C)C(=O)c1cc(C2CC2)[nH]n1;CCc1nc(C)cc(NC=C2CCC(O)N(CC)C2c2cnn(C)c2)n1;CCN1CCCC(CN(C)C(=O)c2cnc(C)cn2)C1c1cnn(C)c1
m_a87b11,COc1ccccc1CN1CCOCC1c1nc(C)no1;NC(=O)CN1C(=O)COC2CN(Cc3ccccc3)CC21;COc1ccc(CC2NC(=O)C3C(N)CCN3C2=O)cc1;Cc1cc(CNC(=O)NC(CO)Cc2ccccc2)on1;COc1cc(C(=O)NCCc2cc[nH]n2)cc(OC)c1C;CCCC(=O)NC(c1noc(C)n1)c1ccccc1OC;COc1ccc(CNC(Cc2cncn2C)C(=O)O)cc1;Cc1cc(Cc2c(O)nc(=N)[nH]c2O)ccc1OC(C)C;COc1cc(C)c(OCc2nnc3n2CCOC3)c(C)c1;Cc1ocnc1CNC(=O)NC(CO)Cc1ccccc1;COC(C)(C)c1nc(CC(=O)Nc2ccc(C)cc2)no1;Cc1noc(C)c1CNC(=O)NC(CO)c1ccccc1;Cc1cc(NC(=O)NC(CCCO)c2ccccc2)on1;Cc1cc(NC(=O)NC(C)CCc2ccc(O)cc2)on1;Cc1ccc(C(O)N(CCO)Cc2ccccc2O)nn1;COc1ccc(C#N)cc1CN1CCCC(O)(C(N)=O)C1;CN1CC2CN(Cc3ccc(C(=O)O)cc3)CCN2C1=O;CCn1cc(OCC(=O)Nc2cc(C)ccc2OC)cn1;O=C(NC1C2CCC(C2)C1C(=O)O)c1cnn(C2CC2)c1;COC(=O)C1C2CCC(C2)C1NC(=O)c1cnc(C)cn1;COc1ccc(CNC(=O)c2cnn(C)c2C)cc1OC;CCCNC(=O)CCc1nc(-c2cccc(OC)c2)no1;COc1ccc(CN2CCOC(C)C2C(N)=O)cc1C#N;CCC(C)(CCO)NC(=O)C(=O)Nc1ccc(C#N)cc1;COc1cc(C(=O)N(C)c2cnn(C)c2)cc(OC)c1C
m_a94f72,CC(CC(=O)O)NC(=O)c1ccnn1CC1CCC1;CC(CNC(=O)c1ccnn1C1CCCC1)C(=O)O;CCOC(=O)C1(NC(=O)c2cc[nH]n2)CCCCC1;CN(CCC(=O)O)C(=O)c1ccn(C2CCCC2)n1;COC(=O)C1CCCCCC1NC(=O)c1cc[nH]n1;CCN(C(=O)c1cnn(CC2CC2)c1)C(C)C(=O)O;CC(C)(C)n1cc(C(=O)N2CCCC2C(=O)O)cn1;CC(=CNC(=O)c1ccnn1C1CCCC1)C(O)O;CC(=CC(O)O)NC(=O)c1ccnn1CC1CCC1;CC(C)NC(=O)c1cc(C(=O)O)nn1CC1CCC1;CC(CNC(=O)c1ccnn1C1CC=CC1)C(O)O;CCCNC(=O)c1cc(C(=O)O)nn1C1CCCC1;CCCNC(=O)c1c(C(=O)O)cnn1C1CCCC1;CC(CC(O)O)NC(=O)c1ccnn1CC1C=CC1;CC(C)NC(=O)c1c(C(=O)O)cnn1CC1CCC1;CC(CC(O)O)NC(=O)c1ccnn1CC1=CCC1;CC(CNC(=O)c1ccnn1C1C=CCC1)C(O)O;CC(CC(O)O)NC(=O)c1ccnn1C=C1CCC1;COc1cnc(C(=O)NCC2CCCCC2O)nc1;CCC(CC)(CC(=O)O)NC(=O)c1ccc(C)nn1;CC(=CC(=O)O)NC(O)c1ccnn1CC1CCC1;COC(=O)c1cc(NC(=O)C2CC(C)(C)C2)n(C)n1;CC(=CNC(O)c1ccnn1C1CCCC1)C(=O)O;ON=C(O)CCCCCCC(O)=Nc1cccnc1;CC(CC(=O)O)NC(O)c1ccnn1CC1C=CC1
m_a98076,CN(CC1(O)CCN(Cc2ccccc2)C1)C(=O)c1c[nH]c(C#N)c1;CN(CC1(O)CCN(Cc2ccccc2)C1)C(=O)c1cc(C#N)c[nH]1;CN(CC1CN(Cc2ccccc2)CC1O)C(=O)c1c[nH]c(C#N)c1;N#Cc1c[nH]c(C(=O)NC2CN(Cc3ccccc3)CCC2CO)c1;CN(CC1CN(Cc2ccccc2)CC1O)C(=O)c1cc(C#N)c[nH]1;CN(CC1CCN(Cc2ccccc2)C1O)C(=O)c1c[nH]c(C#N)c1;COC1(CNC(=O)c2c[nH]c(C#N)c2)CCN(Cc2ccccc2)C1;COC1(CNC(=O)c2cc(C#N)c[nH]2)CCN(Cc2ccccc2)C1;CN(CC1CCN(Cc2ccccc2)C1O)C(=O)c1cc(C#N)c[nH]1;CN(CC1CC(O)N(Cc2ccccc2)C1)C(=O)c1c[nH]c(C#N)c1;CN(C(=O)c1c[nH]c(C#N)c1)C(O)C1CCN(Cc2ccccc2)C1;CN(C(=O)c1cc(C#N)c[nH]1)C(O)C1CCN(Cc2ccccc2)C1;CN(CC1CC(O)N(Cc2ccccc2)C1)C(=O)c1cc(C#N)c[nH]1;N#Cc1cc(C(=O)N(CO)CC2CCN(Cc3ccccc3)C2)c[nH]1;N#Cc1c[nH]c(C(=O)N(CO)CC2CCN(Cc3ccccc3)C2)c1;Cc1c(C(=O)NCC2(O)CCN(Cc3ccccc3)C2)c[nH]c1C#N;CN(CC1CCN(Cc2ccccc2)C1)C(=O)c1c[nH]c(C#N)c1O;CN(CC1CCN(Cc2ccccc2)C1)C(=O)c1[nH]cc(C#N)c1O;CN(CC1CCN(Cc2ccccc2)C1)C(=O)c1cc(C#N)[nH]c1O;CN(CC1CCN(Cc2ccccc2)C1)C(=O)c1cc(C#N)c(O)[nH]1;Cc1[nH]c(C#N)cc1C(=O)NCC1(O)CCN(Cc2ccccc2)C1;Cc1ccc(CN2CCC(O)(CNC(=O)c3c[nH]c(C#N)c3)C2)cc1;Cc1c(C#N)c[nH]c1C(=O)NCC1(O)CCN(Cc2ccccc2)C1;Cc1[nH]c(C(=O)NCC2(O)CCN(Cc3ccccc3)C2)cc1C#N;Cc1ccc(CN2CCC(O)(CNC(=O)c3cc(C#N)c[nH]3)C2)cc1
m_aa5754,C=C(C)CN(C)C(=O)NCc1cc(C(=O)OC)c(C)o1;COC(=O)c1cc(CNC(=O)N(C)C=C(C)C)oc1C;C=C(C)CNC(=O)N(C)Cc1cc(C(=O)OC)c(C)o1;C=C(C)CN(C)C(=O)NCc1oc(C)c(C(=O)O)c1C;C=C(C)CN(C)C(=O)N(C)Cc1cc(C(=O)O)c(C)o1;COc1cccc(OCC(=O)NCC(C)(C)C(N)=O)c1;CC(C)NCC(O)COc1ccc(C(=O)C(N)=O)cc1;C=C(C)CNC(=O)NCc1oc(C)c(C(=O)OC)c1C;CCC(C)C(NC(=O)Nc1ccc(OC)cc1)C(=O)O;COc1cccc(NC(=O)NC(CC(C)C)C(=O)O)c1;COc1cccc(C(=O)N2CCOC(CN)C2)c1OC;COC(=O)c1c(C)oc(CN(C)C(=O)C2(C)CC2)c1N;COCC1CN(C(=O)c2ccc(O)nc2)CC(C)(C)O1;COCC1CCC1NC(=O)CNC(=O)c1ccoc1C;COCC1CN(C(=O)c2cc[nH]c(=O)c2)CC(C)(C)O1;Cc1cc(CCC(=O)N2CCC(CC(=O)O)CC2)no1;CN1OC2(CCN(Cc3ccc(CO)o3)CC2)CC1=O;O=C(NCCOc1ccccc1)N1CCOC(CO)C1;Cc1noc(C)c1CCC(=O)N(CCC(=O)O)C1CC1;COc1ccc(CNC(=O)N2CCOCC2)c(OC)c1;NCCCCC(NC(=O)OCc1ccccc1)C(=O)O;Cc1noc(C)c1CC(C)C(=O)N(CC(=O)O)C1CC1;CN1C2CC(O)CC1C(OC(=O)c1cccn1C)C2O;CC(C)C(NC(=O)CNCc1ccccc1O)C(=O)O;COc1ccnc(C(=O)NC(C)(CC(=O)O)C(C)C)c1
m_ab3260,Cc1cc(NC(=O)C(C)SCc2csc(C3CCCC3)n2)no1;CC(C)(C)c1csc(C2CN(C(=O)Cc3cncs3)CCO2)n1;Cc1cc(NC(O)C(C)SCc2csc(C3=CCCC3)n2)no1;Cc1cc(NC(O)C(C)SCc2csc(C3CC=CC3)n2)no1;Cc1cc(NC(O)C(C)SCc2csc(C3C=CCC3)n2)no1;O=C(O)C1CN(C(=O)Cc2cccc3ccccc23)CC1C(F)(F)F;Nc1nn(C(=O)c2ccccc2)c(N)c1N=Nc1ccc([N+](=O)[O-])cc1;Cc1coc2cc3oc(=O)c(CC(=O)NCc4ccco4)c(C)c3cc12;NS(=O)(=O)c1cnc(N2CCCCC2CCc2ccccc2)s1;CNC1=C2C(=O)c3c(O)cccc3C(OC)=C2c2c(O)cc(CO)cc21;O=C1C2C3C=CC(C3)C2C(=O)N1c1cccc(COCC(F)(F)F)c1;O=C(Cc1cccc(C(F)(F)F)c1)NCC1COc2ccccc2O1;COC(=O)CC(c1ccc2ncccc2c1)c1cc2c(cc1O)OCO2;CC(=O)c1ccc(O)c(C(CC(=O)O)c2ccnc3ccccc23)c1O;COc1ccc2c(=O)c(Oc3ccc(C(=O)NC4CC4)cc3)coc2c1;O=C(COc1cc(O)c2c(=O)cc(-c3ccccc3)oc2c1)NC1CC1;Cc1ccc(-c2nnc(SCC3CCS(=O)(=O)CC3)n2C)cc1;Cc1ccc2occ(C3CC(=O)Oc4cc(C)n(C)c(=O)c43)c(=O)c2c1;COC1=Cc2c(OC)c3nccc4cc(OC)c(OC)c(c2=CC1=O)c43;COc1c2cn3c(cc-2cc(=O)c1OC)-c1cc2c(cc1CC3)OCO2;COc1ccc2cc3c(c(O)c2c1OC)NCc1cc2c(cc1-3)OCO2;CC(=O)c1ccc(NC(=O)COc2ccc3c(C)cc(=O)oc3c2)cc1;COC(=O)CC(c1cc2c(cc1O)OCO2)c1ccnc2ccccc12;Cc1c(C)c2ccc3c(c2oc1=O)CN(c1ccc2c(c1)OCO2)CO3;COc1ccc2c([O-])c3[n+](cc2c1OC)CCc1cc2c(cc1-3)OCO2
m_ab91a8,CCc1cc(NC(=O)C2(C)CCOC2)ccc1C;CCc1cc(NC(=O)CC2CCOC2)ccc1C;Cc1cccc(C(C)C)c1NC(=O)C1CCCO1;Cc1ccc2c(n1)CC(C(=O)CCO)CCC2C;Cc1ccc(NC(=O)C2CCOC(C)C2)cc1C;Cc1cc(=O)c(N)cc2c1CC(C(C)(C)O)CC2;CC1CC(c2ccccc2)CN1CCCC(=O)O;CCC=CCC(CC)c1cc[n+](C)cc1C(=O)[O-];OC1CC(c2ccccc2)C(NCC2CC2)C1O;CC(C)CC(O)C(O)Cc1c[nH]c2ccccc12;CC(C(=O)O)N1CCCC(C)(c2ccccc2)C1;CC1(c2ccccc2)CCCN(CCC(=O)O)C1;CCc1cc(NC(O)C2(C)C=COC2)ccc1C;O=C(O)CCCN1CCC(Cc2ccccc2)C1;O=C(O)CCCN1CCCC1Cc1ccccc1;CCC(CO)NC(=O)C(c1ccccc1)C1CC1;Cc1ccc(CN2CCC(C(=O)O)CC2)cc1C;CCc1cccc(CN2CCC(C(=O)O)CC2)c1;C=C1CCC2CC1C21COC2(CC(C)C(=O)N2)C1;CCOC(=O)C1(c2ccccc2)CCN(C)CC1;Cc1ccccc1C1CCCN1CCCC(=O)O;C[N+]1(C(Cc2ccccc2)C(=O)[O-])CCCCC1;CC(C)=CCCC(C)=CCc1c[nH]c(C(=O)O)c1;O=C(O)CCCCCNCC=Cc1ccccc1;Cc1ccccc1C1CC(C)N(CCC(=O)O)C1
m_abbd02,CCN1CCC2OCCN(Cc3nnnn3CC(F)(F)F)C2C1;CNC1C(O)C(NC)C2OC3(O)C(O)CC(C)OC3OC2C1O;Cc1ccc(C2CC2C(=O)N2CC(C)C(N3CCOCC3)C2)s1;Cn1c(=O)c2c(ncn2CCCC(=N)N2CCOCC2)n(C)c1=O;CCC1CN2CCC1CC2COC(=O)Nc1cccc(SC)c1;CC(C)CN1CCC(NC(=O)C2CSc3ccccc3O2)CC1;CCC1CN(C(=O)C2CC2)CCC1CC(=O)NCc1cccs1;CC(=O)N1CCC(NC(=O)CSCc2cc(C)cc(C)c2)CC1;CC(=O)N1CCCN(C(=O)C(Sc2ccccc2)C(C)C)CC1;CCN1CCOC(CNC(=O)c2nonc2C)C1c1nccn1C;CCN1CCOC(CNC(=O)c2nonc2C)C1c1cncn1C;CC(Oc1ccccc1)C(=O)N1CCCN(C2CCSC2)CC1;CCN1CCOC(CNC(=O)c2nonc2C)C1c1ccnn1C;NC(=O)CC1CCN(C(=O)C2(c3cccs3)CCCCC2)CC1;O=C(CCc1cccs1)N1CCC(C(=O)N2CCCCC2)CC1;CC(=O)NC1CCCN(C(=O)CSCc2cc(C)ccc2C)C1;COC1CC(c2ncn[nH]2)N(C(=O)COc2c(C)nn(C)c2C)C1;CC(C1CC1)N(C(=O)Cn1c2c(sc1=O)CCCCC2)C1CC1;O=C(Cn1c2c(sc1=O)CCCCC2)N(C1CCCC1)C1CC1;COc1cc2c(cc1OC)C1(C)CC(C)(C)N=C(SC)N1CC2;Cc1csc(CC2(O)CCN(C(=O)C(C3CC3)C3CC3)CC2)n1;CN(C)C(=O)c1cc2c(s1)CCC(C(=O)N1CCCCCC1)C2;Cc1cc(Cn2nnc(C(=O)NC(C)(C(N)=O)C(C)C)c2C)on1;Cc1ccccc1C1CC(C)N(S(=O)(=O)CC(C)(C)CC#N)C1;CN(C)c1nccnc1OC1CCCN(C(=O)N2CCNC2=O)C1
m_acdfec,CC1CN(c2ccc(NC(=O)c3cc(C4CC4)[nH]n3)cn2)CC(C)O1;CC1COC(c2ccc(N)c(N)c2)CN1C(=O)c1n[nH]c2c1CCC2;CC1COC(c2cc(N)cc(N)c2)CN1C(=O)c1n[nH]c2c1CCC2;CC1COC(c2ccc(N)cc2N)CN1C(=O)c1n[nH]c2c1CCC2;Cc1nc(N2CCOCC2)ccc1NC(=O)C1CC1c1cnn(C)c1;CC1COC(c2cc(N)ccc2N)CN1C(=O)c1n[nH]c2c1CCC2;CC1COC(c2cccc(N)c2N)CN1C(=O)c1n[nH]c2c1CCC2;CN(C(=O)c1cc(C2CC2)n(C)n1)c1ccc(N2CCOCC2)nc1;CCc1ncc2c(n1)CCN(C(=O)c1n[nH]c3c1CC(C)OC3C)C2;CC1COC(c2c(N)cccc2N)CN1C(=O)c1n[nH]c2c1CCC2;Cn1cc(C(=O)Nc2ccc(N3CCCC3)cn2)c(C2CCOC2)n1;COc1nc(C)cc(N2CCCC(C(=O)Nc3cccc(C)n3)C2)n1;CCc1nnc(C23CCCC2CN(C(=O)c2c[nH]nc2C2CC2)C3)o1;CCn1nc(C(=O)N2CCc3ncncc3C2)c2c1C(C)OC(C)C2;CC1CN(c2ccc(NC(O)c3cc(C4=CC4)[nH]n3)cn2)CC(C)O1;CCc1nc2n(n1)CC(NCC(O)COc1ccc(C#N)cc1)CC2;CC1CN(c2ccc(NC(O)c3cc(C4C=C4)[nH]n3)cn2)CC(C)O1;CC1=CN(c2ccc(NC(O)c3cc(C4CC4)[nH]n3)cn2)CC(C)O1;Cc1cc(CNC(=O)c2ccc(OCC3CC3)nc2)nc(N(C)C)n1;CCCOc1ccc(CNC(=O)c2ccnc(N3CCCC3)n2)cn1;CCCCn1c(Cc2cc(OC)ccc2OC)nc2c(N)ncnc21;Cc1nn(C)c(=O)c(C(=O)Nc2cc(C3CC4CCC3C4)[nH]n2)c1C;Cc1c(C2CN(C(=O)c3[nH]ccc3C3CC3)CC2C(N)=O)cnn1C;CC(C)C(=O)Nc1cc(C(=O)N2CCC(c3cn[nH]c3)CC2)ccn1;CCOC(=O)c1ccc(N2CCCN(c3ccc(C)nn3)CC2)nc1
m_ace790,C=CCNC(=O)CNc1ccc(C(F)(F)F)c(C#N)c1;CC=CNC(=O)CNc1ccc(C(F)(F)F)c(C#N)c1;N#Cc1ccc(N2CCC(C(N)=O)C2)cc1C(F)(F)F;N#Cc1cc(N)c(C(F)(F)F)c(NC=C(O)C2CC2)c1;N#Cc1ccc(C(F)(F)F)c(NC=C(O)C2CC2)c1N;N#Cc1cc(N)c(C(F)(F)F)c(NCC(O)C2=CC2)c1;N#Cc1cc(NCC(O)C2C=C2)c(C(F)(F)F)cc1N;C=C=CNC(O)CNc1ccc(C(F)(F)F)c(C#N)c1;N#Cc1cc(NC=C(O)C2CC2)c(C(F)(F)F)cc1N;N#Cc1cc(N)c(C(F)(F)F)c(NCC(O)C2C=C2)c1;N#Cc1cc(NCC(O)C2=CC2)c(C(F)(F)F)cc1N;N#Cc1ccc(C(F)(F)F)c(NCC(O)C2=CC2)c1N;N#Cc1ccc(C(F)(F)F)c(NCC(O)C2C=C2)c1N;FC(F)(F)c1cccc(CNc2nc(C3CC3)no2)c1;Cc1cc(NC(=O)c2ccccc2C(F)(F)F)n(C)n1;O=C(NCCCC(F)(F)F)c1ccnc2ccncc12;Cc1n[nH]c(C)c1NC(=O)c1cccc(C(F)(F)F)c1;Cn1nccc1C(=O)NCc1ccc(C(F)(F)F)cc1;Cc1cc(NC(=O)c2cccc(C(F)(F)F)c2)n(C)n1;O=C(Cc1c[nH]c2ncccc12)N1CC(C(F)(F)F)C1;O=C(NCC(F)(F)F)c1ccc(Cn2cccn2)cc1;COc1cccc(-c2cc(C(=O)O)c3c(C)n[nH]c3n2)c1;COc1c[nH]c(C(=O)Nc2ccc3[nH]ccc3c2)cc1=O;COc1c[nH]c(C(=O)Nc2ccc3cc[nH]c3c2)cc1=O;COc1c[nH]c(C(=O)Nc2cccc3[nH]ccc23)cc1=O
m_acfc1e,CCC(C)NC(=O)CCNC(=O)NCc1ccccc1OC;CCC(C)NC(=O)CCNC(=O)NCc1ccc(OC)cc1;CCC(C)NC(=O)CCNC(=O)NCc1cccc(OC)c1;CCC(C)NC(=O)CCNC(=O)NCc1cccc(C)c1O;CCC(C)NC(=O)CCNC(=O)NCc1cc(C)ccc1O;CCC(C)NC(=O)CCNC(=O)NCc1ccc(C)cc1O;CCC(C)NC(=O)CCNC(=O)NCc1c(C)cccc1O;CC=C(C)NC(O)CCNC(=O)NCc1ccccc1OC;CNC(=O)C(CC(C)C)NC(=O)NCc1ccccc1OC;CCC(C)NC(O)C=CNC(=O)NCc1ccccc1OC;CCC(C)NC(=O)CCNC(=O)N(C)Cc1ccccc1O;CCC(C)NC(=O)CCN(C)C(=O)NCc1ccccc1O;CC=C(C)NC(=O)CCNC(O)NCc1ccccc1OC;CCC(C)NC(=O)C=CNC(O)NCc1ccccc1OC;CCC(C)N(C)C(=O)CCNC(=O)NCc1ccccc1O;CN(CC(N)=O)CC1CN(Cc2ccc(CO)cc2)CCO1;CC(N)C(=O)NC(C)C(=O)NC(Cc1ccccc1)C(C)O;CN(CC(N)=O)C(=O)NCCOc1ccccc1C(C)(C)C;CC(C)Cn1[nH]c(CC(=O)NC2CC(O)C23CCC3)cc1=O;Cc1ccc(NC(=O)NCCCCNC(=O)OC(C)C)cc1;CCCNC1(Cc2cc(C(=O)N3CCCCC3)on2)COC1;CNC(=O)COc1ccccc1CNCC1CN(C)CCO1;CC1NC(=O)C2CC(NC(=O)C3CCCCC3)CCN2C1=O;O=C(NCCC(O)NC1CCCC1)NCc1ccccc1O;CC(C)NC1(Cc2cc(C(=O)N3CCCCC3)on2)COC1
m_aec773,NC(=O)C1(CNC(=O)c2cc(F)cc(Br)c2)CCCC1;CNC(=O)C1CCCN(C(=O)c2cc(F)cc(Br)c2)C1;NC(=O)C1CCCCC1NC(=O)c1cccc(Br)c1F;CC1CN(C(=O)Cc2ccc(F)cc2Br)CC1C(N)=O;NC(O)C1(CNC(=O)c2cc(F)cc(Br)c2)CC=CC1;NC(O)C1(CNC(=O)c2cc(F)cc(Br)c2)C=CCC1;NC(=O)C1(CNC(O)c2cc(F)cc(Br)c2)C=CCC1;NC(=O)C1(CNC(O)c2cc(F)cc(Br)c2)CC=CC1;CCC(NC(=O)C1CCC(=O)N1)c1cc(F)cc(Br)c1;Cc1c(Br)cc(F)cc1C(=O)NC1(CC(N)=O)CCC1;CC1CN(C(=O)Cc2cc(F)ccc2Br)CC1C(N)=O;CN1CC(C(=O)NCCc2ccc(F)c(Br)c2)CC1=O;O=C(c1cc(Br)cnc1C1CC1)N1CCC(F)(CO)C1;NC(=O)CN(Cc1cccc(Br)c1)C1CCSCC1;CC(C)=CCn1c2ccc(Br)c(=O)c-2nc2ccccc21;CCn1c(=O)cc(-c2cccc(Br)c2)c2ccc(C)nc21;O=C(C1CCNCC1)N(Cc1csc(Br)c1)C1CC1;O=c1c2c(oc3c(O)c4c(c(O)c13)OCO4)-c1c(O)cccc1CO2;O=C(O)c1cc(-c2ccc(C(=O)O)oc2=O)c2cc(O)c(O)cc2c1;COc1cc(C(=O)O)c2c(=O)c3c(O)c4c(cc3oc2c1)COC4=O;COc1cc2c(=O)oc3c4c(cc5c(=O)oc(c1OC)c2c35)OCO4;CC(C)NC(=O)CSc1nnc(Nc2ccccc2Cl)s1;Cc1cc(C)c(Nc2nnc(SCCC(N)=O)s2)c(Cl)c1;Cc1cc2cc(CNC(=O)c3ccc(Br)cc3)ccc2[nH]1;O=S(=O)(NC1CCCNC1)c1c(Cl)cccc1C(F)(F)F
m_aef2b4,O=C(Nc1ncccn1)c1ccc(Oc2ccccc2)cc1;O=C(NN=Cc1ccc(-c2ccccc2)o1)c1ccncc1;O=C(NN=Cc1c(O)ccc2ccccc12)c1ccncc1;Cc1cc(C)c(C)c(S(=O)(=O)Nc2cnccn2)c1C;N#Cc1cccc(NC(=O)C2=NOC(c3ccccc3)C2)c1;COCc1noc(C2CC(=O)N(c3ccccc3F)C2)n1;CCC(C)c1ccc(S(=O)(=O)Nc2cnccn2)cc1;Cc1nnc(CC(=O)N2CC(C)Oc3c(F)cccc32)o1;O=CNC(CS)C(=O)NCCc1c[nH]c2ccccc12;Cc1nc(C(=O)N2CC(O)CC2c2cccc(F)c2)no1;O=C1C[N+]([O-])=Cc2[nH]c3ccccc3c2N1c1ccccc1;NC(=O)c1cccc(NC(=O)c2nccc3ccccc23)c1;Cn1c2ccccc2n2cc(-c3cccc([N+](=O)[O-])c3)cc12;Cn1c2ccccc2n2cc(-c3ccc([N+](=O)[O-])cc3)cc12;CN(C)C=C(NC(=O)Nc1ccc(F)cc1)C(F)(F)F;CC1COC(CO)CN1c1nc(-c2ccccc2)ns1;Cc1cc(C)c2c(c1)CCC2NS(=O)(=O)c1cn[nH]c1;Cc1nc(C(=O)N2CC(O)CC2c2ccc(F)cc2)no1;COC(=O)C1(CNC(=O)c2ccc3[nH]cnc3c2F)CC1;COC(=O)c1c(F)cccc1NCc1nnc(C2CC2)o1;CN(C)C=C(NC(=O)Nc1ccccc1F)C(F)(F)F;COC(=O)c1ccc(F)c(CNC(=O)c2ccnn2C)c1;O=C(O)C1CCCN(C(=O)c2cc(F)cc3[nH]cnc23)C1;O=c1sc2c(n1Cc1noc(C3CC3)n1)CCCCC2;CC1CCc2c(sc(=O)n2Cc2noc(C3CC3)n2)C1
m_b047da,COC(=O)C1CCc2nnc(Cc3ccccc3F)n2CC1;COC(O)C1=CCc2nnc(Cc3ccccc3F)n2CC1;COC(O)C1=CCn2c(nnc2Cc2ccccc2F)CC1;Cc1cccc(F)c1Cc1nnc2n1CCC(C(=O)O)CC2;Cc1ccc(Cc2nnc3n2CCC(C(=O)O)CC3)c(F)c1;Cc1cccc(Cc2nnc3n2CCC(C(=O)O)CC3)c1F;Cc1ccc(F)c(Cc2nnc3n2CCC(C(=O)O)CC3)c1;COC(O)C1C=Cn2c(nnc2Cc2ccccc2F)CC1;COC(O)C1C=Cc2nnc(Cc3ccccc3F)n2CC1;CCOC(=O)Nc1ccc(NCc2ccc(F)cc2)cc1N;Cn1cc(C2CC2C(=O)NCc2ccc(CO)c(F)c2)cn1;C=CC(=C=C(C)C)P1(=O)OC(c2ccccc2)C(C)N1C;Cn1nccc1C(=O)N1CCCC1COc1ccc(F)cc1;Cn1cc(C2OCCC2C(=O)NCc2cccc(F)c2)cn1;Cc1noc(C2CCCN(C(=O)c3ccc(C)c(F)c3)C2)n1;Fc1ccc(Cc2noc(NC3CCOC3C3CC3)n2)cc1;Cn1nc(C2CC2)cc1C(=O)NCc1ccc(CO)c(F)c1;COc1ccc(F)cc1C(C)NC(=O)c1cc2n(n1)CCC2;COCc1nc(O)cc(N2CCCC2c2ccc(F)cc2)n1;CCn1nc(C)cc1C(=O)N1CC(C)Oc2cc(F)ccc21;CC(C(=O)N1CCOC(c2ccc(F)cc2)C1)n1ccnc1;CC(COc1ccccc1)N(CCCl)Cc1ccccc1;CC(COc1ccccc1F)NC(=O)NCc1cccnc1;Cc1nc(C(=O)NC2(c3cccc(F)c3)CCOCC2)c[nH]1;CC12Nc3ccccc3C(=O)N1CCc1c2[nH]c2ccccc12
m_b084eb,O=C(c1cccc(Oc2cnccn2)c1)N1CCCC2CCCCC21;OC(c1cccc(Oc2cnccn2)c1)N1CCCC2C=CCCC21;OC(c1cccc(Oc2cnccn2)c1)N1CCCC2CC=CCC21;OC(c1cccc(Oc2cnccn2)c1)N1C=CCC2CCCCC21;OC(c1cccc(Oc2cnccn2)c1)N1CCCC2CCC=CC21;OC(c1cccc(Oc2cnccn2)c1)N1CCC=C2CCCCC21;OC(c1cccc(Oc2cnccn2)c1)N1CCCC2=CCCCC21;O=C(c1ccc(-n2cc[nH]c2=O)cc1)N1CC(C2CC2)CC1C1CC1;OC(c1cccc(Oc2cnccn2)c1)N1CC=CC2CCCCC21;CN1C2CCC1CN(C(=O)c1ccccc1Oc1cccnc1)CC2;OC(c1cccc(Oc2cnccn2)c1)N1CCCC2CCCC=C21;OC(c1cccc(Oc2cnccn2)c1)N1CCCC2=C1CCCC2;Cc1cccc2cc(C3N4CC5(C)CN3CC(C)(C4)C5=O)c(=O)[nH]c12;COc1cccc(CN2CCN3C(=O)N(c4ccccc4)CC3C2)c1;O=C(NC1CCN(C2CC2)CC1)c1ccc(-c2ccccc2)[nH]c1=O;Cn1c(CN2CCOCC(Oc3ccccc3)C2)nc2ccccc21;CCC(C)C(C(=O)NCc1cccnc1)N1Cc2ccccc2C1=O;COc1ccc(CN2CCC(c3nc4ccc(OC)cc4[nH]3)C2)cc1;CC(C)N1CC2Oc3cc(-c4cccnc4)ccc3C(=O)N(C)C2C1;COc1ccc(CC(=O)NCc2nn(C(C)C)c3ccccc23)cc1;Cn1c(CNC2C(c3ccccc3)CC(O)C2O)nc2ccccc21;O=C1CC2CCNCC2CCOc2ccc(-c3cccnc3)cc2N1;Cc1ccc2cc(C3N4CC5(C)CN3CC(C)(C4)C5=O)c(=O)[nH]c2c1;COC1C(=O)N(Cc2ccccc2)C2CN(Cc3ccncc3)CC12;O=C(NC1CC12CCCCC2)c1ncccc1OCc1ccncc1
m_b0ce2a,CCOC(=O)c1cn(C)nc1NC(=O)CC1C=CCC1;CCOC(=O)c1cn(C)nc1NC(=O)CC1=CCCC1;CCOC(=O)c1cn(C)nc1NC(=O)CC1CC=CC1;CCOC(=O)c1cn(C)nc1NC(O)CC1=C=CCC1;CCOC(=O)c1cn(C)nc1NC(O)CC1=CCC=C1;CCOC(=O)c1cn(C)nc1NC(O)CC1C=CC=C1;CCOC(=O)c1c(NC(=O)C2CC=CC2)nn(C)c1C;CCOC(=O)c1cn(C)nc1NC(O)C=C1C=CCC1;CCOC(=O)c1cn(C)nc1NC(O)CC1C=C=CC1;CCOC(=O)c1cn(C)nc1N(C)C(=O)C1CC=CC1;O=C(O)Cn1ccc(NC(=O)CC2CC3CCC2C3)n1;CCOC(O)c1cn(C)nc1NC(=O)C=C1C=CCC1;CCOC(O)c1cn(C)nc1NC(=O)CC1=C=CCC1;Cc1noc(COC2CN(C(=O)CC3C=CCC3)C2)n1;Cc1noc(COC2CN(C(=O)C3CC=CCC3)C2)n1;Cc1cn(C)nc1C(=O)NC1CC2CC(C(=O)O)CC21;CCOC(O)c1cn(C)nc1NC(=O)CC1C=CC=C1;CCOC(O)c1cn(C)nc1NC(=O)CC1C=C=CC1;Cc1cnn(CCC(=O)NC2CC(C(=O)O)C3CC23)c1;Cn1nccc1C(NC(=O)C1CCC=CCC1)C(=O)O;Cn1cc(CCC(=O)NC2CC(C(=O)O)C3CC23)cn1;CC(C(=O)NC1COCC1Oc1cn[nH]c1)=C1CCC1;CCn1cc(C(=O)N2CCC3(CC2)CC3C(=O)O)cn1;Cc1[nH]ncc1C(=O)N1C(C(=O)O)CC2CCCCC21;Cn1nccc1C(=O)N1C(C(=O)O)CC2CCCCC21
m_b11a90,COC(=O)c1cnccc1NC(=O)c1cnn(-c2ccccn2)c1C;Cc1c(C(=O)N(C)c2ccncc2C(=O)O)cnn1-c1ccccn1;Cc1nccc(NC(=O)c2cnn(-c3ccccn3)c2C)c1C(=O)O;Cc1cc(NC(=O)c2cnn(-c3ccccn3)c2C)c(C(=O)O)cn1;Cc1cncc(C(=O)O)c1NC(=O)c1cnn(-c2ccccn2)c1C;Cc1nn(-c2ccccn2)c(C)c1C(=O)Nc1ccncc1C(=O)O;Cc1cccnc1-n1ncc(C(=O)Nc2ccncc2C(=O)O)c1C;Cc1ccnc(-n2ncc(C(=O)Nc3ccncc3C(=O)O)c2C)c1;Cc1cccc(-n2ncc(C(=O)Nc3ccncc3C(=O)O)c2C)n1;Cc1ccc(-n2ncc(C(=O)Nc3ccncc3C(=O)O)c2C)nc1;COc1ccc(-n2ccc(C(=O)Nc3cnccc3C(N)=O)n2)cc1;N#Cc1cccnc1N1CCN(C(=O)c2ccc(C(=O)O)nc2)CC1;COC(=O)c1ccc(C)c(NC(=O)c2ccc(-n3cnnn3)cc2)c1;CCOC(=O)c1ccccc1NC(=O)c1ccnc(-n2cncn2)c1;COCC(NC(=O)NCc1c(C)noc1C)c1ccc(Cl)cc1;O=C(Cc1c[nH]c2ccccc12)OCC1OC(O)C(O)C(O)C1O;COc1ccc(Cl)cc1CCNC(=O)c1c(C)nn(C)c1OC;COC1C(=O)N(C)C2CN(C(=O)Nc3ccc(C)c(Cl)c3)CC12;COC1C(=O)N(C)C2CN(C(=O)Nc3ccc(Cl)c(C)c3)CC12;c1ccc(-c2nn(-c3ccccc3)cc2-c2nc3ccccc3o2)cc1;O=C(Cc1c[nH]c2ccccc12)OC1C(O)C(O)C(O)C(O)C1O;O=C(Cc1cc2ccccc2[nH]1)OC1C(O)C(O)C(O)C(O)C1O;CCN1OC2(CCN(C(=O)Nc3ccccc3Cl)CC2)CC1=O;O=C(Cc1c[nH]c2ccccc12)OC1OC(CO)C(O)C(O)C1O;O=C(NCc1nc(-c2ccncc2)no1)c1cc2c([nH]c1=O)CCC2
m_b4039c,Cc1noc(C2CCN(C(=O)c3cn(C)nc3C(C)(C)C)C2)n1;CCc1nn(C)cc1C(=O)NC1CCCOC1c1cnn(C)c1;Cc1cc(C)n(CC(=O)NC2CCCOC2c2cnn(C)c2)n1;CCc1nn(C)cc1C(=O)NC1CCOC1c1cnn(CC)c1;CCn1nc(C)c(C(=O)NCC2CCOC2c2cn[nH]c2)c1C;CCn1ncc(C(=O)NC2CCC(Cc3nnc(C)o3)C2)c1C;CCc1n[nH]c(=O)c(CNC(=O)NCCn2cccc2)c1CC;Cc1nn(C)cc1C(=O)N1CCCC(c2noc(C(C)C)n2)C1;CCn1cc(C2OCCC2NC(=O)Cn2nc(C)cc2C)cn1;CCc1cc(NC(=O)C2CCCOC2c2nccn2C)n(C)n1;CCn1cc(C2OCCC2NC(=O)Cc2c(C)n[nH]c2C)cn1;CCn1cc(C2OCCC2CNC(=O)c2n[nH]c(C)c2C)cn1;Cc1cc(C)n(CC(=O)NC2CCOC2c2cnn(C)c2C)n1;CC(C)C(NC(=O)C(C)(C)n1cccn1)c1nc(C2CC2)no1;Cc1n[nH]c(C)c1CC(=O)N1CCOCC1c1c(C)n[nH]c1C;CN(CCn1cccn1)C(=O)C1CCCOC1c1nccn1C;CN(Cc1cnn(C)c1)C(=O)C1CCCOC1c1nccn1C;CCn1cncc1CNC(=O)c1c2c(nn1C)C(C)OC(C)C2;Cc1[nH]nc(C(=O)NCC2CCCOC2c2cnn(C)c2)c1C;CCc1cc(NC(=O)C2CCCOC2c2cnn(C)c2)n(C)n1;CCc1nc(CNC(=O)c2nn(C)c3c2CC(C)OC3C)c[nH]1;CCc1nnc(CC2CCC(NC(=O)c3c(C)cnn3C)C2)o1;Cc1n[nH]cc1CN(C)C(=O)c1c2c(nn1C)C(C)OC(C)C2;Cc1ncc(CNC(=O)c2nn(C)c3c2CC(C)OC3C)n1C;Cc1cc(CNC(=O)C2CCCOC2c2ccnn2C)n(C)n1
m_b43690,CCC1(CC)CN(C(=O)c2cn(C)cn2)c2ccccc21;Cc1ccc(C2CCN(C(=O)c3cnn(C)c3)CC2)cc1;Cc1[nH]ncc1C(=O)N1CCC(c2ccccc2)C(C)C1;Cc1[nH]ncc1C(=O)N1CCCC(c2ccccc2)CC1;Cc1ccccc1C1CC(C)N(C(=O)c2cn[nH]c2C)C1;Cn1nccc1C(=O)N1CCCC1CCc1ccccc1;Cc1c[nH]nc1C(=O)N1CCC(Cc2ccccc2)CC1;Cn1nccc1C(=O)NCC1(Cc2ccccc2)CCC1;Cc1cc(C(=O)N2CC(c3ccccc3C)CC2C)[nH]n1;Cc1ccc(C)c(C2CCCN2C(=O)Cc2ccn[nH]2)c1;Cc1[nH]ncc1C(=O)NC1CCC(C)(C)c2ccccc21;O=C(Cc1ccn[nH]1)NC1(Cc2ccccc2)CCCC1;O=C(Cc1ccn[nH]1)NCC1(Cc2ccccc2)CCC1;O=C(Cc1ccn[nH]1)NC(CC1CCC1)c1ccccc1;Cc1cc(C(=O)N2CCCC(C)c3ccccc32)n(C)n1;CCn1nccc1C(=O)N1CC(CC)(c2ccccc2)C1;Cc1cnn(C)c1C(=O)N1c2ccccc2C(C)(C)C1C;O=C(Cn1cccn1)N1CCCC1CCc1ccccc1;Cc1c(C(=O)N(C)C2CCCc3ccccc32)cnn1C;Cc1nn(C)cc1C(=O)NCC1CCCc2ccccc21;Cc1ccccc1C1CC(C)N(C(=O)Cn2cccn2)C1;CC1CCc2ccccc2N1C(=O)CCc1cnn(C)c1;Cc1cnn(C)c1C(=O)N(C)CC1(c2ccccc2)CC1;Cc1c(C(=O)NCC2CCCc3ccccc32)cnn1C;CC(C)Cn1cc(C(=O)Nc2ccc3c(c2)CCC3)cn1
m_b51204,O=C(Cn1cc(C(=O)O)nn1)NCC1CCCCCCC1;O=C(Cn1nncc1C(=O)O)NCC1CCCCCCC1;O=C(O)c1cn(CC(O)NC=C2CCCCCCC2)nn1;O=C(O)c1cn(CC(O)NCC2CC=CCCCC2)nn1;O=C(O)c1cn(CC(O)NCC2C=CCCCCC2)nn1;O=C(O)c1cn(CC(O)NCC2CCC=CCCC2)nn1;O=C(O)c1cn(CC(O)NCC2=CCCCCCC2)nn1;Cc1nonc1CNC(=O)N1CCC2(O)CCCCC2C1;CC(C(=O)NC(CC1CCCCC1)C(=O)O)n1cncn1;O=C(Cn1cc(C(O)O)nn1)NCC1CC=CCCCC1;COc1nccc(NC(=O)N2CCC(O)CC(C)(C)C2)n1;O=C(Cn1cc(C(O)O)nn1)NCC1C=CCCCCC1;O=C(Cn1cc(C(O)O)nn1)NCC1CCC=CCCC1;O=C(Cn1cc(C(O)O)nn1)NCC1=CCCCCCC1;O=C(CCCn1cncn1)NC1CCCCCC1C(=O)O;COC(=O)c1ncn(CC(=O)N(C)C2CCCCC2C)n1;Cc1noc(CCCC(=O)NC2CCC(=O)NC2(C)C)n1;NC(=O)C1COCCN1Cc1noc(C2CCCCC2)n1;Cc1nc(C2CCCCCN2C(=O)N2CCOCC2)no1;O=C(O)CCC1CCCCN1C(=O)CCCn1cncn1;CC(C)CC1CCCCN1C(=O)c1[nH]c(=O)[nH]c(=O)c1N;O=C1NCC(=O)N2CCN(C(=O)NC3CCCCC3)CC12;CCC1OCCCC1C(=O)Nc1cnn(CC(=O)NC)c1;CN(C)C(=O)CCNC(=O)Nc1noc2c1CCCCC2;CC1CC(C(=O)N2CCC(n3cn[nH]c3=O)CC2)C(C)O1
m_b53b6e,Cc1nnc2n1CC(C(=O)O)N(C(=O)c1sccc1Br)C2;Cc1nnc2n1CCN(C(=O)c1sc(C(=O)O)cc1Br)C2;Cc1nnc2n1CCN(C(=O)c1scc(C(=O)O)c1Br)C2;Cc1nnc2n1C=C(C(=O)O)N(C(O)c1sccc1Br)C2;Cc1nnc2n1C=C(C(O)O)N(C(=O)c1sccc1Br)C2;O=C(COc1ccc(I)cc1)c1ccc(O)cc1O;O=C(CSc1nc2cc(Cl)ccc2o1)Nc1ccc(F)cc1Cl
m_b6b7fe,CN(C)c1cccc(CNC(=O)Nc2nn(C)cc2-c2ccccc2)c1;CNc1cc(CNC(=O)Nc2nn(C)cc2-c2ccccc2)ccc1C;CNc1ccc(C)c(CNC(=O)Nc2nn(C)cc2-c2ccccc2)c1;CNc1cccc(CNC(=O)Nc2nn(C)cc2-c2ccccc2)c1C;CNc1cc(C)cc(CNC(=O)Nc2nn(C)cc2-c2ccccc2)c1;CN(C)c1ccc(CN2CCC(c3nnc(-c4ccncc4)o3)C2)cc1;CN(C)c1ccc(CN2CCC(c3nnc(-c4cccnc4)o3)C2)cc1;CNc1cccc(CN(C)C(=O)Nc2nn(C)cc2-c2ccccc2)c1;CNc1cccc(CNC(=O)Nc2nn(C)cc2-c2ccc(C)cc2)c1;CNc1cccc(CNC(=O)Nc2nn(C)c(C)c2-c2ccccc2)c1;CNc1cccc(CNC(=O)Nc2nn(C)cc2-c2cccc(C)c2)c1;CNc1cccc(CNC(=O)N(C)c2nn(C)cc2-c2ccccc2)c1;CNc1cccc(CNC(=O)Nc2nn(C)cc2-c2ccccc2C)c1;Cc1ccc(C)c(Cn2nnc(C(=O)Nc3cccc(C)c3C)c2N)c1;CCN(C(=O)Cc1ccc(NCc2ncnn2C)cc1)c1ccccc1;CN(C)CCc1ccc(CNC(=O)c2cnn(-c3ccccc3)n2)cc1;CC1(C)CN(C(=O)c2nccn3ccnc23)CCN1Cc1ccccc1;CN(C)c1ccc(-c2nnc(C3CCN(Cc4ccncc4)C3)o2)cc1;Cc1cccc(CNC(=O)NC(C)c2cnn(Cc3ccccc3)c2)n1;CN(C)c1ccc(-c2noc(C3CCCN3Cc3ccccc3)n2)cn1;CC(C)c1noc(-c2ccnc(N3CCN(C)c4ccccc4C3)c2)n1;Cc1nc(-c2cccc(NCc3ccccc3N3CCOCC3)c2)n[nH]1;Cc1c(C(=O)N2CC(Cc3cnn(C)c3)C2)cnn1Cc1ccccc1;Cc1cc(C(=O)N(C)Cc2ccc(N(C)C)nc2)nn1-c1ccccc1;Cc1cccc(-n2ncc(NC(=O)NC(C)Cc3cccnc3)c2C)c1
m_b70863,CCc1cncc(C(=O)N2CC(N3CC(C(=O)NC)CC3=O)C2)c1;CNC(=O)C1CC(=O)N(C2CN(C(=O)Cc3ccc(C)nc3)C2)C1;CNC(=O)C1CC(=O)N(C2CN(C(=O)Cc3cccnc3C)C2)C1;CNC(=O)C1CC(=O)N(C2CN(C(=O)c3cc(C)cnc3C)C2)C1;CCc1cccc(C(=O)N2CC(N3CC(C(=O)NC)CC3=O)C2)n1;CNC(=O)C1CC(=O)N(C2CN(C(=O)c3cncc(C)c3C)C2)C1;CNC(=O)C1CC(=O)N(C2CN(C(=O)c3cnc(C)c(C)c3)C2)C1;CCc1cnccc1C(=O)N1CCOC(c2nnc(C(C)C)o2)C1;CCc1cnccc1C(=O)N1CCOC(c2noc(C(C)C)n2)C1;Cc1ccc(CC(=O)N2CCCC(O)(Cc3nc(C)no3)C2)cn1;Cc1noc(CC2(O)CCCN(C(=O)Cc3cccnc3C)C2)n1;CCn1cc(OC2COCC2NC(=O)Cc2cccnc2C)cn1;Cc1cncc(C(=O)N2CC(N3CC(C(=O)N(C)C)CC3=O)C2)c1;Cc1ccc(C(=O)N2CCOC(c3nnc(C(C)C)o3)C2)c(C)n1;CCc1cncc(C(=O)N2CC(N3C=C(C(=O)NC)CC3O)C2)c1;CCc1cncc(C(=O)N2CC(N3CC(C(=O)NC)=CC3O)C2)c1;CCc1cncc(C(=O)N2CC(N3CC(C(N)=O)CC3=O)C2)c1C;CCc1cnc(C)c(C(=O)N2CC(N3CC(C(N)=O)CC3=O)C2)c1;CCc1cc(C(=O)N2CC(N3CC(C(N)=O)CC3=O)C2)cnc1C;CCc1cncc(C(=O)N2C=C(N3CC(C(=O)NC)CC3O)C2)c1;Cc1cncc(CCC(=O)N2CC(C)OC(c3nc(C)no3)C2)c1;CCc1cncc(C(=O)N2CC(N3CC(C(O)NC)=CC3=O)C2)c1;CCc1cncc(C(O)N2C=C(N3CC(C(=O)NC)CC3=O)C2)c1;CN1C(=O)CCC1C(=O)N1CCN(c2ccc(C(N)=O)cc2)CC1;Cc1ccc(CNC(=O)C2CCCOC2c2cn[nH]c2)c(=O)n1C
m_b7be8a,O=C(NCc1ccc(Cl)cc1Cl)C1CC(O)CN1;O=C(NCc1c(Cl)cccc1Cl)C1CC(O)CN1;O=C(NCc1ccc(Cl)cc1Cl)C1NCCC1O;O=C(NCc1c(Cl)cccc1Cl)C1NCCC1O;O=C(Cc1c(Cl)cccc1Cl)NC1CNCC1O;O=C(NCc1ccc(Cl)cc1Cl)C1CCC(O)N1;O=C(NCc1c(Cl)cccc1Cl)C1CCC(O)N1;O=C(NCc1ccc(Cl)cc1Cl)C1(O)CCCN1;O=C(NCc1c(Cl)cccc1Cl)C1(O)CCCN1;NC(=O)C1CN(Cc2c(Cl)cccc2Cl)CCO1;OC1=CC(C(O)NCc2ccc(Cl)cc2Cl)NC1;OC1C=C(C(O)NCc2ccc(Cl)cc2Cl)NC1;OC1=CC(C(O)NCc2c(Cl)cccc2Cl)NC1;OC1C=C(C(O)NCc2c(Cl)cccc2Cl)NC1;O=C(NCc1cc(O)c(Cl)cc1Cl)C1CCCN1;O=C(NC(O)c1ccc(Cl)cc1Cl)C1CCCN1;CC(CN)C(=O)NC1COc2c1ccc(Cl)c2Cl;O=C(NCc1ccc(Cl)c(O)c1Cl)C1CCCN1;O=C(NCc1c(O)cc(Cl)cc1Cl)C1CCCN1;O=C(NCc1c(Cl)ccc(O)c1Cl)C1CCCN1;O=C(NCc1c(Cl)cc(O)cc1Cl)C1CCCN1;Nc1cc(Cl)cc(CC(=O)N2CCOCC2)c1Cl;CCOP(=S)(OCC)SCSC(C)(C)C;O=C(NC(O)c1c(Cl)cccc1Cl)C1CCCN1;Nc1cc(CC(=O)N2CCOCC2)cc(Cl)c1Cl
m_b7d932,Cc1ccc(S(=O)(=O)N2CCN(CCCn3ccnc3)CC2)cc1;CC(CN1CCN(C)CC1)NS(=O)(=O)c1cccc2cnccc12;CC(CNS(=O)(=O)c1cccc2cnccc12)N1CCN(C)CC1;Cn1nccc1CNCC1CCN(S(=O)(=O)c2ccccc2)CC1;Cc1ccc(S(=O)(=O)N2CCCCC2)cc1NCc1nccn1C;CCn1nc(C)c(S(=O)(=O)N(C2CC2)C(C)c2ccccn2)c1C;Cc1ccccc1CNC1CCN(S(=O)(=O)c2cnn(C)c2)CC1;Cc1ccc(CN2CCCN(S(=O)(=O)c3cnn(C)c3)CC2)cc1;CCc1cccc(S(=O)(=O)N2CCC(Cc3nncn3C)CC2)c1;CC(C)n1cc(S(=O)(=O)N2CCN(C)CC2c2ccccc2)cn1;Cc1nn(C(C)C)c(C)c1S(=O)(=O)N(Cc1cccnc1)C1CC1;Cc1n[nH]cc1CNCC1CCN(S(=O)(=O)c2ccccc2)CC1;Cc1cc(C)n(CC2CN(CC(=O)NCc3cccs3)CCO2)n1;Cc1ccc(S(=O)(=O)N2CCC(c3nccn3C)C2)cc1N(C)C;COC1C(O)CCC2(O)C[S+]([O-])C(CC=C(C)C)C(C)(O)C12O;C#CCN(C)Cc1nc(C2(O)CCN(C(=O)NCC=C)CC2)cs1;CCn1cc(S(=O)(=O)N(C)C2CCCN(c3ccccc3)C2)cn1;Cc1ccc(S(=O)(=O)N(C)Cc2nnc3n2CC(C)(C)CC3)cc1;CC(C)c1ccccc1S(=O)(=O)N1CCC(c2nncn2C)CC1;Cc1cnn(CC2CN(CC(=O)N(C)Cc3ccsc3)CCO2)c1;CCc1noc(CCCC(=O)N2CCCCC2c2nc(C)cs2)n1;CCCc1ccc(S(=O)(=O)N2CCC(c3nncn3C)CC2)cc1;Cc1ccccc1N1CCN(S(=O)(=O)c2cnn(C(C)C)c2)CC1;Cc1noc(C)c1CC(=O)NC1CCC(Oc2ncc(F)cn2)CC1;Cc1cnn(CC2CN(CC(=O)N(C)Cc3cccs3)CCO2)c1
m_b81b9d,CC1CCN(C(=O)CCC(=O)O)c2ccccc2S1;CC1CCN(C(O)C=CC(=O)O)c2ccccc2S1;CC1=CCN(C(O)CCC(=O)O)c2ccccc2S1;CC1CCN(C(=O)C=CC(O)O)c2ccccc2S1;CCC(=O)N1CCC(C)Sc2c(C(=O)O)cccc21;CCC(=O)N1CCC(C)Sc2cc(C(=O)O)ccc21;CCC(=O)N1CCC(C)Sc2ccc(C(=O)O)cc21;CCC(=O)N1CCC(C)Sc2cccc(C(=O)O)c21;CC1C=CN(C(O)CCC(=O)O)c2ccccc2S1;CC1=CCN(C(=O)CCC(O)O)c2ccccc2S1;CN(Cc1csc2ccccc12)CC(C)(O)C(=O)O;O=C(O)C1CCN(C(=O)c2cc3c(s2)CCCC3)C1;O=C(Cc1ccsc1)NC1C2CCC(C2)C1C(=O)O;O=C(NC1CCCC1C(=O)O)c1cc2c(s1)CCC2;O=C(Cn1cnnn1)N1CCc2c(F)ccc(F)c2C1;CCOC(=O)C(C)NC(=O)C1Cc2ccccc2S1;CC1(CNC(=O)c2cccc(C(=O)O)c2)CCCS1;CCN(CCC(=O)O)C(=O)C1CSc2ccccc21;CC(=O)OCc1cccc(SC2CCN(C)C2=O)c1;COC(=O)C(C)(C)NC(=O)C1Cc2ccccc2S1;CC1(C(=O)O)CCN(C(=O)c2sccc2C2CC2)C1;CCCN(CC(=O)O)C(=O)C1CSc2ccccc21;O=S(=O)(NC1CC2CC2C1)c1cccc2c1OCC2;CSCC(CCO)NC(=O)c1coc2ccccc12;CC1C=CN(C(=O)CCC(O)O)c2ccccc2S1
m_b8415b,O=C(NCCNc1cnccn1)C1CC1c1ccc(Br)cc1;OC(NCCNc1cnccn1)C1=CC1c1ccc(Br)cc1;OC(NCCNc1cnccn1)C1C=C1c1ccc(Br)cc1;OC(NCCNc1cnccn1)C1=C(c2ccc(Br)cc2)C1;O=C(N1CCC(n2cncn2)C1)C1(c2ccc(Br)cc2)CC1;O=C(N1CCC(n2cncn2)C1)C1(c2ccccc2Br)CC1;OC(NC=CNc1cnccn1)C1CC1c1ccc(Br)cc1;O=C(CCn1ccc2ccc(Br)cc21)NCCc1c[nH]cn1;O=C(CCn1ccc2cc(Br)ccc21)NCCc1c[nH]cn1;COC(=O)c1cccc([N+](=O)[O-])c1-c1c(C(=O)OC)cccc1[N+](=O)[O-];O=C(OCCOC(=O)c1cccc([N+](=O)[O-])c1)c1cccc([N+](=O)[O-])c1;CCCC(C(=O)O)N1C(=O)C(=Cc2c[nH]c3ccccc23)SC1=S;CC1CCN(c2cc(C(=O)Nc3ccc(Br)cn3)ccn2)C1;NC1CC(O)C2C(O)c3ccc(OS(=O)(=O)O)c(O)c3CN2C1=O;O=S(=O)(O)c1ccc2nc3c4ccccc4c4ccccc4c3nc2c1;CC(C)(C)c1noc(C2CN(c3ccc(Br)cc3C#N)C2)n1;CC1OC(C=C=CBr)C2C=CCC(O)C(O)CC(O)C1O2;CC(=O)OCOC(=O)C1=C(COC(N)=O)SC2C(C(C)O)C(=O)N12;CC1OC(C=C=CBr)C=CC(O)CC(O)C2CC(O)C1O2;N#Cc1c(O)c2c(-c3ccc(-c4ccccc4O)cc3)csc2[nH]c1=O;Cc1cnc2c(S(=O)(=O)Nc3ccc(F)c(C(=O)O)c3)cccc2c1;O=C(O)c1ccc(Cl)c(CN2CCn3c(nnc3C(F)(F)F)C2)c1;CC1Cc2c(Cl)c(OC3OC(CO)C(O)C3O)cc(O)c2C(=O)O1;CC(C)C(=O)Oc1ccc2c(c1)OC(=Cc1c(F)cccc1Cl)C2=O;O=C(O)c1cccc(Cl)c1CN1CCn2c(nnc2C(F)(F)F)C1
m_b8a6f4,CC1CN(Cc2ccccc2NC(=O)c2cccnc2O)CC(C)O1;CC1CN(Cc2ccccc2NC(=O)c2ccc(O)nc2)CC(C)O1;CC1CN(Cc2ccccc2NC(=O)c2cncc(O)c2)CC(C)O1;CC1CN(Cc2ccccc2NC(=O)c2cnccc2O)CC(C)O1;CC1CN(Cc2cc(O)ccc2NC(=O)c2cccnc2)CC(C)O1;CC1CN(Cc2ccc(O)cc2NC(=O)c2cccnc2)CC(C)O1;CC1CN(Cc2c(O)cccc2NC(=O)c2cccnc2)CC(C)O1;CC1CN(Cc2cccc(O)c2NC(=O)c2cccnc2)CC(C)O1;CCOC1CN(c2ccccc2)CCC1NC(=O)c1cccnc1O;CCOC1(NC(=O)c2cccnc2O)CCN(c2ccccc2)CC1;CCOc1ccc(N2CCC(NC(=O)c3cccnc3O)CC2)cc1;CC1CN(Cc2ccccc2NC(=O)c2cccnc2)CC(CO)O1;CCOC1CC(NC(=O)c2cccnc2O)CCN1c1ccccc1;CCOc1ncccc1C(=O)NC1CCN(c2ccc(O)cc2)CC1;CC1CN(C(O)c2ccccc2NC(=O)c2cccnc2)CC(C)O1;CCOc1ncccc1C(=O)NC1CCN(c2ccccc2)CC1O;CCOc1ncccc1C(=O)NC1CCN(c2ccccc2O)CC1;CCOc1ccccc1N1CCC(NC(=O)c2cccnc2O)CC1;CCOc1ncccc1C(=O)NC1CCN(c2ccccc2)C(O)C1;CC1CN(Cc2ccccc2NC(=O)c2cccnc2)CC(C)(O)O1;COc1ccccc1N1CCC(N(C)C(=O)c2cccnc2O)CC1;COc1ccc(N2CCC(N(C)C(=O)c3cccnc3O)CC2)cc1;Cc1ccc(C(CN2CCOCC2)NC(=O)c2cccnc2O)cc1;CC(C)(C)CC(=O)NCC(=O)Nc1cccc(Oc2ccncc2)c1;CCOc1ncccc1C(=O)NC1(O)CCN(c2ccccc2)CC1
m_b8f328,Cc1cc(NC(=O)c2cccc(F)c2)sc1C(=O)NCCc1cccs1;Cc1cc(=O)oc2cc(OCC(=O)Nc3ccc(S(N)(=O)=O)cc3)ccc12;COCCOC(=O)c1c(C)oc2ccc(OC(=O)c3ccc(Cl)cc3)cc12;COCCOC(=O)c1c(C)oc2ccc(OC(=O)c3ccccc3Cl)cc12;O=C1CCC2(O)c3c(ccc(O)c31)-c1ccc(O)c3c1C2C(O)C(Cl)C3O;NS(=O)(=O)c1ccc(CNC(=O)COc2ccc3ccc(=O)oc3c2)cc1;COc1ccc(S(N)(=O)=O)cc1C(=O)OCc1ncc(-c2ccccc2)o1;O=C1CCC(c2ccc(O)c3c2C(=O)C(Cl)C(O)C3O)c2cccc(O)c21;O=C1CC(O)C2c3ccc(O)c4c3C(c3ccc(O)c1c32)C(O)C(Cl)C4O;COc1ccc(C(=O)OCc2ncc(-c3ccccc3)o2)cc1S(N)(=O)=O;O=C(Oc1ccc2c(c1)OC(=Cc1cccnc1)C2=O)c1cccc([N+](=O)[O-])c1;O=C(Oc1ccc2c(c1)OC(=Cc1ccncc1)C2=O)c1cccc([N+](=O)[O-])c1;COC(=O)c1cc(COc2cc3oc(=O)c4c(c3cc2Cl)CCC4)c(C)o1;O=c1cc(CN2CCN(c3cccc(Cl)c3)CC2)c2cc(Cl)ccc2o1;Cc1cnc(C(NS(=O)(=O)c2ccc(OCC(F)F)cc2)C2CC2)s1;CC(C)OC(=O)COc1ccc2c(=O)c(Oc3ccccc3Cl)coc2c1;O=C(c1ccccc1)c1c(-c2ccccc2)oc2c([N+](=O)[O-])cc([N+](=O)[O-])cc12;CCCCC=Cc1c(O)cc2c(c1O)C(=O)c1c(cc(O)c(Cl)c1O)C2=O;O=C(Oc1ccc2c(c1)OC(=Cc1cccnc1)C2=O)c1ccc([N+](=O)[O-])cc1;CCOC(=O)C1Cc2c([nH]c3ccccc23)C(c2ccc(Cl)cc2Cl)N1;CCS(=O)(=O)c1ccccc1C(=O)Nc1ccc(OCC(F)(F)F)nc1;O=C(Oc1ccc2c(c1)OC(=Cc1ccncc1)C2=O)c1ccc([N+](=O)[O-])cc1;CS(=O)(=O)c1ccc(CNC(=O)c2cccc(OCC(F)(F)F)n2)cc1;O=S(=O)(NC1(c2nccs2)CCCC1)c1ccc(OCC(F)F)cc1;O=C(O)C1CN(C(=O)CCc2nc3cc(C(F)(F)F)ccc3s2)CCO1
m_b9f2b4,CCC(CC)c1cc(C(=O)NC2CCN(CC3(O)CCCCC3)CC2)on1;CC(C)CCc1cc(C(=O)NC2CCN(CC3(O)CCCCC3)CC2)no1;CC(C)CCc1conc1C(=O)NC1CCN(CC2(O)CCCCC2)CC1;CCC(CC)c1cc(C(=O)NC2CCN(CC3CCCC(O)C3)CC2)on1;CCC(CC)c1cc(C(=O)NC2CCN(CC3CCC(O)CC3)CC2)on1;CCC(CC)c1cc(C(=O)NC2CCN(CC3CCCCC3O)CC2)on1;CC(C)CCOC1(CN2CCC(NC(=O)c3ccon3)CC2)CCCCC1;CCC(CC)c1cc(C(=O)NC2CCN(C(O)C3CCCCC3)CC2)on1;CCC(CC)c1cc(C(=O)NC2CCN(CC3CCCCC3)CC2O)on1;CC(C)=CCc1cc(C(O)NC2CCN(CC3(O)CCCCC3)CC2)no1;CCC(CC)c1cc(C(=O)NC2(O)CCN(CC3CCCCC3)CC2)on1;CC(C)=CCc1conc1C(O)NC1CCN(CC2(O)CCCCC2)CC1;CCC(CCO)c1cc(C(=O)NC2CCN(CC3CCCCC3)CC2)on1;CCC(O)(CC)c1cc(C(=O)NC2CCN(CC3CCCCC3)CC2)on1;CC=C(CC)c1cc(C(O)NC2CCN(CC3(O)CCCCC3)CC2)on1;CCC(c1cc(C(=O)NC2CCN(CC3CCCCC3)CC2)on1)C(C)O;COCCN(CC1CCCN2CCCCC12)C(=O)CCc1c(C)noc1C;CCC(CC)c1noc(C(=O)NC2CCN(CC3CCCCC3)CC2)c1O;CC(C)=CCOC1(CN2CCC(NC(O)c3ccon3)CC2)CCCCC1;CC(=O)NCC1C=C(C)C(CC(=O)N2CCN(C(C)=O)CC2)CC1C(C)C;CCC(CC)c1cc(C(O)NC2CCN(CC3(O)CC=CCC3)CC2)on1;CCN1CCC2(CC1)OC(=O)C(C)=C2C(=O)NCCCN1CCCCC1C;O=C(NC1CCN(C2CCCCC2)C1=O)N1CCC(C2CCOCC2)CC1;CCC(CC)c1cc(C(=O)NC2CCN(CC3CCCCC3)C(O)C2)on1;CC(=O)NC1CCC2(C)CCC(C(C)C(=O)N(C)CCC#N)C(O)C2C1C
m_baccbd,c1nc(N2CCCC(c3nnc4n3CCCCC4)C2)c2[nH]cnc2n1;CC(C)(C)c1ccc(N2CCN(c3ncnc4[nH]ncc34)CC2)nn1;Cc1cc(N2CCN(c3nc(C)nc(C)c3C)CC2)n2ncnc2n1;Cc1ccc(N2CCCC(N(C)c3ncnc4c3cnn4C)C2)nn1;CCNc1cc(C)nc(N2CCN(c3ncnc4[nH]ccc34)CC2)n1;Cc1nnc(C2CN(C)CC23CN(c2nnc(C)c(C)c2C#N)C3)[nH]1;CC(=C1C(=O)CC2C1C2(C)C)N1CC2CC(C1)c1cccc(=O)n1C2;COc1cc(C)c2c(c1C)CC(C(C)C(=O)Nc1ccccn1)CC2;CCC(CC(=O)N(Cc1ccncc1)C1CC1)c1ccc(OC)cc1;CCCCc1ccc(NC(=O)c2ccc(NC(=O)CCC)cc2)cc1;COc1ccc(C(CNC(=O)c2cccc(C)c2)N2CCCC2)cc1;CC=C1CN2C3CC45c6cc(OC)ccc6N(C)C4C2CC1C3C5O;Cc1nc(C)n(CC2CCCN2Cc2nnnn2-c2ccccc2)n1;CCCCc1ccc(NC(=O)c2cccc(NC(=O)CCC)c2)cc1;C[N+]12CCCC34CCC5(Nc6ccccc6C5(CC1)C32)C(C(=O)[O-])C4;CC=C1CN(C)C2Cc3c(n(OC)c4ccccc34)C3CC1C2CO3;CC=C1CN2C3CC45c6ccc(OC)cc6N(C)C4C2CC1C3C5O;COc1ccc(C(CNC(=O)c2ccc(C)cc2)N2CCCC2)cc1;CC=C1CC2CC34N(CCC3(c3ccccc3N4C)C2C(=O)OC)C1;CC(=O)N1c2ccccc2C23CCN4CC5C(C)OCC(C5CC42)C13;COc1ccccc1C(=O)NCC(c1ccc(C)cc1)N1CCCC1;CC=C1CN2CCc3c([nH]c4ccccc34)C2CC1CCOC(C)=O;CC(=O)N1c2c(O)cccc2C23CCN4CCCC5(CCC12CC5)C43;C=CC1CN2CCC1CC2C(OC)c1ccnc2ccc(OC)cc12;COc1ccc(C(CNC(=O)Cc2ccccc2)N2CCCC2)cc1
m_bb75e4,COc1ncc(NCc2ccc(Cl)s2)cc1C(N)=O;COc1ncc(NCc2sccc2Cl)cc1C(N)=O;COc1ncc(C(N)=O)cc1NCc1ccc(Cl)s1;COc1c(NCc2ccc(Cl)s2)cncc1C(N)=O;COc1ncc(C(N)=O)cc1NCc1sccc1Cl;Cc1nc(O)c(C(N)=O)cc1NCc1ccc(Cl)s1;COc1c(NCc2sccc2Cl)cncc1C(N)=O;CNC(=O)c1cc(NCc2ccc(Cl)s2)cnc1O;Cc1nc(O)c(C(N)=O)cc1NCc1sccc1Cl;Cc1c(NCc2ccc(Cl)s2)cnc(O)c1C(N)=O;CN(Cc1ccc(Cl)s1)c1cnc(O)c(C(N)=O)c1;CNC(=O)c1cc(NCc2sccc2Cl)cnc1O;Cc1c(NCc2sccc2Cl)cnc(O)c1C(N)=O;CN(Cc1sccc1Cl)c1cnc(O)c(C(N)=O)c1;Cc1csc(CNc2cnc(O)c(C(N)=O)c2)c1Cl;Cc1cc(Cl)sc1CNc1cnc(O)c(C(N)=O)c1;Cc1cc(Cl)c(CNc2cnc(O)c(C(N)=O)c2)s1;COc1cc(Cl)sc1CNc1cncc(C(N)=O)c1;Cc1cc(CNc2cnc(O)c(C(N)=O)c2)sc1Cl;COc1cc(CNc2cncc(C(N)=O)c2)sc1Cl;COc1cc(Cl)c(CNc2cncc(C(N)=O)c2)s1;COc1csc(CNc2cncc(C(N)=O)c2)c1Cl;CCOC(=O)Cc1csc(Nc2ccc(Cl)cn2)n1;COCc1nc(C)c(C(=O)Nc2ncccc2Cl)s1;O=S(=O)(c1cccc(Cl)c1)N1CCCn2nccc21
m_bbb21f,O=C(NCc1ccc(C2CC2)cc1)C1CCCN1C(=O)C1CC1;O=C(NCc1ccc(C2CC2)cc1)C1CCCN1C(O)C1=CC1;O=C(NCc1ccc(C2CC2)cc1)C1CCCN1C(O)C1C=C1;Cc1ccc(C=CCC(=O)NCC2CC(=O)N(C3CC3)C2)cc1;CCc1noc(CC)c1CNC(=O)C1CCc2ccccc2C1;O=C(C1=CC1)N1CCCC1C(O)NCc1ccc(C2CC2)cc1;O=C(C1C=C1)N1CCCC1C(O)NCc1ccc(C2CC2)cc1;O=C(C1CC1)N1CCC=C1C(O)NCc1ccc(C2CC2)cc1;O=C(C1CC1)N1CC=CC1C(O)NCc1ccc(C2CC2)cc1;O=C(C1CC1)N1CCCC1C(O)NCc1ccc(C2=CC2)cc1;O=C(C1CC1)N1CCCC1C(O)NCc1ccc(C2C=C2)cc1;O=C(C1CC1)N1C=CCC1C(O)NCc1ccc(C2CC2)cc1;O=C(NCCCc1ccccc1)NC(CO)Cc1ccccc1;CC(CCc1ccccc1)NC(=O)NCCOc1ccccc1;O=C(NCc1ccc(C2CC2)cc1)C1CC=CN1C(O)C1CC1;O=C(NCc1ccc(C2CC2)cc1)C1=CCCN1C(O)C1CC1;CC(C)c1cc(C(=O)N2CCC(C)(c3ccccc3)CC2)no1;O=C(NCc1ccc(C2C=C2)cc1)C1CCCN1C(O)C1CC1;O=C(CC1C=CCC1)NC(CN1CCCC1=O)c1ccccc1;O=C(C1CCCCC1)N1CC(=O)N2CCc3ccccc3C2C1;CC(C)c1cc(C(=O)N2CCC(c3ccccc3)CC2C)no1;CC(C)C(=O)N1CCCC1C(=O)N1CC2(CC2)c2ccccc21;O=C(NCc1ccc(C2=CC2)cc1)C1CCCN1C(O)C1CC1;O=C(CCCn1cccc1)NCC1CCOC1c1ccccc1;O=C(NCc1ccc(C2CC2)cc1)C1C=CCN1C(O)C1CC1
m_bbc0aa,CNC(=O)CC1(O)CCCN(CCC=Cc2ccccc2)C1;CNC(=O)CC1(O)CCCN(CC=CCc2ccccc2)C1;CNC(=O)CC1(O)CCCN(Cc2ccccc2C2CC2)C1;CNC(=O)CC1CN(CCC=Cc2ccccc2)CCC1O;COC1(CC(N)=O)CCCN(CCC=Cc2ccccc2)C1;CNC(=O)C(O)C1CCCN(CCC=Cc2ccccc2)C1;CNC(=O)CC1(O)CCCN(C=CCCc2ccccc2)C1;CNC(=O)CC1CC(O)CN(CCC=Cc2ccccc2)C1;Cc1ccc(C=CCCN2CCCC(O)(CC(N)=O)C2)cc1;CNC(=O)CC1(O)C=CCN(CCCCc2ccccc2)C1;Cc1ccccc1C=CCCN1CCCC(O)(CC(N)=O)C1;CNC(=O)CC1CCCN(CCC=Cc2ccccc2)C1O;CNC(=O)CC1(O)CC=CN(CCCCc2ccccc2)C1;CNC(=O)CC1CCC(O)N(CCC=Cc2ccccc2)C1;Cc1cccc(C=CCCN2CCCC(O)(CC(N)=O)C2)c1;CN(C(=O)NC1CCC(O)CC1)C1CCc2ccccc2C1;COC1(CC(N)=O)CCCN(Cc2ccccc2C2CC2)C1;O=C(CC1CCCN(CCC=Cc2ccccc2)C1)NCO;O=C(NC1CCC(CO)CC1)NC1CCc2ccccc2C1;CNC(=O)CC1CCCN(CC(O)C=Cc2ccccc2)C1;CNC(=O)CC1CCCN(CCC(O)=Cc2ccccc2)C1;CCOC1CCN(C(=O)NC2CCc3ccccc3C2)CC1;CNC(=O)CC1CCCN(CCC=C(O)c2ccccc2)C1;CNC(=O)CC1CCCN(C(O)CC=Cc2ccccc2)C1;Cc1ccc(C2CC2)c(CN2CCCC(O)(CC(N)=O)C2)c1
m_bcb981,CCN1CCOC(CNC(=O)c2cn[nH]c2C)C1c1ccccc1;Cc1ccc(C2C(CNC(=O)c3cn[nH]c3C)OCCN2C)cc1;Cc1ccccc1C1C(CNC(=O)c2cn[nH]c2C)OCCN1C;Cc1cccc(C2C(CNC(=O)c3cn[nH]c3C)OCCN2C)c1;Cc1[nH]ncc1C(=O)N(C)CC1OCCN(C)C1c1ccccc1;Cc1cc(C(=O)N(C)CC2OCCN(C)C2c2ccccc2)[nH]n1;CN(CC1OCCN(C)C1c1ccccc1)C(=O)Cc1ccn[nH]1;CCN1CCOC(CNc2cncc(OC)n2)C1c1ccccc1;CCN1CCOC(CNc2nc(O)cnc2C)C1c1ccccc1;CCN1CCOC(CNc2cnc(OC)cn2)C1c1ccccc1;CCN1CCOC(CNc2cnc(C)c(O)n2)C1c1ccccc1;CCN1CCOC(CNc2nc(C)cnc2O)C1c1ccccc1;CCN1CCOC(CNc2nccn(C)c2=O)C1c1ccccc1;CCN1CCOC(CNc2cnc(O)c(C)n2)C1c1ccccc1;CCN1CCOC(CNc2ncc(O)nc2C)C1c1ccccc1;CN1CCC(Oc2ccc(CNC(=O)c3ccnn3C)cc2)CC1;Cc1nn(C)cc1C(=O)NCC1OCCN(C)C1c1ccccc1;CCN1CCOC(CNc2nccnc2OC)C1c1ccccc1;CCN1CCOC(CNc2ncc(C)nc2O)C1c1ccccc1;Cc1n[nH]c(C)c1C(=O)NCC1OCCN(C)C1c1ccccc1;CCN1CCOC(CN(C)c2cncc(O)n2)C1c1ccccc1;CCN1CCOC(CN(C)c2nccnc2O)C1c1ccccc1;CCN1CCOC(CN(C)c2cnc(O)cn2)C1c1ccccc1;CCN1CCOC(CNc2cnc(O)cn2)C1c1ccc(C)cc1;CCN1CCOC(CNc2nccnc2O)C1c1ccc(C)cc1
m_bcd97d,CC(NC(=O)c1ccco1)c1ccc(F)cc1F;c1ccc(C(c2cccnc2)c2ccsc2)cc1;N#Cc1ccc(Oc2ccc3c(c2)COB3O)cc1;Cc1cc(C(=O)Nc2ccc(F)cc2F)c(C)o1;C[SH+]([O-])C=CC#CC=C1C=CC2(CCCO2)O1
m_bcdd81,Cc1cnn(C(C)(CC2CCOCC2)C(=O)O)c1;Cc1cnn(C(C)CC2CCOCC2)c1C(=O)O;Cc1cnn(C(C)(C=C2CCOCC2)C(O)O)c1;Cc1cn(C(C)CC2CCOCC2)nc1C(=O)O;Cc1cnn(C(C)(CC2=CCOCC2)C(O)O)c1;O=C(NC1CC2CCC1O2)NC1CC2CCC1O2;CNC(=O)C1CN(C(=O)C2CC23CCOCC3)C1;Cc1cnn(C(C)(CC2C=COCC2)C(O)O)c1;C1CCC(Cc2noc(C3CCOCC3)n2)OC1;OCC(NCC1NCC(O)C1O)c1ccccc1;O=P(O)(O)CCCCCCCCCCCO;Cc1conc1C(=O)NC1(CO)CCCC1(C)C;CN(C)C(=O)C1(C(=O)NC2CC3CCC2O3)CC1;CC1(C)CN(C(=O)C(=O)NC2CC2)C2COCC21;CCCCC1=NC2(CCCC2)C(=O)N1CC(=O)O;O=C(Cc1ccon1)NC1CCCCCC1CO;CCc1cc(C)c(C(=O)NC2CNCC2OC)o1;O=C(O)C(CNC(=O)N1CC2CC1C2)C1CCC1;NCC(O)CCC(NCc1ccccc1)C(=O)O;NCCCCNC(Cc1ccc(O)cc1)C(=O)O;Cc1noc(C)c1C(=O)NCC1(CO)CCCC1;O=C1CCCN1CC(=O)N1CCOCC2(CC2)C1;COc1ccc(CNCCCC(N)C(=O)O)cc1;O=C1CC(C(=O)N2CCOCC2C2CCC2)CN1;OCC1(CNCc2cccnc2)CC(O)C(O)C1
m_bd0de9,O=C(Cn1cc(F)ccc1=O)Nc1ccccc1C(F)(F)F;O=C(Nc1ccc(F)cc1OCC(F)F)c1ccncc1F;O=C(COc1cccc(C(F)(F)F)n1)Nc1cccc(F)c1;O=C(Cc1ccc(F)cc1)Nc1cc(C(F)(F)F)c[nH]c1=O;O=C(Nc1cccn(CC(F)(F)F)c1=O)c1ccc(F)cc1;C=CC(C)(CCC=C(C)C)OP(=O)(O)OP(=O)(O)O;CSc1nc2c(O)ncnc2n1C1OC(CO)C(O)C1O;CC1(C)C2CCC1(C)C(OP(=O)(O)OP(=O)(O)O)C2;C[S+]([O-])CC1OC(n2cnc3c(=O)[nH]cnc32)C(O)C1O;CC(C)=CCCC(C)=CCOP(=O)(O)OP(=O)(O)O;Cc1nccc(C(=O)Nc2ccn(-c3ncccc3Cl)n2)n1;N#Cc1cc([N+](=O)[O-])cc2c1C=Cc1c(ccc3ccccc13)O2;Cc1nc(CCNC(=O)c2ccc(C(F)(F)F)cc2)cs1;C[n+]1ccn(CC2(C)C(C(=O)[O-])N3C(=O)CC3S2(=O)=O)n1;O=C1c2c[n+]([O-])c3ccccc3c2C(=O)c2[nH]c3ccccc3c21;O=C1CN(N=Cc2ccc(-c3ccc([N+](=O)[O-])cc3)o2)C(=O)N1;O=C(O)c1cc2c3ccccc3n3c(=O)c4ccccc4c(n1)c23;CCOc1ncc(C(=O)N2CCOCC2C(=O)O)cc1Cl;CNC(=O)C1CCC(C(=O)O)N(C(=O)c2ccc(Cl)o2)C1;CC(Sc1ccc(C#N)c(C(F)(F)F)c1)C(=O)NC1CC1;CCc1cc2c(=O)c(-c3ccccc3Cl)coc2cc1OC;Fc1cc(F)c(NCc2csc(C3CCCO3)n2)cc1F;NC(=S)NN=C(C(=S)Nc1ccccc1)c1ccccc1;CCOc1ccc2oc(=O)c(-c3cccc(Cl)c3)c(C)c2c1;CCc1cc2c(=O)c(-c3ccccc3Cl)c(C)oc2cc1O
m_bd907b,CN(CC12CC3CC(CC(C3)C1)C2)C(=O)c1cnccn1;Cc1nccnc1C(=O)NCC12CC3CC(CC(C3)C1)C2;Cc1cncc(C(=O)NCC23CC4CC(CC(C4)C2)C3)n1;Cc1cnc(C(=O)NCC23CC4CC(CC(C4)C2)C3)cn1;O=C(NCC1CC2C=CC1CC2)C1CCc2cn[nH]c2C1;Nc1ccc(C(=O)NC23CC4CC(CC(C4)C2)C3)cc1N;OC1CCC2(CC1)CCN(c1nc3ccccc3[nH]1)CC2;CN(CC12C=C3CC(CC(C3)C1)C2)C(O)c1cnccn1;C=CC1CN2CCC1CC2CNC(=O)Nc1ccccc1;CN(CC12CC3=CC(CC(C3)C1)C2)C(O)c1cnccn1;Cc1nccc(CCC(=O)N2CC3(CCC3)C2C2CC2)n1;CCn1cc(NC(=O)C(CC)(CC)c2ccccc2)cn1;CC(NCC1CCC(C(N)=O)CC1)c1cccc(C#N)c1;c1ccc(CCCN2CCOC(Cn3cccn3)C2)cc1;Cc1ccccc1CC(C)NC(=O)CCc1cnn(C)c1;CC(=Cc1ccccc1)CN1CCC2C(C1)NC(=O)N2C;CN(C)c1ncccc1C(=O)N1CC2(CCC2)C1C1CC1;CNC(=O)C1CCCCC1NC(C)c1cccc(C#N)c1;Cc1noc(CN2CCCC(C)(c3ccccc3)CC2)n1;CC(C)(C)c1ccc(OCc2nnc3n2CCCC3)cc1;CNC(=O)CCc1c(C)nn(Cc2ccc(C)cc2)c1C;COc1ccc(CN(CCN(C)C)c2ccccn2)cc1;Cc1cc(C)cc(CCNC(=O)CCn2cc(C)cn2)c1;CCc1nnc(C(C)NC2CCCC2c2ccccc2)o1;Cc1cc(CN2CCN(Cc3ccccc3C)CC2)no1
m_bda18e,COCc1nc(C(=O)Nc2c(C)c(C)nn2C)cs1;COCc1nc(C(=O)Nc2c(C)nn(C)c2C)cs1;Cc1nn(C)c(NC(=O)c2nc(CO)sc2C)c1C;Cc1nn(C)c(C)c1NC(=O)c1nc(CO)sc1C;Cc1nn(C)c(C)c1N(C)C(=O)c1csc(CO)n1;Cc1nn(C)c(N(C)C(=O)c2csc(CO)n2)c1C;CC(C)c1cc(NC(=O)N(C)Cc2nccs2)no1;Cc1cc(NC(=O)CCn2c(C)csc2=O)n(C)n1;COCc1nc(C)c(C(=O)N(C)c2cnn(C)c2)s1;Cc1csc(=O)n1CCC(=O)N(C)c1ccn(C)n1;CCc1cnc(CNC(=O)Nc2c(C)noc2C)s1;Cc1cc(NC(=O)NCC(C)c2ncc(C)s2)no1;Cc1noc(C2CC(O)CN2CCc2ccns2)n1;OCC1OC(OC2CCCSC2)C(O)C(O)C1O;CC=CCn1c(SCC)nc2c1c(=O)[nH]c(=O)n2C;CCN(c1cccnc1)S(=O)(=O)c1cn(C)c(C)n1;Cc1ccncc1NS(=O)(=O)c1cnn(C(C)C)c1;CCn1cc(S(=O)(=O)N(C)c2cccc(C)n2)cn1;CC(NC(=O)c1cscn1)c1nc(C(C)(C)C)no1;CC(C)n1cc(S(=O)(=O)N(C)c2cccnc2)cn1;CC(C)(C)c1nnc(NCc2cc(C(N)=O)cs2)o1;CC(C)n1cnc(S(=O)(=O)N(C)c2cccnc2)c1;CCN(c1ccncc1)S(=O)(=O)c1cn(C)c(C)n1;CC12CCC(=O)N1C(C(=O)NCc1cc[nH]n1)CS2;CCC(C)NC(=O)Cn1cnc2snc(C)c2c1=O
m_bf639c,COc1ccc(F)cc1C(C)NC(=O)N1CCCC1C1CCCN1C;COc1cccc(F)c1C(C)NC(=O)N1CCCC2CN(C)CCC21;COc1c(F)cccc1C(C)NC(=O)N1CCCC1C1CCCN1C;COc1cc(F)cc(C(C)NC(=O)N2CCCC2C2CCCN2C)c1;Cc1cc(O)c(C(C)NC(=O)N2CCCC2C2CCCN2C)cc1F;Cc1cc(F)cc(C(C)NC(=O)N2CCCC2C2CCCN2C)c1O;COc1ccc(C(C)NC(=O)N2CCCC2C2CCCN2C)cc1F;Cc1c(F)ccc(O)c1C(C)NC(=O)N1CCCC1C1CCCN1C;COc1cc(CCNC(=O)N2CCC(CN3CCCC3)C2)ccc1F;COC(CNC(=O)N1CCCC2CN(C)CCC21)c1ccc(F)cc1;C=C(C)CN1CCC(NC(=O)NC(C)c2c(F)cccc2OC)CC1;CC(c1cc(F)ccc1O)N(C)C(=O)N1CCCC1C1CCCN1C;COc1ccc(F)cc1C(C)N(C)C(=O)N1CCCC1C1CCCN1;CCN1CCC2CCC(C1)N2CC(=O)NCCOc1cccc(F)c1;CC(C)Oc1ccc(CNC(=O)N2CCC3CCC(C2)N3C)cc1F;COc1ccc(F)c(C)c1C(C)NC(=O)N1CCCC1C1CCCN1;COc1c(C)cc(F)cc1C(C)NC(=O)N1CCCC1C1CCCN1;COc1cc(C)c(F)cc1C(C)NC(=O)N1CCCC1C1CCCN1;O=C(CN1CCCC(N2CCCC2)C1)NCCOc1cccc(F)c1;COc1ccc(F)cc1C(C)NC(O)N1CCCC1C1CC=CN1C;COc1ccc(F)cc1C(C)NC(O)N1CC=CC1C1CCCN1C;COc1ccc(F)cc1C(C)NC(O)N1C=CCC1C1CCCN1C;COc1ccc(F)cc1C(C)NC(O)N1CCCC1C1C=CCN1C;COc1ccc(F)cc1C(C)NC(O)N1CCC=C1C1CCCN1C;COc1ccc(F)cc1C(C)NC(O)N1CCCC1=C1CCCN1C
m_bf6cfe,O=C(NCc1ccc2c(c1)OCCO2)Nc1ccncc1;O=C(NCc1cccc2c1OCCO2)Nc1ccncc1;O=C(NCc1ccc2c(c1)OCCO2)Nc1cccnc1;CC(NC(=O)Nc1ccncc1)c1ccc(C(=O)O)cc1;CC(NC(=O)Nc1ccncc1)c1cccc(C(=O)O)c1;CC(NC(=O)Nc1ccncc1)c1ccccc1C(=O)O;COc1ccc(C(=CO)NC(=O)Nc2ccncc2)cc1;COc1ccccc1C(=CO)NC(=O)Nc1ccncc1;COc1cccc(C(=CO)NC(=O)Nc2ccncc2)c1;COC(=O)c1ccc(C)c(NC(=O)Cc2cncnc2)c1;Cc1nccc(C(=O)NC(Cc2ccccc2)C(=O)O)n1;CC(NC(=O)Nc1ccncc1C(=O)O)c1ccccc1;CNc1ccc(C(=O)Nc2cccc3c2OCCO3)cn1;CC(NC(=O)Nc1ccnc(C(=O)O)c1)c1ccccc1;OC(NCc1ccc2c(c1)OC=CO2)Nc1ccncc1;COC(=O)C1Cc2[nH]cnc2CN1C(=O)c1ccccc1;Cc1cc(NC(=O)C2Cc3ccccc3C(=O)O2)n(C)n1;O=C(NC1CCCN(c2cccnc2)C1=O)c1ccco1;O=C(C=Cc1ccccc1)NC(Cc1c[nH]cn1)C(=O)O;COc1cnccc1NC(=O)NC(=CO)c1ccccc1;Nc1ccc(C(=O)NCCc2ccccc2)cc1[N+](=O)[O-];NC(Cc1ccccc1)C(=O)Nc1ccc([N+](=O)[O-])cc1;C#CCN(C)C(=O)c1c(-c2cccnc2)noc1C(C)O;CCC(NC(=O)c1ccnnc1)(C(=O)O)c1ccccc1;COc1cc(NC(=O)NC(=CO)c2ccccc2)ccn1
m_c1b10a,COc1ccc(C(Cc2ccccc2)NC(=O)N2CCC(O)(C3CC3)CC2)cc1;COc1cccc(C(Cc2ccccc2)NC(=O)N2CCC(O)(C3CC3)CC2)c1;COc1ccccc1CC(NC(=O)N1CCC(O)(C2CC2)CC1)c1ccccc1;Cc1cc(C(Cc2ccccc2)NC(=O)N2CCC(O)(C3CC3)CC2)ccc1O;COc1ccccc1C(Cc1ccccc1)NC(=O)N1CCC(O)(C2CC2)CC1;COc1cccc(CC(NC(=O)N2CCC(O)(C3CC3)CC2)c2ccccc2)c1;COc1ccc(CC(NC(=O)N2CCC(O)(C3CC3)CC2)c2ccccc2)cc1;Cc1cc(O)ccc1C(Cc1ccccc1)NC(=O)N1CCC(O)(C2CC2)CC1;COc1ccc(C(Cc2ccccc2)NC(=O)N2CCC(C3(O)CC3)CC2)cc1;Cc1ccc(CC(NC(=O)N2CCC(O)(C3CC3)CC2)c2ccc(O)cc2)cc1;Cc1ccccc1CC(NC(=O)N1CCC(O)(C2CC2)CC1)c1ccc(O)cc1;Cc1cccc(CC(NC(=O)N2CCC(O)(C3CC3)CC2)c2ccc(O)cc2)c1;COc1ccc(C(Cc2ccccc2)NC(=O)N2CCC(C3CC3)C(O)C2)cc1;COc1ccc(C(Cc2ccccc2)NC(=O)N2CCC(C3CC3)CC2O)cc1;COc1ccc(C(Cc2ccccc2)NC(=O)N2CCC(C3CC3O)CC2)cc1;COc1ccc(C(Cc2ccccc2)NC(O)N2CCC(O)(C3=CC3)CC2)cc1;COc1ccc(C(Cc2ccccc2)NC(O)N2CCC(O)(C3C=C3)CC2)cc1;COc1cccc(CC(NC(=O)NC=C(C)OCC=C(C)C)c2ccccc2)c1;COC1(C2CC2)CCN(C(=O)NC(Cc2ccccc2)c2ccc(O)cc2)CC1;COc1cccc(CC(NC(=O)NCC(C)OC=C=C(C)C)c2ccccc2)c1;CN(C(=O)N1CCC(O)(C2CC2)CC1)C(Cc1ccccc1)c1ccc(O)cc1;COc1ccc(C(Cc2ccccc2)NC(O)N2C=CC(O)(C3CC3)CC2)cc1;COc1ccc(C(NC(=O)N2CCC(C3CC3)CC2)C(O)c2ccccc2)cc1;O=C(CN1CCOC2(CCOCC2)C1)NC(Cc1ccccc1)c1ccccc1;O=C(NC(Cc1ccccc1)c1ccc(OCO)cc1)N1CCC(C2CC2)CC1
m_c1ec62,COC1CC(c2nc(C)c(C)[nH]2)N(Cc2ccncc2F)C1;Cc1nc(C2CC(O)CN2Cc2ccnc(C)c2F)[nH]c1C;Cc1cc(CN2CC(O)CC2c2nc(C)c(C)[nH]2)c(F)cn1;Cc1cncc(F)c1CN1CC(O)CC1c1nc(C)c(C)[nH]1;COCCN(CC(F)F)C(=O)NC(C)c1cn(C)nc1C;c1c[nH]c(Cc2ccc(Cc3ccc(Cc4ccc[nH]4)[nH]3)[nH]2)c1;Cc1nn(C)c(C)c1C(C)NC(=O)NCc1cccc(F)c1;CC(C)C(Cc1ccc(F)cc1)NC(=O)Nc1ccnn1C;CCC(CC)CN(CC)C(=O)c1cn(C(F)(F)CO)nn1;COCc1n[nH]c(C2CCCCN2Cc2ccccc2F)n1;CC1(C)COCCN1CCNc1ncnc2ccc(F)cc12;CC(C)NC1CCN(c2nc(-c3ccc(F)cc3)no2)CC1;CCn1nncc1CN1CCOC(c2ccc(F)c(C)c2)C1;N#Cc1ccccc1N1CCCC(NC(=O)NCCCF)C1;CC(C(=O)NCc1n[nH]c(C(C)(C)C)n1)c1ccccc1F;CC(C)CNC(=O)NC(c1cccc(F)c1)c1nccn1C;O=C(NCC1CC(F)CN1c1cccnn1)C1CC=CCC1;CCc1nn(C)cc1NC(=O)NC(C)c1ccc(C)c(F)c1;CCC(c1ccc(F)cc1)N1CCOC(c2nncn2C)C1;COc1cccc(F)c1C(C)NCc1nnc(C2CC2)n1C;CN(C)c1noc(CN(CCc2cccc(F)c2)C2CC2)n1;CCN1CCCC1CNc1nnc(Cc2ccccc2F)o1;CCN(C(=O)CCCn1cncn1)C(C)c1ccc(F)cc1;O=C(NCC1CC(F)CN1Cc1cncnc1)C1=CCCC1;Cc1cc(F)ccc1CCNC(=O)NC(C)c1cnn(C)c1
m_c2176f,Cc1cnc(C(=O)N2CCCC(c3nc(C(F)(F)F)cn3C)C2)cn1;Cc1nnccc1C(=O)N1CCCC(c2nc(C(F)(F)F)cn2C)C1;CN(CC1CCc2nc(C(F)(F)F)cn2C1)C(=O)Nc1ccncc1;CN(CC1CCc2nc(C(F)(F)F)cn2C1)C(=O)Nc1cccnc1;Cc1cc(C(=O)N2CCCC(c3ncc(C(F)(F)F)[nH]3)C2)nc(C)n1;O=C(c1cc2n(n1)CCC2)N1CCCC(c2ncc(C(F)(F)F)[nH]2)C1;Cc1ccncc1NC(=O)NCC1CCc2nc(C(F)(F)F)cn2C1;O=c1c(NCC2CCc3nc(C(F)(F)F)cn3C2)nccn1C1CC1;Cc1cc(NC(=O)NCC2CCc3nc(C(F)(F)F)cn3C2)ccn1;Cc1cncc(NC(=O)NCC2CCc3nc(C(F)(F)F)cn3C2)c1;CN(C)c1nccc(C2CN(c3ccnc(C(F)(F)F)c3)CCO2)n1;O=C(c1c[nH]nc1C1CC1)N1CCCC(c2ncc(C(F)(F)F)[nH]2)C1;O=C1CN2CCN(C(=O)c3cnccn3)CC2COc2ccccc2N1;OCCN1CCN(c2cc(C(F)(F)F)nc(-c3ccncc3)n2)CC1;CC=C1CC(=O)C(C)(O)C(=O)OCC2C(O)CN3CCC(OC1=O)C23;CC(=O)OC1CCN2CC=C(COC(=O)C3(O)C(C)OC(=O)C3C)C12;CCC(O)(C(=O)OCc1ccc(NC(=O)CCC(=O)O)cc1)C(C)O;OC1C(NCc2cncnc2)C2COC(O2)C1n1cnc2ccccc21;Cc1nccc(OC2C(=O)N(C)C3CN(C(=O)c4ccncc4)CC23)n1;Cc1nccc(OC2C(=O)N(C)C3CN(C(=O)c4cccnc4)CC23)n1;COc1ccc(C2OCC3OC(OC4C(O)CNC24)C(O)C3O)cc1;Cc1[nH]c2ccnn2c(=O)c1CC(=O)N1CCC(Oc2ccncc2)C1;CCC(O)(C(=O)OCc1ccccc1N=C(O)CCC(=O)O)C(C)O;O=C1CN2CCN(C(=O)c3cncnc3)CC2COc2ccccc2N1;Cn1cncc1-c1nnc(C2CCN(Cc3ccc(C(=O)O)cc3)C2)o1
m_c2313f,CC(=O)NCC(=O)N1CCC(=Cc2cc(Cl)ccc2Cl)CC1;CC(=O)NCC(=O)N1CC=C(Cc2cc(Cl)ccc2Cl)CC1;CC(=O)NCC(=O)N1C=CC(Cc2cc(Cl)ccc2Cl)CC1;CC(=O)NCC(O)N1C=CC(=Cc2cc(Cl)ccc2Cl)CC1;CC(O)NCC(=O)N1C=CC(=Cc2cc(Cl)ccc2Cl)CC1;Nc1cc(C2(CNC(=O)C3C=C3)CCOCC2)c(Cl)cc1Cl;Nc1c(Cl)ccc(C2(CNC(=O)C3C=C3)CCOCC2)c1Cl;CC1CC1C(NS(=O)(=O)c1cnnn1C)c1ccc(Cl)cc1;Nc1cc(C2(CNC(=O)C3=CC3)CCOCC2)c(Cl)cc1Cl;Nc1c(Cl)ccc(C2(CNC(=O)C3=CC3)CCOCC2)c1Cl;Nc1cc(Cl)cc(Cl)c1C1(CNC(=O)C2C=C2)CCOCC1;Nc1cc(Cl)cc(Cl)c1C1(CNC(=O)C2=CC2)CCOCC1;O=C(CCc1ccc(Cl)s1)N1CCC(c2nc(=O)[nH][nH]2)CC1;Nc1cc(C2(CNC(=O)C3CC3)C=COCC2)c(Cl)cc1Cl;O=[N+]([O-])c1ccc(-c2nnc3n2CN(c2ccccn2)CS3)cc1;Nc1cc(Cl)cc(Cl)c1C1(CNC(=O)C2CC2)C=COCC1;CC(C)CC(=O)OC(Cn1ccnc1)c1ccc(Cl)cc1Cl;Nc1c(Cl)ccc(C2(CNC(=O)C3CC3)C=COCC2)c1Cl;Cc1nc(-c2ccco2)nc2sc(C(=O)Nc3nnc[nH]3)c(C)c12;O=C(CNC(=O)c1ccc2c(c1)OCO2)NC1CCS(=O)(=O)C1;CC(=O)NC=C[S+]([O-])C1=C(C(=O)O)N2C(=O)C(=C(C)CO)C2C1;Cn1nccc1S(=O)(=O)NC1CCN(c2ccc(Cl)cc2)C1;COc1ccc(-c2noc(C(=O)O)c2C(C)NS(C)(=O)=O)cc1;CC(C)(NC(=O)Cn1cc(C(=O)O)nn1)c1cccc(Cl)c1F;CCc1noc(C)c1NS(=O)(=O)c1ccc(OC)c(C(=O)O)c1
m_c30e40,CCN(CC)S(=O)(=O)c1ccc(C)c(C(=O)N2CCC3(CCCOC3)C2)c1;CCC1CN(C(=O)c2cccc(C)c2)C(CO)C1CN1CCS(=O)(=O)CC1;CCN(CC)S(=O)(=O)c1ccc(C)c(C(O)N2CCC3(C=CCOC3)C2)c1;CCN(CC)S(=O)(=O)c1ccc(C)c(C(O)N2C=CC3(CCCOC3)C2)c1;CCC1CN(C(=O)Cc2ccccc2)C(CO)C1CN1CCS(=O)(=O)CC1;CCN(CC)S(=O)(=O)c1ccc(C)c(C(O)N2CCC3(CC=COC3)C2)c1;CCOC1CC2(CCN(C(=O)c3cc(C)c(C)c(S(=O)(=O)N(C)C)c3)C2)C1;CCNS(=O)(=O)c1ccc(CC(=O)N2CCC(C3CCCOC3)CC2)cc1;c1ccc(COc2ccc(CCc3ccc(OCc4ccccc4)cc3)cc2)cc1;CC1CN(C(=O)c2ccc(S(=O)(=O)N(C)C3CCCCC3)cc2)CCCO1;O=C(O)CC1CCN(S(=O)(=O)c2ccccc2)CC1CCN1CCCCC1;COCc1cccc(CC(=O)N2CCCC(S(=O)(=O)NC3CCCC3)C2)c1;O=C1CC2CCN(Cc3ccc4c(c3)OCO4)CC2CCOc2ccccc2N1;CCCCC(NS(=O)(=O)c1ccc(C(=O)N2CCOCC2)cc1)C1CCC1;COc1ccc(C(=O)CNC(=O)C(CC(C)C)N2Cc3ccccc3C2=O)cc1;O=C1CC2(CCN(Cc3ccc4c(c3)OCCO4)CC2)ON1Cc1ccccc1;COc1cc2c(cc1OC)CN(C(=O)CCCN1Cc3ccccc3C1=O)CC2;O=C1CC2CCN(C(=O)COc3ccccc3)CC2CCOc2ccccc2N1;COC(=O)C(CC(C)C)NC(=O)C(c1ccccc1)N1Cc2ccccc2C1=O;COc1ccc(CCNC(=O)c2cn(C(C)C)c(=O)c3ccccc23)cc1OC;COc1ccc(CCNC(=O)CCCCCN2C(=O)c3ccccc3C2=O)cc1;COc1cc2c(cc1OC)CN(C(=O)CCn1ccc3c(OC)cccc31)CC2;CCC(C)C(NC(=O)C(c1ccccc1)N1Cc2ccccc2C1=O)C(=O)OC;COc1ccc(CNC(=O)c2cn(CC(C)C)c(=O)c3ccccc23)cc1OC;COc1cc2c(cc1OC)CN(C(=O)CCn1ccc3cccc(OC)c31)CC2
m_c3e52e,O=C(NCC1CCCO1)Nc1cccnc1N1CCCC1;O=C(Nc1cccnc1N1CCCC1)N1CCCC1CO;COC1CCN(C(=O)Nc2cccnc2N2CCCC2)C1;CC1CC(O)CN1C(=O)Nc1cccnc1N1CCCC1;O=C(C1CCN(c2cnccn2)CC1)N1CCCC1CO;COC1CCN(C(=O)NC2CCN(c3ccccn3)C2)C1;CCc1nn(CC(=O)N(CC)CC)c(=O)c(C#N)c1CC;CC1OCCCC1C(=O)N1CCN(c2cnccn2)CC1;Cc1nccc(N2CCN(C(=O)C3(C)CCCO3)CC2)n1;COC(C(=O)N1CCN(c2nccnc2C)CC1)C1CC1;CC(C)(C)c1ccnc(N2CCC3OCC(=O)NC3C2)n1;CC1OCCCC1C(=O)N1CCN(c2cccnn2)CC1;OC(NC=C1CCCO1)Nc1cccnc1N1CCCC1;CC1(C(=O)O)CCCN1Cc1nnc(C2CC2)n1C1CC1;Cc1ncc(C(=O)N2CCCC(OCC3CC3)C2)c(N)n1;OC(NCC1CCCO1)Nc1cccnc1N1CC=CC1;CCOC1CC2(CCN(C(=O)Nc3ccnnc3C)C2)C1;CCC(C)(CC)NC(=O)Cc1c(C)[nH]c2ccnn2c1=O;Cc1ccnc(N2CCC(C3OCCC3C(N)=O)CC2)n1;OC(NCC1CCCO1)Nc1cccnc1N1C=CCC1;Cc1nccc(NC2COCCC2NC(=O)C2CC2C)n1;Cc1ccc(N2CCCN(C(=O)C(O)C3CC3)CC2)nn1;CNc1nc(C)cc(C(=O)N2CCOC3CCCCC32)n1;OC(NCC1C=CCO1)Nc1cccnc1N1CCCC1;CC(=O)NCC(=O)Nc1cnc(N2CCCCC2)c(C)c1
m_c50497,COc1ccc(Cl)cc1S(=O)(=O)Nc1cc(Cl)ccc1O;COc1ccc(Cl)cc1S(=O)(=O)Nc1cccc(Cl)c1O;Cc1cc(O)c(S(=O)(=O)Nc2cc(Cl)ccc2O)cc1Cl;COc1ccc(S(=O)(=O)Nc2cc(Cl)ccc2O)cc1Cl;COc1ccc(Cl)cc1S(=O)(=O)Nc1c(O)cccc1Cl;Cc1cc(Cl)cc(S(=O)(=O)Nc2cc(Cl)ccc2O)c1O;COc1cc(Cl)cc(S(=O)(=O)Nc2cc(Cl)ccc2O)c1;Cc1c(Cl)ccc(O)c1S(=O)(=O)Nc1cc(Cl)ccc1O;COc1ccc(Cl)cc1S(=O)(=O)Nc1ccc(Cl)cc1O;COc1c(Cl)cccc1S(=O)(=O)Nc1cc(Cl)ccc1O;Cc1cc(Cl)cc(NS(=O)(=O)c2ccc(O)c(Cl)c2)c1O;COc1ccc(Cl)cc1S(=O)(=O)Nc1cc(O)cc(Cl)c1;COc1ccc(Cl)cc1S(=O)(=O)Nc1ccc(O)c(Cl)c1;Cc1cc(Cl)cc(NS(=O)(=O)c2cc(Cl)ccc2O)c1O;O=S(=O)(Nc1cc(Cl)cc(CO)c1O)c1cccc(Cl)c1;Cc1c(Cl)ccc(O)c1NS(=O)(=O)c1cc(Cl)ccc1O;COc1cc(O)c(NS(=O)(=O)c2cccc(Cl)c2)cc1Cl;Cc1cc(Cl)c(O)c(NS(=O)(=O)c2cccc(Cl)c2)c1O;Cc1c(O)c(Cl)cc(NS(=O)(=O)c2cccc(Cl)c2)c1O;COc1c(O)cc(Cl)cc1S(=O)(=O)Nc1cccc(Cl)c1;COc1c(Cl)ccc(O)c1NS(=O)(=O)c1cccc(Cl)c1;COc1cc(O)c(Cl)cc1S(=O)(=O)Nc1cccc(Cl)c1;Cc1cc(O)c(NS(=O)(=O)c2cc(Cl)ccc2O)cc1Cl;Cc1cc(Cl)cc(NS(=O)(=O)c2cccc(Cl)c2O)c1O;COc1cc(Cl)cc(NS(=O)(=O)c2cccc(Cl)c2)c1O
m_c567df,Cc1ccc2oc(C(=O)N(Cc3cccc(F)c3)C3CCS(=O)(=O)C3)c(C)c2c1;Cc1ccc2c(C)c(C(=O)N(Cc3ccc(F)cc3)C3CCS(=O)(=O)C3)oc2c1;Cc1c(C(=O)N(Cc2ccccc2F)C2CCS(=O)(=O)C2)oc2c(C)cccc12;Cc1ccc2oc(C(=O)N(Cc3ccccc3F)C3CCS(=O)(=O)C3)c(C)c2c1;Cc1cccc2oc(C(=O)N(Cc3ccccc3F)C3CCS(=O)(=O)C3)c(C)c12;Cc1ccc2c(C)c(C(=O)N(Cc3ccccc3F)C3CCS(=O)(=O)C3)oc2c1;Cc1ccc2c(C)c(C(=O)N(Cc3cccc(F)c3)C3CCS(=O)(=O)C3)oc2c1;Cc1c(C(=O)N(Cc2cccc(F)c2)C2CCS(=O)(=O)C2)oc2c(C)cccc12;Cc1ccc2c(CC(=O)N(Cc3ccc(F)cc3)C3CCS(=O)(=O)C3)coc2c1;Cc1cccc2oc(C(=O)N(Cc3cccc(F)c3)C3CCS(=O)(=O)C3)c(C)c12;Cc1ccc(F)c(CN(C(=O)c2oc3ccccc3c2C)C2CCS(=O)(=O)C2)c1;Cc1c(F)cccc1CN(C(=O)c1oc2ccccc2c1C)C1CCS(=O)(=O)C1;Cc1ccc2oc(C(O)N(Cc3cccc(F)c3)C3=CCS(=O)(=O)C3)c(C)c2c1;Cc1ccc2oc(C(O)N(Cc3cccc(F)c3)C3C=CS(=O)(=O)C3)c(C)c2c1;Cc1ccc2oc(C(O)N(Cc3cccc(F)c3)C3=CS(=O)(=O)CC3)c(C)c2c1;Cc1ccc(CN(C(=O)c2oc3ccccc3c2C)C2CCS(=O)(=O)C2)c(F)c1;Cc1cccc(CN(C(=O)c2oc3ccccc3c2C)C2CCS(=O)(=O)C2)c1F;Cc1cc(F)cc(CN(C(=O)c2oc3ccccc3c2C)C2CCS(=O)(=O)C2)c1;Cc1ccc(F)cc1CN(C(=O)c1oc2ccccc2c1C)C1CCS(=O)(=O)C1;Cc1ccc(CN(C(=O)c2oc3ccccc3c2C)C2CCS(=O)(=O)C2)cc1F;Cc1cccc(F)c1CN(C(=O)c1oc2ccccc2c1C)C1CCS(=O)(=O)C1;COc1cc(C=CC(=O)NCC(=O)O)cc2c1OC(c1ccc(O)c(O)c1)C2CO;Cc1oc2cc3oc(=O)c(CCC(=O)N(CC(=O)O)CC(=O)O)c(C)c3cc2c1C;CC(=O)c1c(O)c(C)c(O)c2c1OC1=CC(=O)C(=C(C)NCCC(=O)O)C(=O)C12C;Cc1ccc(S(=O)(=O)N(CC(O)COc2ccccc2)c2ccc(F)cc2)cc1
m_c57b9d,CN1C(=O)CC(CNC(=O)c2cn3c(n2)CCCC3)C1c1nccn1C;Cc1nc(C)c(C(=O)NCC2CC(=O)N(C)C2c2nccn2C)nc1C;CN(CC1CC(=O)NC1c1nccn1C)C(=O)c1cn2c(n1)CCCC2;Cc1cn(C)c(C2NC(=O)CC2CNC(=O)c2cn3c(n2)CCCC3)n1;Cc1cnc(C2NC(=O)CC2CNC(=O)c2cn3c(n2)CCCC3)n1C;CN(C)c1ccncc1C(=O)N1CCN(C)C(c2nc(C3CC3)no2)C1;CN1C(=O)CC(CNC(O)c2cn3c(n2)C=CCC3)C1c1nccn1C;COC1CC(CNC(=O)c2c3c(nn2C)CCC3)N(c2ccncn2)C1;CN1CCN(C(=O)c2cnn(C)c2C2CC2)CC1c1nc(C2CC2)no1;CN(C)c1nc(O)cc(C2CCN(C(=O)c3cnn(C)c3C3CC3)C2)n1;CN(C)c1nc(O)cc(C2CCN(C(=O)c3cn(C)nc3C3CC3)C2)n1;COC1CC(CNC(=O)c2ccnc(N(C)C)c2)N(c2ccncn2)C1;COC1CC(CNC(=O)c2cnn(C)c2C2CC2)N(c2ccncn2)C1;CN1C(O)C=C(CNC(=O)c2cn3c(n2)CCCC3)C1c1nccn1C;CN1C(=O)CC(CNC(O)c2cn3c(n2)CCC=C3)C1c1nccn1C;Cc1c(C(=O)NCC2CC(=O)NC2c2nccn2C)nc2n1CCCC2;CN1C(=O)CC(CNC(O)c2cn3c(n2)CC=CC3)C1c1nccn1C;CN1C(c2nccn2C)=C(CNC(=O)c2cn3c(n2)CCCC3)CC1O;CN(C)c1ccncc1C(=O)NCC1CCC(c2nc(C3CC3)n[nH]2)O1;COC1CC(CNC(=O)c2cn(C)nc2C2CC2)N(c2ccncn2)C1;CN(C)c1ncccc1C(=O)NCC1CCC(c2nc(C3CC3)n[nH]2)O1;CCc1nnc(C)cc1C(=O)N1CC(OC)CC1c1nc(C2CC2)n[nH]1;CN1C(O)CC(=CNC(=O)c2cn3c(n2)CCCC3)C1c1nccn1C;CN1C(=O)CCC(C(=O)Nc2cc3n(n2)CCCC3)C1c1nccn1C;C#CCCC1(CCC(=O)NC2CCC(=O)N(C)C2c2nccn2C)N=N1
m_c63e89,CNC(=O)C(NC(=O)CCc1ccccc1C)c1ccc(F)c(F)c1;Cc1ccccc1CCC(=O)N(C)C(C(N)=O)c1ccc(F)c(F)c1;Cc1ccc(CCC(=O)NC(C(N)=O)c2ccc(F)c(F)c2)c(C)c1;Cc1ccc(C)c(CCC(=O)NC(C(N)=O)c2ccc(F)c(F)c2)c1;Cc1ccccc1CCC(=O)NC(C(N)=O)c1cc(C)c(F)c(F)c1;Cc1ccccc1CCC(=O)NC(C(N)=O)c1cc(F)c(F)cc1C;Cc1ccccc1CCC(=O)NC(C(N)=O)c1ccc(F)c(F)c1C;Cc1cccc(C)c1CCC(=O)NC(C(N)=O)c1ccc(F)c(F)c1;Cc1cccc(CCC(=O)NC(C(N)=O)c2ccc(F)c(F)c2)c1C;CNC(=O)C(NC(O)C=Cc1ccccc1C)c1ccc(F)c(F)c1;CNC(O)C(NC(=O)C=Cc1ccccc1C)c1ccc(F)c(F)c1;CCC(NC(=O)CCC(=O)Nc1c(F)cccc1F)c1ccccc1;COC(C(=O)NC1CCN(c2ccc(F)cc2F)C1)c1ccccc1;CC(Cc1c(F)cccc1F)NC(=O)N1CCc2ccc(O)cc2C1;CN(Cc1ccccc1)C(=O)CCCNC(=O)c1ccc(F)cc1F;CCN(C(=O)CCCNC(=O)c1ccccc1)c1ccc(F)c(F)c1;Cc1ccc(NC(=O)C2Cc3ccccc3CN2)cc1OCC(F)F;COc1ccc(CC(=O)NC2CCN(c3ccc(F)cc3F)C2)cc1;CCN1CCN(C(C)CNS(=O)(=O)c2sc(C)nc2C)CC1;COc1ccccc1CCNC(=O)Cn1cc(OC)c(=O)cc1CO;O=C(NCc1ccccc1CN1CCCC1)c1c(O)cc(F)cc1F;Cc1cc(C)c(CNC(=O)C2Cc3ccccc3OC2C(F)F)cn1;CC(C(=O)NC(C)(C)C(=O)Nc1ccccc1)c1c(F)cccc1F;CN(C(=O)CCc1cccc(F)c1F)C1CCOC1c1cccnc1;O=C(NC1CCOCC1)c1ccc(NCc2cccc(F)c2F)cc1
m_c772b8,Cc1cc(NC(=O)C(C(C)C)N2CCCC2=O)nn1C;CCc1[nH]nc(NC(=O)C(CC)N2CCCC2=O)c1C;CC(=O)NC(C(=O)Nc1cc(C)nn1C)C1CCCC1;CCOc1cc(NCC2CCN(C(C)=O)CC2)ncn1;COc1nc(C)cc(NCC2CCN(C(C)=O)CC2)n1;Cc1c(C(=O)NCCN2CCCCCC2=O)cnn1C;Cc1cc(C(=O)NCCCCNC(=O)C2CC2)nn1C;CCCC1(C)C(=O)NCCN1Cc1noc(C2CC2)n1;CN(Cc1ccn[nH]1)C(=O)CCC(=O)NC1CCCC1;CCCN1CCCN(c2nc(C)cc(OC)n2)CC1=O;CCC(C(=O)NCCc1nccn1C)N1CCCC1=O;CC(C)N1CC2OCC(=O)N(Cc3nccn3C)C2C1;CCN1OC2(CCN(Cc3nccn3C)CC2)CC1=O;Cc1cc(NC(=O)CNC(=O)C2CC2)n(C(C)(C)C)n1;Cc1nc(C2CCC(O)C(NC(=O)C3CC3)C2)n(C)n1;Cc1ccnc(NCC2(CO)COCC3CCCN32)n1;CCC(=O)N1CCC(C(=O)Nc2cn(C)nc2CC)C1;CCNC(=O)C1(NC(=O)c2c[nH]c(CC)n2)CCCC1;CCN1OC2(CCN(Cc3ccnn3C)CC2)CC1=O;Cc1nccnc1N1CCCC(O)(CC(=O)N(C)C)C1;CC(C)N(Cc1cnn(C)c1)C(=O)C1CC(=O)N(C)C1;CCN1OC2(CCN(Cc3ccn(C)n3)CC2)CC1=O;C#CCNC(=O)CCC1CNC(=O)C2NCCC2N1C;CCN1OC2(CCN(Cc3cncn3C)CC2)CC1=O;CCN1OC2(CCN(Cc3cnn(C)c3)CC2)CC1=O
m_c886af,CCOC(=O)c1ccc(NS(=O)(=O)CCC(C)(F)F)c(O)c1;CCOC(=O)c1ccc(NS(=O)(=O)CCC(C)(F)F)cc1O;CCOC(=O)c1ccc(NS(=O)(=O)CC(O)C(C)(F)F)cc1;CC(F)(F)CCS(=O)(=O)Nc1ccc(C(=O)OCCO)cc1;CC(O)OC(=O)c1ccc(NS(=O)(=O)CCC(C)(F)F)cc1;CCOC(=O)c1ccc(NS(=O)(=O)CCC(F)(F)CO)cc1;CCOC(=O)c1ccc(NS(=O)(=O)C(O)CC(C)(F)F)cc1;CCOC(O)c1ccc(NS(=O)(=O)C=CC(C)(F)F)c(O)c1;O=C(O)C1OC(Oc2ccc3cccc(O)c3n2)C(O)C(O)C1O;O=C(CCCCC1CCSS1)Nc1ccc2c(c1)COC2=O;O=C(O)C1OC(Oc2ccc3nc(O)ccc3c2)C(O)C(O)C1O;O=C(O)C1OC(Oc2ccc3nccc(O)c3c2)C(O)C(O)C1O;O=C(O)C1OC(Oc2cc(O)nc3ccccc23)C(O)C(O)C1O;O=C(O)C1OC(Oc2cnc3ccccc3c2O)C(O)C(O)C1O;Cc1ccc(S(=O)(=O)N2c3ccccc3Oc3ccccc32)cc1;O=C(OC1OC(C(=O)O)C(O)C(O)C1O)c1c[nH]c2ccccc12;COc1c(O)c(O)c(C)c2c1OC(=O)C2(C)NC(=O)C=CC(=O)O;Cc1ccc(S(=O)(=O)NC(Cc2ccc(F)cc2)C(=O)O)cc1;Fc1ccc(-n2ncc3c(SCc4ccccn4)ncnc32)cc1;CCC(C)CN=Cc1[nH]c(-c2ccc(Br)[nH]2)cc1OC;Cc1c(F)cccc1S(=O)(=O)NCC(C(=O)O)c1ccccc1;CCS(=O)(=O)c1ccccc1NCc1ccc([S+](C)[O-])cc1;CN(Cc1ccc([S+](C)[O-])cc1)c1ccccc1S(C)(=O)=O;CC(C)NC(=O)NC(=O)CNc1ccc(Cl)c(C(F)(F)F)c1;CC(=O)c1ccc(CCNS(=O)(=O)CCc2ccccc2)s1
m_c8934f,CCCS(=O)(=O)Nc1ccccc1C(=O)NC1CC(O)C1(C)C;CCS(=O)(=O)Nc1cc(C)ccc1C(=O)NC(C)C1CCCO1;CCS(=O)(=O)Nc1ccccc1C(=O)N(C)C(C)C1CCCO1;CCS(=O)(=O)Nc1c(C)cccc1C(=O)NC(C)C1CCCO1;CCS(=O)(=O)Nc1ccc(C)cc1C(=O)NC(C)C1CCCO1;CCS(=O)(=O)N(C)c1ccccc1C(=O)NC(C)C1CCCO1;CCS(=O)(=O)Nc1cccc(C)c1C(=O)NC(C)C1CCCO1;CC(C)NS(=O)(=O)c1ccc(C(=O)N2CCC(C)C(O)C2)cc1;CCOc1nc(C)ccc1C(=O)NC1CCCCC1S(C)(=O)=O;CC(C)(C)C(=O)Nc1ccc(S(=O)(=O)NCC2CCCO2)cc1;CC(C)CC(CO)NC(=O)c1ccc(N2CCCS2(=O)=O)cc1;CC1(C)C2CCC1(C)C(NC(=O)c1coc(CS(C)(=O)=O)n1)C2;COCC1CCC1NC(=O)Cc1ccc(S(=O)(=O)N(C)C)cc1;O=C(OCC1CC2c3ccccc3C1c1ccccc12)c1ccccc1;CCN(C)C(=O)c1cccc(S(=O)(=O)NC2CCC2COC)c1;CS(=O)(=O)NCc1ccc(C(=O)NC2CCCC(C3CC3)C2)o1;CC(O)CNS(=O)(=O)c1ccc(C(=O)N2CCCCCC2)cc1;Nc1ncnc2c1ncn2CC(=O)NC(CCO)C1CC(F)(F)C1;Cc1c(C(=O)NCC2(O)CCCCCC2)cccc1S(N)(=O)=O;CC(CO)NS(=O)(=O)c1ccc(C(=O)N2CCC(C)(C)C2)cc1;CCC1CN(S(C)(=O)=O)CCC1CC(=O)Nc1cccc(O)c1;c1cn2cnnc2c(N2CCCC(c3nc4c(s3)CCCC4)C2)n1;CCN(CC(=O)NC(C)C)C(=O)c1ccccc1S(=O)(=O)CC;Cc1ncccc1OC1CCN(S(=O)(=O)CCC2CCCO2)C1;Cc1ccc(OC2CCN(S(=O)(=O)CCC3CCCO3)C2)cn1
m_c89ffd,O=C(O)C1CCC(CNS(=O)(=O)c2cccnc2)CC1;Cn1cc(S(=O)(=O)NCC2CC=CCC2)cc1C(=O)O;Cc1ccc(S(=O)(=O)N2CCCC(C(=O)O)C2)c(C)n1;Cn1cc(S(=O)(=O)N2CC3CCCC3C2)cc1C(=O)O;Cc1ccnc(C)c1S(=O)(=O)N1CCCC(C(=O)O)C1;CC1CN(S(=O)(=O)c2cccc(C(N)=O)c2)CC1CO;Cc1cc(C)c(S(=O)(=O)N2CCCC(C(=O)O)C2)cn1;COc1ccccc1S(=O)(=O)NC1CCN(C)C(=O)C1;NS(=O)(=O)C1CCCN(C(=O)OCc2ccccc2)C1;O=C1c2ccccc2C(=Cc2ccc(O)cc2)c2ccccc21;NC1CCCCC1NS(=O)(=O)c1ccc2c(c1)OCO2;Cc1cc(S(=O)(=O)N2CCCC(C(=O)O)C2)cnc1C;CN(Cc1ccc(F)c(Cl)c1)Cc1nc(N(C)C)no1;O=C(O)c1cccc2cccc(-c3cccc4ccccc34)c12;CCN(C(=O)C1CCS(=O)(=O)C1)c1ccc(OC)nc1;COC(=O)c1ccccc1S(=O)(=O)N1CCN(C)CC1;Cc1cnc(C)c(S(=O)(=O)N2CCCC(C(=O)O)C2)c1;Cc1cc(SCc2cnn(C)n2)nc(-c2ccccn2)n1;O=C(C=Cc1ccc2oc3ccccc3c2c1)c1ccccc1;Cc1cncc(S(=O)(=O)N2CCCC(C(=O)O)C2)c1C;O=c1oc2ccccc2c(-c2ccccc2)c1-c1ccccc1;COCC(NC(=O)c1ccc(S(N)(=O)=O)cc1)C1CC1;CCOC(=O)N1CCN(S(=O)(=O)c2ccc(C)cc2)C1;O=c1cc(C=Cc2ccccc2)oc2c1ccc1ccccc12;O=C(NCC1OCC(NC2COC2)C1O)c1cccs1
m_c933b7,COC(C)CS(=O)(=O)N1CCC(Nc2ccccc2F)CC1;CC(O)CS(=O)(=O)N1CCC(N(C)c2ccccc2F)CC1;Cc1ccc(F)c(NC2CCN(S(=O)(=O)CC(C)O)CC2)c1;Cc1ccc(NC2CCN(S(=O)(=O)CC(C)O)CC2)c(F)c1;Cc1cccc(F)c1NC1CCN(S(=O)(=O)CC(C)O)CC1;Cc1cccc(NC2CCN(S(=O)(=O)CC(C)O)CC2)c1F;CC(COc1ccc(F)cc1)NC1CCN(S(C)(=O)=O)CC1;COC1CC(CN(C)S(=O)(=O)c2cc(C)cc(F)c2)N(C)C1;COC1CC(CN(C)S(=O)(=O)c2cccc(C)c2F)N(C)C1;c1ccc(-c2cccc3cc4cccc(-c5ccccc5)c4cc23)cc1;c1ccc(-c2c3ccccc3c(-c3ccccc3)c3ccccc23)cc1;Cc1c(F)cccc1S(=O)(=O)N1CCN(CC(C)O)CC1C;c1ccc(C23c4ccccc4C(c4ccccc42)c2ccccc23)cc1;C(=Cc1ccc2ccc3ccccc3c2c1)c1ccc2ccccc2c1;CCCc1cc(NC(=O)Nc2ccn(CC(F)(F)F)n2)n(C)n1;c1ccc(C(=C2c3ccccc3-c3ccccc32)c2ccccc2)cc1;C(=Cc1ccc2ccc3ccc4ccccc4c3c2c1)c1ccccc1;Cc1ccc(C(=O)NC(C)c2ccc(SC(C)C)cc2)c(=O)[nH]1;CC(C)Nc1cc(F)ccc1NC(=O)CS(=O)(=O)C(C)(C)C;CCC(CO)N1CCN(S(=O)(=O)Cc2cccc(F)c2)CC1;C(=Cc1cccc2ccc3ccc4ccccc4c3c12)c1ccccc1;C#CC1CN2CCC1CC2COC(=O)Nc1cccc(SC)c1;COc1ccc(S(=O)(=O)N(C)C2CCCN(C)C2)c(C)c1F;CC(C)N(CCCNC(=O)Cc1ccc(F)cc1)S(C)(=O)=O;Cn1ncnc1CN1CCCCC1c1nnc(CC(F)(F)F)o1
m_c9a4bc,O=C1CCCC(C(=O)Nc2ccn(-c3ccccc3Cl)n2)N1;O=C(Nc1ccn(-c2ccccc2Cl)n1)C1CC=CC(O)N1;O=C(Nc1ccn(-c2ccccc2Cl)n1)C1C=CCC(O)N1;O=C1C=CCC(C(O)Nc2ccn(-c3ccccc3Cl)n2)N1;O=C1CCC=C(C(O)Nc2ccn(-c3ccccc3Cl)n2)N1;O=C1CC=CC(C(O)Nc2ccn(-c3ccccc3Cl)n2)N1;CN1CCC(NC(=O)c2ccn(-c3ccccc3Cl)n2)C1=O;N#CC1(C(O)C(O)Nc2ccn(-c3ccccc3Cl)n2)CC1;Cc1cc(NC(=O)C2CCN(c3ccc(Cl)cc3)C2=O)[nH]n1;O=C(CCN1CCCC1=O)Nc1ccc2cc(Cl)cnc2n1;N#CC1(CC(O)Nc2ccn(-c3ccccc3Cl)n2)CC1O;O=C1CCC(CNC(=O)c2c[nH]nc2-c2cccc(Cl)c2)N1;N#CC1(CC(O)Nc2cc(O)n(-c3ccccc3Cl)n2)CC1;Cc1nn(-c2ccc(Cl)cc2)c(NC(=O)C2C=CCO2)c1N;Cc1nn(-c2ccc(Cl)cc2)c(NC(=O)C2=CCCO2)c1N;CN(C(=O)c1ncncc1Cl)C1CCOC1c1cccnc1;N#CC1(CC(O)Nc2nn(-c3ccccc3Cl)cc2O)CC1;Cc1nn(-c2ccc(Cl)cc2)c(NC(=O)C2CC=CO2)c1N;O=C1OCCN1C1CCN(c2ncnc3ccc(Cl)cc23)C1;Cc1cc(NC(=O)C2C=CCO2)n(-c2ccc(Cl)cc2N)n1;O=c1c2ccccc2oc2cc(OCc3ccccc3)cc(O)c12;Cc1cc(=O)oc2c1ccc1oc(C(=O)c3ccccc3)c(C)c12;O=C(C=Cc1ccc(OC(=O)c2ccco2)cc1)c1ccccc1;Cc1cc(NC(=O)C2=CCCO2)n(-c2ccc(Cl)cc2N)n1;Cc1cc(NC(=O)C2CC=CO2)n(-c2ccc(Cl)cc2N)n1
m_c9c302,COc1ccc(C)c2c1N(C(=O)C1CCN(C(=O)N(C)C)CC1)CCC2;COc1ccccc1C1CCCN1C(=O)C1CC(=O)N(CCN(C)C)C1;CNC(=O)C1CCC(NC(=O)N2CCC(c3ccc(OC)cc3)C2)CC1;CCOc1ccc(C2CC2NC(=O)N2CCC(CC(=O)NC)CC2)cc1;CCNC(=O)N1CCC2CC(=O)N(Cc3ccc(OC)cc3)CCC2C1;CN(CC(=O)O)C1CCN(C(=O)C2(N(C)C)CCc3ccccc32)CC1;CCN1OC2(CCN(Cc3ccc(N4CCOCC4)cc3)CC2)CC1=O;CCOc1ccc(N2CC(NC(=O)NC3CCCCC3C)CC2=O)cc1;CC=CC=CC1CC2OC(C)(C)C3[CH]CC(C)=CC3C2C(O)C1C(=O)O;CN(C)C(=O)CC1(O)CCCN(Cc2ccc3c(c2)CCC(=O)N3C)C1;CN(C)C(=O)CN1CCC(NC(=O)C2(O)CCc3ccccc3C2)CC1;CCCNC(=O)N1CCC2CC(=O)Nc3cc(C)ccc3OCCC2C1;O=C(NCC1CN(C2CC2)CCO1)c1ccnc(OC2CCCCC2)c1;CC1(C)C(Cc2cc(CN3CCOCC3)on2)CC1NCc1ccco1;CC=CC=CC1CC2OC(C)(C)C3[CH]C=C(C)CC3C2C(O)C1C(=O)O;CCN(CC)C(=O)c1cccc(NC(=O)CNC(=O)C2CCCCC2)c1;CC(C)N1CC2COCCN2C2(CN(C(=O)COc3ccccc3)C2)C1;CN1CCCC1CCNC(=O)N1CCC(c2ccccc2C(=O)O)CC1;CC1(C2CC2)CN(C(=O)NCc2ccccc2N2CCOCC2)CCO1;CN(C)C(=O)c1cccc(CN2CCC(C3OCCC3C(N)=O)CC2)c1;COc1ccc(C2CC(NC(C)=O)CC2C(=O)N2CCN(C)CC2)cc1;COCCN1C(=O)CC2C(CNC(=O)NCc3ccccc3)C(C)CC21;CN(C)CC(=O)N1CCN(C(=O)C2CC(OCc3ccccc3)C2)CC1;O=C(CCO)N1CC2CC(O)CN2C2(CN(CCc3ccccc3)C2)C1;CNC(=O)CC1(O)CCCN(CCC(=O)N2CCCc3ccccc32)C1
m_c9c422,O=C(NC1(C(=O)O)CCSC1)c1ccc2c(c1)OCCCO2;O=C(NC1(C(O)O)C=CSC1)c1ccc2c(c1)OCCCO2;O=C(O)c1cc2c(cc1C(=O)NC1CCSC1)OCCCO2;O=C(NC1CCSC1)c1ccc2c(c1C(=O)O)OCCCO2;O=C(NC1CCSC1)c1cc2c(c(C(=O)O)c1)OCCCO2;O=C(O)C1(NC(O)c2ccc3c(c2)OCCCO3)C=CSC1;O=C(O)C1(NC(O)c2ccc3c(c2)OCC=CO3)CCSC1;O=C(O)C1(NC(O)c2ccc3c(c2)OC=CCO3)CCSC1;COc1ccc2c(c1OC)C(=O)N1C2SC(C)(C)C1C(=O)O;O=C(NC1(C(O)O)CCSC1)c1ccc2c(c1)OC=CCO2;CC(=O)NC1=CC(=O)C2CC(C)=C3C(CCS3(=O)=O)C2C1=O;O=C(NC1(C(O)O)CCSC1)c1ccc2c(c1)OCC=CO2;CC1Cc2cc(S(=O)(=O)NC3C=CC(C(=O)O)C3)ccc2O1;COc1cc(S(=O)(=O)Nc2ccccc2O)c(OC)cc1C;COC(=O)C1SCC(NC(=O)c2ccccc2)C1OC(C)=O;O=C(Cn1ccc2c(Cl)cccc21)Nc1ccc2cc[nH]c2c1;O=C(Cn1ccc2ccc(Cl)cc21)Nc1ccc2cc[nH]c2c1;CCc1ccc2occ(C(=O)NC3CS(=O)(=O)CC3O)c2c1;COc1ccc(S(=O)(=O)Nc2ccc(C)c(O)c2)cc1OC;CS(=O)(=O)c1cc(NC(=O)CC2C=CCC2)cc(C(=O)O)c1;O=C(Cn1ccc2c(Cl)cccc21)Nc1cccc2[nH]ccc12;Cc1ccccc1C(C)N(C)S(=O)(=O)c1ccc(C(=O)O)o1;O=C1Nc2ccccc2C12NCCc1c2[nH]c2ccc(Cl)cc12;COC(=O)c1cccc(S(=O)(=O)N(C)Cc2ccoc2C)c1;Fc1cc(OCc2noc(C3CC4CCC3N4)n2)ccc1Cl
m_cad5a6,CNS(=O)(=O)c1ccc2c(c1)CCN2Cc1cnc(C2CC2)s1;Cc1c(S(N)(=O)=O)ccc2c1CCN2Cc1cnc(C2CC2)s1;Cc1cc(S(N)(=O)=O)cc2c1N(Cc1cnc(C3CC3)s1)CC2;Cc1cc2c(cc1S(N)(=O)=O)CCN2Cc1cnc(C2CC2)s1;Cc1nc(C2CC2)sc1CN1CCc2cc(S(N)(=O)=O)ccc21;C[S+]([O-])c1ccc(CNC(=O)NC(c2nccs2)C2CC2)cc1;CNS(=O)(=O)c1ccc2c(c1)N(C(=O)Cc1ncccc1F)CC2;CSC1(C)NC(=O)C(Cc2c[nH]c3ccccc23)(SC)NC1=O;Cc1nc(C(C)(C)NS(=O)(=O)Cc2cccc(C#N)c2)sc1C;Cc1csc(C(NC(=O)C(C)NC(=O)c2cccs2)C2CC2)n1;Cc1csc(Sc2ccc(NC(=O)N3CCOCC3)c(C)c2)n1;O=C(O)C(Cc1ccccc1)NCC(O)C(O)COP(=O)(O)O;Cn1c(=O)[nH]c(=O)c2c1nc(NCCO)n2Cc1ccc(Cl)cc1;NC(=O)NC(CC(=O)N1CCCC1c1cccs1)c1cccs1;COCc1c(C(=O)Nc2ccc(C(F)(F)F)cc2)oc2ccccc12;O=C(O)c1ccc2c(c1)CN(C(=O)c1ccccc1C(F)(F)F)CC2;O=C(CCCCC1CCSS1)Nc1ccc2nc[nH]c(=O)c2c1;O=C(O)CC(NC(=O)CCn1c(=O)[nH]c2ccccc2c1=O)C(=O)O;CN1c2c(ccc3cc4c(cc23)OCO4)-c2ccc3c(c2C1O)OCO3;CN1Cc2c3c(cc(O)c2-c2ccc4cc5c(cc4c21)OCO5)OCO3;Cn1c(=O)c(C2CC(=O)Oc3cc4c(cc32)OCO4)cc2ccccc21;CC1(C)CN(C(=O)Nc2cc(-c3ccccc3)ns2)CC[S+]1[O-];CC(=O)c1ccc2c(c1O)C(c1cc3ccccc3[nH]c1=O)CC(=O)O2;CCN(C)C(=O)c1cccc(C(=O)Nc2nc(C)c(SC)s2)c1;O=C(O)C1CCCCN1C(=O)Cn1nnc(-c2ccc(Cl)cc2)n1
m_cc35ab,CCNC(=O)OCC1CCCCN1Cc1cccc2[nH]ccc12;CC1CCc2ccccc2N1CCC(=O)NC1CCN(C)C1=O;O=C(C1CC(O)CN1)N1CCc2c(CN3CCCC3)cccc21;CCC(C)CC1C(=O)NC(C(O)c2c[nH]c3ccccc23)N1C;CC(C)CN1CC(C(=O)N2CCC(c3ccccn3)C2)CC1=O;CC(C(=O)N1CCC(C(N)=O)CC1)N1CCc2ccccc2C1;CN(C)C(=O)CC1(O)CCCN(Cc2cccc3[nH]ccc23)C1;CC1CN(C(=O)CCCN2C(=O)CCc3ccccc32)CCN1;CC(=O)NC1CCCN(C(=O)CN2CCc3cccc(C)c32)C1;CCC1CN(C)c2ccccc2CN1CCN1C(=O)CCC1=O;O=C(CCc1c[nH]c2ccccc12)NCCCN1CCOCC1;Cc1ccc(N2CCCC2)c(C(=O)NC2CCC(=O)N(C)C2)c1;CCCC1(CNC(=O)NCC2CC(=O)Nc3ccccc32)CC1;COCCN1CCCC(NC(=O)Cn2ccc3ccccc32)C1;CCC(C)C1C(=O)NC(CO)Cc2c[nH]c3cccc(c23)N1C;CC1CN(C)c2ccccc2CN1C(=O)NC1CC2CCC1O2;CCCN(Cc1ccc(C#N)cc1)C(=O)C1CC(OC)CN1C;CC1(C)CCN1C(=O)NC(CN1CCCC1=O)c1ccccc1;CCC1CN(C)c2ccccc2CN1C(=O)C1CCNC(=O)C1;COc1ccc2[nH]cc(CCNC(=O)NC3CCCCC3)c2c1;CC(CC(=O)N1CCCCCC1)Nc1ccc2c(c1)C(=O)NC2;NC(=O)C1CCCN(Cc2ccccc2NC(=O)C2CCC2)C1;Cc1ccc2c(CCNC(=O)N3CCC(C)C3CO)c[nH]c2c1;CN(C(=O)NC(CN1CCCC1=O)c1ccccc1)C1CCC1;CN(C)C1(CNC(=O)c2cccc3c2ccn3C)CCOCC1
m_cc95e9,Cc1c(F)cccc1C(=O)NCCc1csc(-c2ccccc2)n1;Cc1cc(F)cc(C(=O)NCCc2csc(-c3ccccc3)n2)c1;Cc1cccc(C(=O)NCCc2csc(-c3ccccc3)n2)c1F;Cc1csc(-c2ccc(CNC(=O)Cc3cccc(F)c3)cc2)n1;Cc1c(F)cccc1C(O)NC=Cc1csc(-c2ccccc2)n1;Cc1cc(F)cc(C(O)NC=Cc2csc(-c3ccccc3)n2)c1;Cc1cccc(C(O)NC=Cc2csc(-c3ccccc3)n2)c1F;COc1ccc(NC(=O)COc2ccc3c(C)cc(=O)oc3c2)cn1;COC(=O)c1ccc(N2C(=O)C3C4C=CC(C3C2=O)N(C)C4=O)cc1;COC(=O)c1ccc(Oc2c[nH]nc2-c2ccc(OC)cc2O)cc1;CCS(=O)(=O)Nc1ccc(C(C)Nc2cc(F)cc(F)c2)cc1;COc1ccc(NC2CC(=O)N(c3ccc(C(=O)O)cc3)C2=O)cc1;CC(=O)Oc1ccc(N2C(=O)C3C4C=CC(C3C2=O)N(C)C4=O)cc1;COC(=O)c1ccccc1NC(=O)C1(OC)Nc2ccccc2C1=O;COC(=O)c1ccc(-c2nc(-c3ccc(OC)c(OC)c3)no2)cc1;O=C1Nc2ccccc2C1(O)CC(=NO)c1ccc2c(c1)OCCO2;COc1ccc(-n2c(C)nc3ccc(OCC(=O)O)cc3c2=O)cc1;COC(Cc1ccccc1)C(=O)Nc1cc(C(F)(F)F)c[nH]c1=O;COC(=O)c1ccc(COc2ccc3nc4n(c(=O)c3c2)CCC4)o1;O=C(O)c1ccccc1NC(=O)N1Cc2ccccc2CC1C(=O)O;COC(=O)CCCC#CC=CCCCCCCC=CBr;COc1ccc2cc(NC(=O)COc3coc(C)cc3=O)cnc2c1;COC(=O)CC(c1ccc(O)cc1)c1c(O)nc2ccccn2c1=O;Cc1cc(=O)c(OCC(=O)Nc2ccc3c(C)cc(=O)[nH]c3c2)co1;COC(=O)CC(c1cccc(O)c1)c1c(O)nc2ccccn2c1=O
m_cd50d8,Cc1cnn(C)c1S(=O)(=O)N1CC2(CCCC2)OCC1CN(C)C;CNCC1COC2(CCCC2)CN1S(=O)(=O)c1c(C)c(C)nn1C;Cc1nc(S(=O)(=O)NCCC(=O)NCCC2CCCCC2)cn1C;COC1CCCC1NC1CCN(S(=O)(=O)c2c(C)n[nH]c2C)CC1;Cc1nn(CC(=O)NCC2CCCCC2)c(C)c1S(=O)(=O)N(C)C;CCC1CN(S(=O)(=O)c2cnn(C(C)C)c2)CC1N1CCOCC1;COCC1CC(n2cc(NS(C)(=O)=O)cn2)CN1CC1CCCC1;Cn1nc(CC2CCCCC2NS(=O)(=O)CC2CCC2)n(C)c1=O;O=c1[nH]c(Cc2ccccc2)nc2c1C1(CCCCC1)Cc1ccccc1-2;O=C(C(c1ccccc1)c1ccccc1)N1CCCCC1c1cccnc1;Cn1c(-c2ccccc2)nc2c(c1=O)C1(CCCCC1)Cc1ccccc1-2;O=c1ccc(-c2ccccc2)c2n1CC1CC2CN(Cc2ccccc2)C1;O=C(NC(c1ccccc1)c1cccc2ccccc12)C1CC12CCNC2;Cc1nn(CC(=O)N2CCCCC2)c(C)c1S(=O)(=O)NC(C)(C)C;COCC1CC(n2cc(NS(C)(=O)=O)cn2)CN1C1CCCCC1;C=C1Cc2[nH]c3ccccc3c2C(C)(C)C12C(OCC)=Nc1ccccc12;CCCCCn1cc(C(=O)Nc2ccc3ccccc3c2)c2ccccc21;CC(C)c1nnc(S(=O)(=O)CC(=O)NC2CCCCCCC2)n1C;CCCCCn1cc(C(=O)Nc2cccc3ccccc23)c2ccccc21;CCC(C)NC(=O)C1CCN(S(=O)(=O)c2cn(C(C)C)cn2)CC1;Cc1noc(C)c1CN1CCN(S(=O)(=O)N2CCCC(C)C2)CC1;CNC(=O)c1ccc(C2CCCCN2CCCNS(C)(=O)=O)n1C;CCS(=O)(=O)NCCN1CCCCC1c1ccc(C(=O)NC)n1C;CCC(=O)N(c1ccccc1)C1CCN(CCc2cccs2)CC1C;CCC(=O)N(c1ccccc1)C1CCN(C(C)Cc2cccs2)CC1
m_cd6458,O=C(O)C1Cc2ccccc2CN1C(=O)c1cnn(-c2ccc(Br)cc2)c1;O=C(O)c1ccc2c(c1)CN(C(=O)c1cnn(-c3ccc(Br)cc3)c1)CC2;O=C(O)c1cccc2c1CCN(C(=O)c1cnn(-c3ccc(Br)cc3)c1)C2;O=C(O)c1ccc2c(c1)CCN(C(=O)c1cnn(-c3ccc(Br)cc3)c1)C2;O=C(O)c1cccc2c1CN(C(=O)c1cnn(-c3ccc(Br)cc3)c1)CC2;O=C(c1cnn(-c2ccc(Br)cc2)c1)N1Cc2ccccc2C=C1C(O)O;O=C(O)c1cc(-n2cc(C(=O)N3CCc4ccccc4C3)cn2)ccc1Br;O=C(O)c1c(C(=O)N2CCc3ccccc3C2)cnn1-c1ccc(Br)cc1;O=C(O)c1cc(Br)ccc1-n1cc(C(=O)N2CCc3ccccc3C2)cn1;O=C(O)c1nn(-c2ccc(Br)cc2)cc1C(=O)N1CCc2ccccc2C1;O=C(O)C1=Cc2ccccc2CN1C(O)c1cnn(-c2ccc(Br)cc2)c1;CC1NC2(C(=O)Nc3ccccc32)C2C(=O)N(c3ccc(Br)cc3)C(=O)C12;CC1NC2(C(=O)Nc3ccccc32)C2C(=O)N(c3cccc(Br)c3)C(=O)C12;O=C(O)C1Sc2c(sc(=O)n2Cc2ccccc2)C2c3ccccc3OC(=O)C12;COCc1cnc2c(c1SCc1ccc(Cl)cc1Cl)c(=O)n(C)c(=O)n2C;Cc1ccc(Br)c2c1C(C)(C)CN2S(=O)(=O)c1cc(C(N)=O)n(C)c1;COc1ccc(-c2onc(C(=O)c3cccs3)c2S(=O)(=O)c2ccccc2)cc1
m_ce56d4,O=C1CCCN1c1cccc(-c2csc(-c3cnccn3)n2)c1;O=C1CCCN1c1ccc(-c2csc(-c3cnccn3)n2)cc1;OC1CC=CN1c1ccc(-c2csc(-c3cnccn3)n2)cc1;O=C(Nc1nc(-c2ccccc2)cs1)c1cc(C2CC2)ncn1;OC1C=CCN1c1ccc(-c2csc(-c3cnccn3)n2)cc1;O=C(c1csc(-c2cnccn2)n1)N1CCCc2ccccc21;OC1C=CCN1c1cccc(-c2csc(-c3cnccn3)n2)c1;N#Cc1ccccc1Cn1nc(-c2cccs2)n(C2CC2)c1=O;CCN(CC)c1c([N+](=O)[O-])cc(C(F)(F)F)c(N)c1[N+](=O)[O-];OC1CC=CN1c1cccc(-c2csc(-c3cnccn3)n2)c1;CC1OC(O)C(OC2OC(C(=O)O)=CC(O)C2O)C(O)C1O;Cc1nc2ccccc2nc1Cn1cnc2c(C)csc2c1=O;CC1OC2OC3C(OC(C(=O)O)C(O)C3O)OC2C(O)C1O;Cc1cc(Sc2ncccn2)ccc1NC(=O)c1ccncc1;Cc1ocnc1CNc1ncnc2sc(-c3ccccc3)cc12;COC(=CCC=O)C(=COC(=O)c1cc2c(s1)CCC2)OC;CC(O)C(O)C(O)C(C=O)OC1OC(C(=O)O)=CC(O)C1O;COc1ccccc1-c1nnc2sc(Cc3ccccc3)nn12;CC(C)n1cnc(S(=O)(=O)NC(C#N)c2ccccc2F)c1;Cn1c(SCc2nc3ccccc3[nH]2)nc(=O)c2ccccc21;CNC(=O)CSc1nc2ccccc2c2nc3ccccc3n12;CC1(C)C(=O)C(=Cc2ccc(Cl)cc2Cl)C2CC1C2(C)C;CC(=O)NCCC(=O)Nc1nnc(Cc2ccccc2F)s1;CC(C)n1cc(C#N)c(NS(=O)(=O)Cc2ccccc2F)n1;CCn1ncc(C#N)c1NS(=O)(=O)Cc1ccc(C)c(F)c1
m_ced31c,Cc1noc(C2CC(=O)N(C3CN(c4nc(C)nc(C)c4F)C3)C2)n1;CCc1ncnc(N2CC(N3CC(c4nc(C)no4)CC3=O)C2)c1F;Cc1noc(C2=CN(C3CN(c4nc(C)nc(C)c4F)C3)C(O)C2)n1;CCc1ncnc(N2CC(N3C=C(c4nc(C)no4)CC3O)C2)c1F;Cc1noc(C2=CC(O)N(C3CN(c4nc(C)nc(C)c4F)C3)C2)n1;CCc1ncnc(N2CC(N3CC(c4nc(C)no4)=CC3O)C2)c1F;CCc1ncnc(N2CCC=C(n3nnc(C(=O)OC)c3C)C2)c1F;Cc1noc(C2CC(O)N(C3=CN(c4nc(C)nc(C)c4F)C3)C2)n1;CCc1ncnc(N2C=C(N3CC(c4nc(C)no4)CC3O)C2)c1F;CCc1nc(C)nc(N2CC=CC(n3cc(C(=O)OC)nn3)C2)c1F;CCc1nc(C)nc(N2CCC=C(n3cc(C(=O)OC)nn3)C2)c1F;CCc1ncnc(N2CC=CC(n3nnc(C(=O)OC)c3C)C2)c1F;CCc1ncnc(N2C=CCC(n3nnc(C(=O)OC)c3C)C2)c1F;CCc1nc(C)nc(N2C=C(n3cc(C(=O)OC)nn3)CCC2)c1F;CCc1ncnc(N2C=C(n3nnc(C(=O)OC)c3C)CCC2)c1F;CCc1nc(C)nc(N2C=CCC(n3cc(C(=O)OC)nn3)C2)c1F;N=c1[nH]c(Cl)cc(=NCC2(CO)CCC(Cc3ccccc3)C2)[nH]1;N=c1[nH]c(Cl)cc(=NCC2(CO)CC(CCc3ccccc3)C2)[nH]1;CC(NC(=O)NCC(c1ccccc1Cl)N(C)C)c1cccnc1;CC1CC(C(=O)O)CN(C(=O)NC2CCCCC2S(C)(=O)=O)C1;Cc1ccc(N2CCCN(CCOc3ccccc3Cl)CC2)nn1;CN1CCC(N2CCC(c3nnc(-c4ccc(Cl)cc4)o3)C2)CC1;Cc1cc(-c2nnn(CC(=O)N3CCC(C(N)=O)CC3)n2)ccc1F;CC(C)c1nc(=O)cc(CN2CCN(c3ccccc3Cl)CC2)[nH]1;CCOC(=O)C#CC12CCC(c3ccccc3)(c3ccccc3)CC1O2
m_cfb3df,CCN(C1CCN(c2ccccc2)C1=O)S(=O)(=O)c1cccc2cnccc12;Cc1cccc(N2CCC(N(C)S(=O)(=O)c3cccc4cnccc34)C2=O)c1;CN(C)S(=O)(=O)c1ccc2c(c1)N(C(=O)c1ccnc3ccccc13)CCC2;CCN(C1=CCN(c2ccccc2)C1O)S(=O)(=O)c1cccc2cnccc12;CCN(C1C=CN(c2ccccc2)C1O)S(=O)(=O)c1cccc2cnccc12;CCS(=O)(=O)c1ccc2oc(C3CCN(Cc4cccc(C#N)c4)C3)nc2c1;Cc1cc(C(=O)N2CCc3ccc(S(=O)(=O)N(C)C)cc32)c2ccccc2n1;CCN1C(=O)c2ccccc2N2C(=O)CCC12C(=O)Nc1cccc(SC)c1;COc1ccc2[nH]c3c(c2c1)CCN1C(=O)CN(Cc2cccs2)C(=O)C31C;CSc1cccc(NC(=O)CN2C(=O)C3CCCN3C(=O)c3ccccc32)c1;COc1ccc(-c2nc(CN3c4ccccc4CC3C(N)=O)cs2)c(OC)c1;CC(C)c1ccc(NS(=O)(=O)c2ccc(NC(=O)c3ccncc3)cc2)cc1;COc1ccccc1-n1ccnc(SCC(=O)Nc2cc(C)ccc2C)c1=O;CS(=O)(=O)c1ccc(C(=O)Nc2ccc(-c3cn4c(n3)CCCC4)cc2)cc1;c1ccc(COC2COC3C(Nc4nccc(-c5cccs5)n4)COC23)cc1;COc1cc2c(cc1OC)CN(C(=O)c1sc(-c3ccncc3)nc1C)CC2;O=C1NCCCn2cc(S(=O)(=O)N(Cc3ccccc3)c3ccccc3)cc21;N#Cc1cccc(NC(=S)NC2COC3C(OCc4ccccc4)COC23)c1;COC(=O)C(CCSC)NC(=S)N1CC2CC(C1)c1cccc(=O)n1C2;COc1ccc2sc(C(=O)NC3CCCN(c4cccnc4)C3=O)c(C)c2c1;COC1CC(C(=O)N2CCCC2)N(S(=O)(=O)Cc2cc(C#N)ccc2F)C1;Cc1c(C(=O)c2ccc(Cl)cc2)oc2cc(NC(=O)C3CCCCC3)ccc12;Cc1c(C(=O)c2ccc(Cl)cc2)oc2ccc(NC(=O)C3CCCCC3)cc12;Cc1oc(C2CCN(S(=O)(=O)c3ccccc3F)CC2)nc1C(=O)N(C)C;COC(=O)C(CCSC)NC(=O)c1cc(-c2ccncc2)nc2ccccc12
m_d01f54,CC(C)n1cnc(S(=O)(=O)Nc2cc(F)c(F)cc2Cl)c1;Cc1nnc(N(C)S(=O)(=O)c2cn(C(C)C)nc2Cl)s1;Cc1nnc(N(C)S(=O)(=O)c2cnn(C(C)C)c2Cl)s1;Cc1nnc(NS(=O)(=O)c2c(C)nn(C(C)C)c2Cl)s1;COc1cc(C=NNC(=O)c2nonc2N)cc2sc(=O)oc12;Cc1nnc(NS(=O)(=O)c2c(Cl)nn(C(C)C)c2C)s1;O=C(NCc1ccc(Cl)cc1)c1cc([N+](=O)[O-])cc([N+](=O)[O-])c1;Cc1nn(S(=O)(=O)N2CCC(C)CC2)c(C)c1Br;CC(Sc1cc(C#N)ccn1)C(=O)Nc1cc(Cl)ccc1F;Cc1cccn2c(=O)nc(SCc3c(F)cccc3Cl)nc12;CN(CC(=O)Nc1ccc(Cl)c(Cl)c1)c1nccnc1C#N;COc1ccc(Br)c(C(=O)NCCCC(C)(F)F)c1
m_d07b86,CC1CC(CNS(=O)(=O)c2cc(F)ccc2F)CCO1;CC(O)C1CCCN(S(=O)(=O)c2cc(F)cc(F)c2)C1;Cc1cc(F)c(S(=O)(=O)NCC2CCOCC2)cc1F;O=S(=O)(Cc1c(F)cccc1F)NCC1(CCO)CC1;CC=CC(OC(=O)c1ccc([N+](=O)[O-])cc1)C1CCC(=O)O1;COc1ccc(C2C(C(C)=O)=C(O)C(=O)N2CC(=O)O)cc1;Cc1cc(=O)oc2cc(OC(C)C(=O)NCC(=O)O)ccc12;Cc1c(CC(=O)NC(C)C(=O)O)c(=O)oc2cc(O)ccc12;Cc1cc(=O)oc2cc(OCC(=O)NC(C)C(=O)O)ccc12;Cc1cc(=O)oc2cc(OCC(=O)NCCC(=O)O)ccc12;Cc1c(CC(=O)N(C)CC(=O)O)c(=O)oc2cc(O)ccc12;Cc1c(O)ccc2c(CC(=O)NCCC(=O)O)cc(=O)oc12;Cc1c(CC(=O)NCCC(=O)O)c(=O)oc2cc(O)ccc12;COC(=O)CNC(=O)COc1ccc2c(C)cc(=O)oc2c1;Cc1c(CCC(=O)NCC(=O)O)c(=O)oc2cc(O)ccc12;CCOC(=O)c1ccc(CC(=NO)c2ccc(O)cc2O)o1;Cc1cc(O)c2c(C)c(CC(=O)NCC(=O)O)c(=O)oc2c1;COC(=O)Cc1c(C)c2ccc(OCC(N)=O)cc2oc1=O;COc1ccc2c(CC(=O)NCCC(=O)O)cc(=O)oc2c1;O=C(O)CCCNC(=O)COc1ccc2ccc(=O)oc2c1;Cc1cc(=O)c(O)c(C(CC(N)=O)c2ccc(O)c(O)c2)o1;Cc1c(CC(=O)NCC(=O)O)c(=O)oc2c(C)c(O)ccc12;Cc1c(C)c2ccc(OCC(=O)NCC(=O)O)cc2oc1=O;CCc1cc(=O)oc2cc(OCC(=O)NCC(=O)O)ccc12;COc1ccc2c(C)c(CC(=O)NCC(=O)O)c(=O)oc2c1
m_d1e5ef,O=C(CC1OCCc2ccccc21)NCc1ccc(OCc2ccccc2)cc1;OC(C=C1OCCc2ccccc21)NCc1ccc(OCc2ccccc2)cc1;OC(CC1OC=Cc2ccccc21)NCc1ccc(OCc2ccccc2)cc1;O=C(CC(c1ccccc1)c1ccc(O)cc1)NCC1OCCc2ccccc21;COc1cc2c(cc1OC)C(Cc1ccc(OCc3ccccc3)cc1)=NCC2;COc1ccc(C(=O)CCC(=O)NC(Cc2ccccc2)c2ccccc2)cc1;Cc1ccc(CNC(=O)c2oc3ccc4c(c3c2C)C=CC2(CCCC2)O4)cc1;COc1cc2c(cc1OC)CN(C(=O)C(c1ccccc1)c1ccccc1)CC2;Cc1c(C(=O)NCCc2ccccc2)oc2ccc3c(c12)C=CC1(CCCC1)O3;O=C(CC(c1ccccc1)c1ccccc1)N1CCOC(c2cccc(O)c2)C1;CCn1cc(C=C2Oc3c(ccc(OCC=C(C)C)c3C)C2=O)c2ccccc21;COc1ccccc1C1(CCNC(=O)c2cccs2)CCOC(C(C)C)C1;c1ccc(CCCN2Cc3nc[nH]c3CC2c2nc(-c3cnccn3)no2)cc1;COc1ccc(C(=O)c2cn(CCCCCO)c3ccccc23)c2ccccc12;CN(C)CCN(C)C1C(CNS(=O)(=O)c2ccccc2)OC(CO)C1O;CCC1CN(S(=O)(=O)c2c(C)noc2C)CCC1CC(=O)N(C)CCO;CCC1CN(S(=O)(=O)c2c(C)noc2C)CCC1CC(=O)NCCOC;Cn1cc(Cl)c(CNC(=O)N2CCC3(CCN(Cc4ccccc4)C3)C2)n1;COc1c(-c2c(C)cc(OC)c3c(OC)cccc23)ccc2cc(C)nc(C)c12;OCC(c1ccc(Cl)cc1)N1CCN(c2cc(NCC3CC3)ncn2)CC1;O=C(c1ccc(N2CCN(c3ncccn3)CC2)nn1)N1CCc2ccccc21;Cn1c(C(=O)N2CCCC2)nnc1N1CCC(C)(c2cccc(Cl)c2)CC1;COC1CC(CN)N(c2cc(NCC3(c4cccc(Cl)c4)CC3)ncn2)C1;O=C(c1cn(C2CCNCC2)nn1)N(Cc1ccccc1Cl)C1CCCC1;Cc1nc(C(=O)N(C)C)nc(N2CCC(NCc3cccc(Cl)c3)C2)c1C
m_d1ecad,CCc1nnc2n1CC(NC(=O)CCc1ccc3c(c1)OCO3)CC2;Cc1nnc2n1CC(N(C)C(=O)CCc1ccc3c(c1)OCO3)CC2;CN(Cc1ccc2c(c1)OCO2)C(=O)Nc1cc(C2CCC2)nn1C;CCc1nnc2n1CC(NC(O)C=Cc1ccc3c(c1)OCO3)CC2;CCc1nnc2n1CC(NC(O)CCc1ccc3c(c1)OCO3)C=C2;CCc1nnc2n1C=C(NC(O)CCc1ccc3c(c1)OCO3)CC2;Cc1c(CCC(=O)NC2CCc3nnc(C)n3C2)ccc2c1OCO2;Cn1cnnc1C1CCCN(C(=O)Cc2ccc3c(c2)OCCO3)C1;Cc1cc2c(cc1CCC(=O)NC1CCc3nnc(C)n3C1)OCO2;Cc1cccc(OCC(=O)NC2CCN(c3cc(C)nn3C)C2=O)c1;Cn1cnnc1C1CCN(C(=O)Cc2ccc3c(c2)OCCO3)CC1;Cc1cc(CCC(=O)NC2CCc3nnc(C)n3C2)cc2c1OCO2;CCc1nnc2n1CC(NC(O)CCc1ccc3c(c1)OCO3)=CC2;Cc1nccc(NC2COCCC2NC(=O)c2ccc(CO)cc2)n1;CC(C)CCS(=O)(=O)CC(=O)N1CCn2c(nnc2C(C)C)C1;COc1ccc(C(=O)NCC2CC(OC)CN2c2ccncn2)cc1;COc1cccc(C(=O)N2CCCN(c3nc(C4CC4)no3)CC2)c1;CNC(=O)C1CN(Cc2cccc3c2OCO3)CC1c1cnn(C)c1;Cc1nccc(NC2COCCC2NC(=O)c2ccoc2C2CC2)n1;Cc1ccc(C)c(OCC(=O)N2CCN(c3cnn(C)c3)C(=O)C2)c1;CN1C(=O)CCC(NC(=O)c2ccoc2C2CC2)C1c1ccnn1C;CNC(=O)c1ccn(C2CCCN(Cc3cccc4c3OCO4)C2)n1;CCc1nc[nH]c1C(=O)N1CCN(C(=O)c2cccc(OC)c2)CC1;Cn1cc(N2CCN(Cc3cccc4c3OCCCO4)CC2=O)cn1;Cn1ccc(N2CCCC(NC(=O)C(O)Cc3ccccc3)C2=O)n1
m_d258c4,CC1CN(CC(=O)N2CCC(C(=O)N3CCCC3)CC2)C(C)CO1;CC1CN(CC(=O)N2CC=C(C(O)N3CCCC3)CC2)C(C)CO1;CC1CN(CC(=O)N2C=CC(C(O)N3CCCC3)CC2)C(C)CO1;CC1CN(CC(=O)N2CCC(C(O)N3C=CCC3)CC2)C(C)CO1;CC1CN(CC(O)N2CCC(C(=O)N3C=CCC3)CC2)C(C)CO1;CC1CN(CC(O)N2CC=C(C(=O)N3CCCC3)CC2)C(C)CO1;CC1CN(CC(O)N2CCC(C(=O)N3CC=CC3)CC2)C(C)CO1;CC1CN(CC(=O)N2CCC(C(O)N3CC=CC3)CC2)C(C)CO1;CC(C)C(=O)N1CC2COCCN2C2(C1)CN(C(=O)C(C)(C)C)C2;CC1CN(CC(O)N2C=CC(C(=O)N3CCCC3)CC2)C(C)CO1;CN(C(=O)CN1CCCC1)C1CCN(C(=O)COC2CCCC2)C1;CC1CCCN1CC(=O)N(C)C1CCN(C(=O)C2CCOCC2)C1;CN(C)CC1OC(Cc2cc(CN3CCCCC3)on2)CCC1O;CCNCC1OC(Cc2cc(CN3CCCCC3)on2)CCC1O;CC(C)C(=O)N1CC2COCCN2C2(C1)CN(C1CCOCC1)C2;CC1=COC(C)CN1CC(O)N1CCC(C(=O)N2CCCC2)CC1;O=C(CN1CCC(O)(C2CC2)C1)NCCCN1CCCCCC1=O;CC1=COC(C)CN1CC(=O)N1CCC(C(O)N2CCCC2)CC1;CCC1CN(C(=O)c2c(C)noc2C)C(CO)C1CN(CC)CC;CC1=CN(CC(=O)N2CCC(C(O)N3CCCC3)CC2)C(C)CO1;CC1=CN(CC(O)N2CCC(C(=O)N3CCCC3)CC2)C(C)CO1;CCCCN1C(=O)C2CC(O)CN2C2(CN(CC(C)(C)C)C2)C1=O;CC1CCCCN1C(=O)CN1CCN(C(=O)C2CCOCC2)CC1;CNC(=O)C1(N2CCCC2C(=O)NC2CCCCC2)CCOCC1;CCC(O)C1CC=CC2CC(O)=NCCCCN(C=O)CCCN21
m_d274b6,COc1nc(C)cc(C)c1CNC(=O)NC1CCC2(CC1)CC2(F)F;COc1c(C)ncc(CNC(=O)NC2CCC3(CC2)CC3(F)F)c1C;Cc1nc(O)c(CNC(=O)NC2CCC3(CC2)CC3(F)F)c(C)c1C;COc1nc(C)cc(C)c1CNC(O)NC1C=CC2(CC1)CC2(F)F;COc1nc(C)cc(C)c1CNC(O)NC1=CCC2(CC1)CC2(F)F;Cc1cc(C)c(CNC(=O)N(C)C2CCC3(CC2)CC3(F)F)c(O)n1;Cc1cc(C)c(CN(C)C(=O)NC2CCC3(CC2)CC3(F)F)c(O)n1;CCC1CN2CCC1CC2CNC(=S)Nc1cccc2ccccc12;CC(C)c1ccc2c(c1)C(N1CCN(C)CC1)Cc1cccnc1S2;O=C(NCCc1c(F)cccc1F)N1CCN(C2CCOCC2)CC1;Cc1cc(CN2CCC(N3CCNC3=O)CC2)cc(C)c1OC(F)F;CC(=O)NCCN1CCC2CN(C(=O)CCC(=O)O)CCC2CC1=O;COCC(=O)NCC1OC(CO)C(O)C1N(C)CCc1ccccn1;C=CCNC(=O)NC1COC2C(OC(=O)NC3CCCCC3)COC12;C#CCNC(=O)CC1OC(CNC(=O)NC2CCCCC2)C(O)C1O;CCOC(=O)N1CCC2(CC1)OC(=O)C(C)=C2C(=O)NCCN(C)C;Cc1ccc(F)cc1CNCC1CC(=O)N(C2CC2)C1c1cccnc1;CCC(CC)c1cc(C(=O)N2CCOC(CN(C)CC(=O)O)C2)on1;COCC1CCN(C(=O)NC2CCN(C)C2c2ccc(F)c(F)c2)C1;CC(C)C(=O)N1CC2COCCN2C2(CN(C(=O)CCC(=O)O)C2)C1;O=C(c1cc(OCC(F)F)ccn1)N1CCCN(C2CCCC2)CC1;CC(=O)NCC1OC(Cc2cc(CN3CCOCC3)on2)CCC1O;O=C1C(N2CCC(Nc3ccccc3)CC2)CCN1c1ccccc1F;CN1CCN(C2C3OCC(O3)C(NCc3ccc(CO)o3)C2O)CC1;CCCN1CCN(C(=O)CCCNC(=O)c2ccc(F)cc2F)CC1
m_d3998e,Cn1cc(Cl)cc1C(=O)N1CCCC(CCC(=O)O)C1;Cn1cc(Cl)cc1C(=O)N1CCCCC1CCC(=O)O;Cn1cc(Cl)cc1C(=O)N1CCCC(C=CC(O)O)C1;CCC1CCCN(C(=O)c2cc(Cl)c(C(=O)O)n2C)C1;Cn1cc(Cl)cc1C(=O)N1C=C(CCC(O)O)CCC1;Cn1cc(Cl)cc1C(=O)N1CCCC(=CCC(O)O)C1;Cn1cc(Cl)cc1C(=O)N1CCC=C(CCC(O)O)C1;Cn1cc(Cl)cc1C(=O)N1CC=CC(CCC(O)O)C1;Cn1cc(Cl)cc1C(=O)N1C=CCC(CCC(O)O)C1;CCC1CCCN(C(=O)c2c(C(=O)O)c(Cl)cn2C)C1;Cn1cc(Cl)cc1C(O)N1CCC=C(CCC(=O)O)C1;COC(=O)C1(CNC(=O)c2cc(Cl)c[nH]2)CCCCC1;Cn1cc(Cl)cc1C(O)N1C=C(CCC(=O)O)CCC1;Cn1cc(Cl)cc1C(O)N1CCCC(C=CC(=O)O)C1;Cn1cc(Cl)cc1C(O)N1CCCC(=CCC(=O)O)C1;Cn1cc(Cl)cc1C(O)N1CC=CC(CCC(=O)O)C1;COCC1CN(C(=O)c2ccc(Cl)cn2)CC(C)(C)O1;C[N+](C)(C)CCc1c[nH]c2cccc(OP(=O)([O-])O)c12;O=C(O)C1CC2=c3c(c(O)c4c5c3N1CCC5NCN=4)N=C2;CCN1c2cc([N+](=O)[O-])ccc2N(C)C(=O)c2cccnc21;CC1=CCC(=O)N(C)c2c1cnn2-c1ccc([N+](=O)[O-])cc1;CCn1c(=N)c(C(=O)OC)cc2c(=O)n3ccccc3nc21;CC(=O)Nc1cc(=N)c2ncc3cc(C(=O)CCO)[nH]c1c32;Cn1cc(Cl)cc1C(O)N1C=CCC(CCC(=O)O)C1;CC(C)=CC(=O)NC1=CC(=O)C2(C)C(O)C(Cl)C(C)N12
m_d4c45b,COC(=O)c1ccc(C(=O)NC2CCCCC2OC)s1;COC(=O)c1ccc(C(=O)N(C)C2CCCCC2O)s1;COC1CCCCC1NC(=O)c1sc(C(=O)O)cc1C;COC1CCCCC1NC(=O)c1cc(C)c(C(=O)O)s1;COC1CCCCC1N(C)C(=O)c1ccc(C(=O)O)s1;COC(=O)c1sc(C(=O)NC2CCCCC2O)cc1C;COC(=O)c1cc(C)c(C(=O)NC2CCCCC2O)s1;COC(=O)c1cc(C)c(C(=O)N(C)CC2CCCO2)s1;COC(=O)c1sc(C(=O)N(C)CC2CCCO2)cc1C;COC(=O)c1sc(C(=O)NCC2CCCO2)c(C)c1C;CCOC1CC(NC(=O)c2ccsc2)(C(=O)O)C1(C)C;CC1(C)OCCC1NC(=O)c1ccc(S(C)(=O)=O)cc1;CC1CCCCC1OCC(=O)Nc1cc(C(=O)O)cs1;COC(O)c1ccc(C(=O)NC2C=CCCC2OC)s1;COC1=C(NC(=O)c2ccc(C(O)OC)s2)CCCC1;COC(=O)c1ccc(C(O)NC2CCCC=C2OC)s1;COC1=CCCCC1NC(=O)c1ccc(C(O)OC)s1;COC(O)c1ccc(C(=O)NC2CC=CCC2OC)s1;COC(O)c1ccc(C(=O)NC2CCC=CC2OC)s1;COC(=O)c1ccc(C(O)NC2CC=CCC2OC)s1;COC(=O)c1ccc(C(O)NC2CCC=CC2OC)s1;COC(=O)c1ccc(C(O)NC2=C(OC)CCCC2)s1;CCc1ccc(C(=O)N(CC(=O)O)C2CCOCC2)s1;CC1OCCC1(C)NC(=O)c1ccc(S(C)(=O)=O)cc1;CC(C)COC1CCN(C(=O)c2ccc(C(=O)O)s2)C1
m_d56a4e,Cc1cncc(C(=O)N2CCCC(n3cncn3)C2)c1;Cc1cncc(C(=O)N2CCCC(n3ccnn3)C2)c1;O=C(Cc1cccnc1)N1CCCC1Cn1ccnn1;Cc1cncc(C(=O)NC2CCCn3nc(C)nc32)c1;CCc1ccnc(C(=O)Nc2nnc3n2CCCC3)c1;CN1CCN(C(=O)c2ccncc2)CC1c1ncc[nH]1;CCCc1cc(O)nc(NC(=N)Nc2ccccc2)n1;CC(=O)C(C)C(=O)OC1CCN2CC(O)C(CO)C12;O=C(Nc1cccc(-n2cnnn2)c1)C1CCCCC1;CCCc1nc(NC)n2ncc(Cc3ccoc3)c2n1;Cc1nc(O)c2c(n1)CN(c1nc(C)nc(C)c1C)C2;Cc1cnc(C(=O)NCC2CCn3ccnc3C2)cn1;CC1CNCCN1C(=O)c1cc(-n2cccn2)ccn1;CC1(C)CCc2nnc(C(=O)Nc3ccccn3)n2C1;COc1ccc(CNCC(OC)(OC)OC)cc1O;Cn1c(CNC(=O)c2ccncc2)nnc1C1CCC1;O=C(Nc1ccccn1)c1nnc2n1CCCCCC2;CCC1C(=O)N(C)CCN1c1ccc2nccnc2n1;CC(O)CC(O)CC(=O)C1=C(O)C(C(C)C)NC1=O;c1cn(-c2cc(N3CCC4(CCOC4)C3)ncn2)cn1;CC(=O)C1(C)CC(C(=O)O)N(C(=O)OC(C)(C)C)C1;Cc1ccn(-c2ccc(N3CC4CC4(CO)C3)nn2)n1;CC(C)(CN)c1nc(Cn2cnc3ccccc32)no1;OCC(O)C(O)C(O)CNCCc1ccc(O)cc1;CN1CC2(CCN(C(=O)c3ccc4nncn4c3)C2)C1
m_d6c1c0,Cc1nn(C)cc1C1CCCN1C(=O)c1cc2cc(F)ccc2[nH]1;CCn1ncc2c1CCCC2NC(=O)c1cc2cc(F)ccc2[nH]1;N#Cc1cc(F)ccc1CN1CCCC(c2noc(C3CC3)n2)C1;Cc1nnc(C2CC23CCN(Cc2cc(C#N)ccc2F)CC3)o1;Cc1nn(C)cc1C1=CCCN1C(O)c1cc2cc(F)ccc2[nH]1;Cc1nn(C)cc1C1CC=CN1C(O)c1cc2cc(F)ccc2[nH]1;O=C(Cc1c[nH]c2cc(F)ccc12)NCc1[nH]nc2c1CCCC2;Cc1c(C2C(C(=O)N3CCC(F)(F)C3)CC(=O)N2C)cnn1C;O=C(O)CCCCCCCc1ccc(CCCCC(=O)O)s1;CCOC(=O)C(OCC)c1ccc(O[Si](C)(C)C)c(OC)c1;Cc1nn(C)cc1C1C=CCN1C(O)c1cc2cc(F)ccc2[nH]1;CC(=NNc1ccccc1)c1nc2c(ccc3ccccc32)nc1C;CN1C(=O)CCC(C(=O)N2CCC(F)(F)C2)C1c1nccn1C;CN1C(=O)CCC(C(=O)N2CCC(F)(F)C2)C1c1ccnn1C;C=C(OC1Cc2c(ccc3ccc(=O)oc23)OC1(C)C)C(C)=CC;O=C(c1ccc(N2CCCC2)nn1)N1CCCc2ccc(F)cc21;CC(C)(O)C1Cc2c(ccc(C(=O)CCc3ccccc3)c2O)O1;COc1c(O)cc2cc1Oc1ccc(cc1)CCCCC(O)C=C2;COc1ccc(C2OC(c3ccc4c(c3)OCO4)C(C)C2C)cc1;CC(Cc1ccc2c(c1)OCO2)C(C)Cc1ccc2c(c1)OCO2;CC1(C)CCc2c(C3CCc4ccc(O)cc4O3)ccc(O)c2O1;CCCCCOC(=O)c1ccccc1C(=O)OCc1ccccc1;CC(C)=CC1CC(=CCOc2cc(=O)oc3cccc(C)c23)CO1;Cc1cc2c(O)c3c(c(O)c2o1)C1(C)CCC2CC2(C)C1CC3=O;COc1cc(O)c(C(=O)C=Cc2ccccc2C(C)C)c(OC)c1
m_d74296,COC(=O)C(NC(=O)CC(C)c1c[nH]c2ccccc12)c1ccc2c(c1)CCO2;Cc1cc2c(cc1C(NC(=O)CC(C)c1c[nH]c3ccccc13)C(=O)O)CCO2;Cc1c(C(NC(=O)CC(C)c2c[nH]c3ccccc23)C(=O)O)ccc2c1CCO2;COc1ccc2[nH]c3c(c2c1)CN(C(=O)Cc1ccc2c(c1)OCCCO2)CC3;Cc1cc(C(NC(=O)CC(C)c2c[nH]c3ccccc23)C(=O)O)cc2c1OCC2;CC1(C)CC(=O)c2ccc(OCC(=O)NCCc3c[nH]c4ccccc34)cc2O1;COC(=O)C(NC(O)C=C(C)c1c[nH]c2ccccc12)c1ccc2c(c1)CCO2;CC(=O)N1C=Cc2ccccc2C1CC(=O)NC(CCC(=O)O)c1ccccc1;CC(CC(=O)N(C)C(C(=O)O)c1ccc2c(c1)CCO2)c1c[nH]c2ccccc12;COC(=O)C(Cc1ccccc1)NC(=O)CCn1cc(C(C)=O)c2ccccc21;COc1cc2c(cc1OC)CN(C(=O)Cn1cc(C(C)=O)c3ccccc31)CC2;COc1cc2c(cc1OC)CC(=O)N(CC(=O)N1CCc3ccccc3C1)C=C2;Cc1ccc2[nH]cc(C(C)CC(=O)NC(C(=O)O)c3ccc4c(c3)CCO4)c2c1;Cc1ccc2c(C(C)CC(=O)NC(C(=O)O)c3ccc4c(c3)CCO4)c[nH]c2c1;Cc1[nH]c2ccccc2c1C(C)CC(=O)NC(C(=O)O)c1ccc2c(c1)CCO2;Cc1cccc2c(C(C)CC(=O)NC(C(=O)O)c3ccc4c(c3)CCO4)c[nH]c12;COC(O)C(NC(=O)CC(C)c1c[nH]c2ccccc12)c1ccc2occc2c1;Cc1cccc2[nH]cc(C(C)CC(=O)NC(C(=O)O)c3ccc4c(c3)CCO4)c12;Cc1cc(=O)oc2cc(OCC(=O)N3CCN(Cc4ccccc4)CC3)ccc12;Cc1noc(C)c1COc1ccc(CC(=O)NC2CCOc3ccccc32)cc1;COc1ccc(C=Cc2cc(C=Cc3ccc(OC)c(OC)c3)[nH]n2)cc1OC;COC(=O)C(Cc1ccccc1)NC(=O)c1cn(C(C)C)c(=O)c2ccccc12;COc1ccc(OC)c(CCNC(=O)Cn2cccc2C(=O)c2ccccc2)c1;COC(=O)C(NC(O)CC(C)c1c[nH]c2ccccc12)c1ccc2occc2c1;C=C(C)COc1ccc(C2NC(C(=O)O)Cc3c2[nH]c2ccccc32)cc1OC
m_d7ad1b,COCCn1c(SCc2ncc(-c3ccccc3)o2)nc2sc3c(c2c1=O)CCC3;Cc1cc(=O)oc2c1cc(NC(=O)c1ccccc1)c1occ(OC(=O)c3ccccc3)c12;O=C(O)C(=O)c1cn(Cc2ccccc2)c2ccc(-c3ccc(OC(F)(F)F)cc3)cc12;O=C(CC1NC(=O)c2ccccc2NC1=O)NCCc1nc(-c2ccccc2Cl)no1;COc1ccc(-c2csc3ncnc(NC(C)c4ccc(S(C)(=O)=O)cc4)c23)cc1;Cc1ccc(C=C2Oc3c(ccc4c3C(c3cc5ccccc5[nH]c3=O)CC(=O)O4)C2=O)o1;O=C(Nc1ccc2n(c1=O)CC1CC2CN(C(=O)Cc2cccs2)C1)c1cccs1;Cc1ccc2c(-c3oc4ccccc4c3NC(=O)c3ccc4c(c3)OCO4)cc(=O)oc2c1;CC(O)C12OC13c1cc(O)c4c(c1NC2C#CC=CC#CC3O)C(=O)c1ccccc1C4=O;COc1ccc(C)cc1NS(=O)(=O)c1ccccc1-c1nc(-c2ccc(F)cc2)no1;NC(=O)C1CCN(c2nnc(-c3cccc(Br)c3)n2Cc2ccccc2)CC1;CC(C)n1c(=O)[nH]c2cc(-c3noc(CN4C(=O)COc5ccc(Cl)cc54)n3)ccc21;O=C(Nc1ccn(Cc2ccncc2)n1)N1CCC(c2ccccc2Br)CC1;COc1ccc(S(=O)(=O)Nc2ccc(-n3c(C)nc4ccccc4c3=O)cc2)cc1F;CSCCC(NC(N)=O)C(=O)N1CCN(c2ncc(C(F)(F)F)cc2Cl)CC1;COCC1(c2noc(C3CCCN3C(=O)c3cc(Cl)cc(Cl)c3)n2)CCOCC1
m_d7ecc5,CCOC(=O)c1cc(NC(=O)C(CC)OC)c2ccccc2n1;CCOC(=O)c1cc(NC(=O)COC(C)C)c2ccccc2n1;O=C(O)CCN(C(=O)c1ccc2[nH]ccc2c1)C1CCOCC1;CCC(C)C(NC(=O)c1cc(=O)[nH]c2ccccc12)C(=O)OC;COC(=O)C(CC(C)C)NC(=O)c1cc(O)nc2ccccc12;c1cc(NNc2cccc(-n3cccn3)c2)cc(-n2cccn2)c1;COC(=O)C(C)NC(=O)CCn1cc(C(C)=O)c2ccccc21;COC(=O)CNC(=O)c1cn(CC(C)C)c(=O)c2ccccc12;O=C(O)C1COCCN1C(=O)CCCc1c[nH]c2ccccc12;CCn1cc(C(=O)N2CCCC(O)(C(=O)O)C2)c2ccccc21;CC(OCC1CCCO1)C(=O)Nc1ccccc1-c1ncco1;CC(=O)c1cn(CC(=O)NC(C(=O)O)C(C)C)c2ccccc12;COC(=O)C(NC(=O)c1ccc2cc(OC)ccc2n1)C(C)C;CC(=O)c1cn(CCC(=O)NCCCC(=O)O)c2ccccc12;Cc1cnc(-c2ccccc2NC(=O)COCC2CCCO2)o1;COC(=O)c1c(NC(=O)C2CCCCO2)c2ccccc2n1C;CCOC1CC1C(=O)NC(Cc1c[nH]c2ccccc12)C(=O)O;CC(C)(C)OC(=O)N1Cc2[nH]c3ccccc3c2CC1C(=O)O;COC1CC(C(=O)O)N(C(=O)CCc2ccc3[nH]ccc3c2)C1;COC(=O)C(NC(=O)c1cn(C)c(=O)c2ccccc12)C(C)C;Cc1ccc2c(CC(=O)N3CCOC(CC(=O)O)C3)c[nH]c2c1;Cc1cccc2c(CCC(=O)N3CCOC(C(=O)O)C3)c[nH]c12;CCC(C)(NC(=O)c1ccc(-c2ccco2)nc1C)C(=O)OC;N#Cc1ccnc(N2CCC(c3ccc4cccnc4n3)CC2)n1;CC(C)c1cnc(-c2ccc(NC(=O)C3COCCO3)cc2)o1
m_d86693,Cc1ccccc1Nc1nc(Cn2ccc(C)c(C#N)c2=O)cs1;O=C(Nc1ccccc1)NP(=O)(c1ccccc1)c1ccccc1;COc1ccc(Nc2nc(-c3c(C)nc4ccccn34)cs2)cc1;CC(=O)Nc1cccnc1NC(=O)c1oc(C2CC2)nc1C(F)F;CCc1cc2c(=O)[nH]c(Cc3cnn(-c4ccccc4)c3)nc2s1;COC(CC(=O)N1Cc2nnc(C)n2CC1C(=O)O)C(F)(F)F;Cc1cc(C)c2c(n1)sc1c(=O)n(Cc3cccnc3)c(C)nc12;c1ccc(CCc2nnc(SCc3cnc4ccccn34)o2)cc1;CCn1cc(S(=O)(=O)NCCc2c[nH]c3ccc(F)cc23)cn1;O=C(Cc1c[nH]c2cc(F)ccc12)Nc1ccc(-c2nnco2)cc1;NC(=O)C1Cc2ccccc2N1Cc1csc(-c2ccccn2)n1;Cn1c(=O)cc(N2CCC(NC(=O)OCC(F)(F)F)C2)[nH]c1=O;Cc1cc(=O)[nH]cc1C(=O)NC(c1ccc(Cl)cc1F)C(C)C;O=C(C=Cc1ccccc1)N1CCc2[nH]c3ccc(Cl)cc3c2C1;C=CCN(C(=O)c1cc(C)ncn1)c1nc(-c2ccccc2)cs1;CCOC(=O)C(C)Sc1nnc2n1CCN2c1ccc(F)cc1;Cc1ccc(-n2cnc3c(sc4nccc(N(C)C)c43)c2=O)cc1;Cc1cccc2c1N(C(=O)c1cnc(-c3ncccn3)s1)CCC2;Cc1ccccc1NC(=O)CSc1nnc(NCC(C)C)s1;O=C(Cn1ccc(=NCc2ccccc2)cc1)c1ccc(Cl)cc1;O=C(CCCCC1CCSS1)NCc1nnc2ccccn12;c1ccc2oc(C3CCCN(c4nc5cnccc5s4)C3)nc2c1;CCS(=O)(=O)NCCNc1c(C#N)cnc2c(C)cc(F)cc12;CN(CCN1CCOC1=O)c1nnc(Cc2ccc(F)cc2)s1;O=S(=O)(Cc1ccccc1F)Nc1ccc(C2CCCN2)nn1
m_d90c36,CCc1n[nH]c(=O)c(CNC(=O)C(C)C(F)(F)F)c1CC;Cc1nn(C)c(C)c1CCC(=O)NCc1ccc(C(=O)O)o1;Cc1nn(C)c(C)c1C(C)C(=O)NCc1ccc(C(=O)O)o1;Cc1ncc(C(=O)NCC(C)(O)C(F)(F)F)c(C(C)C)n1;CCN(CC(O)C(F)(F)F)C(=O)c1cncnc1C(C)C;Cc1ncc2n1CC(C(=O)Nc1cccc(C(F)F)c1)CC2;CN(C(=O)c1c2c(nn1C)CCCC2)c1cc(F)ccc1F;OC1(C(F)(F)F)CCCN(Cc2nc(C3CC3)no2)CC1;Cn1cc(CCC(=O)N2CCCc3c(F)ccc(F)c32)cn1;COC(=O)C1Cc2ncn(C)c2CN1Cc1ccc(CO)o1;CC(C(=O)N1CCC(C(O)C(F)(F)F)CC1)n1cccn1;Cc1noc(C)c1C(=O)N1CC2(CC(=O)N(CC3CC3)O2)C1;O=C(CCOCC(F)(F)F)N1CCCC(n2ccnc2)C1;O=C(O)CN1CCCCC(NC(=O)Cc2cccnc2)C1=O;CCC1NC(=O)C2CC(NC(=O)c3ccco3)CCN2C1=O;CN1C(=O)C2CC(O)CN2C2(CN(Cc3ccoc3)C2)C1=O;Cn1cc(CCC(=O)N2CCCc3cc(F)cc(F)c32)cn1;CN1C(=O)C(OCC2CC2)C2CN(C(=O)c3ccno3)CC21;NC(=O)c1ccc(CNC(=O)C(C(=O)O)C2CCCC2)cn1;Cc1cc(CNC(=O)c2cc(C(C)(C)C)n[nH]2)oc1C(=O)O;COCc1cnc(C2=NC(C)(C(C)C)C(=O)N2)c(C(=O)O)c1;CC(c1cc(F)ccc1F)N(C)C(=O)c1cn2c(n1)CCC2;OC(CNc1cccc(C(F)(F)F)n1)CN1CCOCC1;OCC1C(O)C(O)C(O)c2nc(CNc3ccccc3)cn21;CCNC(=O)OC1COCCN(c2nc3ccccc3o2)C1
m_daf5f1,N#Cc1ccc(NCC2CCN(CCC(=O)N3CCOCC3)C2)nc1;CC1CN(C(=O)CN2CCC(CNc3ccc(C#N)cn3)C2)CCO1;N#Cc1cccnc1NCC1CCN(CCC(=O)N2CCOCC2)C1;N#Cc1ccc(N2CCC(NC(=O)N3CCC(CO)CC3)CC2)nc1;CC(O)C1CCN(C(=O)NC2CCN(c3ccc(C#N)cn3)CC2)C1;Cc1ccc(C2CC(C)N(C(=O)NCc3nc(N(C)C)no3)C2)cc1;Cc1cc(C)nc(-n2nc(C)c(CC(=O)N3CCOCC3C)c2C)n1;Cc1cc(C)nc(-n2nc(C)c(CC(=O)NCC3CCCO3)c2C)n1;CC(C(=O)N1CCOCC1)N1CCC(CNc2ccc(C#N)cn2)C1;Cc1cc(C)nc(-n2cc(C(=O)NC3CCCOC3)c(C(C)C)n2)n1;Cc1ccc(-n2nc(NC(=O)NCCN3CCOCC3)cc2C)cc1;CC1(C)CC(NC(=O)Nc2ccnn2Cc2ccccn2)C(C)(C)O1;CN(C)C1CCCN(C(=O)NCCc2nnc(-c3ccccc3)o2)C1;CN(C)c1cc(C(=O)NC2(C)CCOCC2)c2cc(N)c(N)cc2n1;CCc1c[nH]c2ncnc(N3CCC(C(=O)N4CCOCC4)CC3)c12;O=C(CCCn1nnc(-c2ccccc2)n1)N1CCCC(CO)CC1;N#Cc1ccc(NCC2CCN(C=CC(O)N3CCOCC3)C2)nc1;CCC(C)(CNC(=O)c1cnn(-c2ccccc2)n1)N1CCOCC1;O=C(NCC(O)CN1CCCCC1)Nc1ccn(-c2ccccc2)n1;CN(C)c1cc(C(=O)NC2(C)CCOCC2)c2ccc(N)c(N)c2n1;Cc1ccc(CNC(=O)NCc2ccnc(N3CCOCC3)c2)n1C;CN(C)c1nc2cc(N)ccc2c(C(=O)NC2(C)CCOCC2)c1N;CN(C)c1nc2ccc(N)cc2c(C(=O)NC2(C)CCOCC2)c1N;Cc1cc(C)n(-c2ccc(NC(=O)NCCC3CCCCO3)cn2)n1;Cc1cn2nc(NC3CCN(C(=O)CC4CCCCO4)C3)ccc2n1
m_db2018,CN(Cc1ccc(O)cc1)C(=O)Cc1c[nH]c2ncccc12;O=C(c1ccoc1)N1CCC(c2nc3ccccc3[nH]2)CC1;O=C(c1ccoc1)N1CCCC(c2nc3ccccc3[nH]2)C1;Cc1cc(C)n(-c2ccccc2CNC(=O)c2ccco2)n1;N#Cc1ccc(C(=O)NCC2CCOC2c2ccccc2)[nH]1;Cc1ccc2c(CC(=O)NCc3ccc(O)cc3)c[nH]c2n1;COc1ccc(CNC(=O)Cc2c[nH]c3ncccc23)cc1;Cc1ccc(C)c(-n2ncc(NC(=O)c3ccco3)c2C)c1;Cc1ccnc2[nH]cc(CC(=O)NCc3ccc(O)cc3)c12;Cc1[nH]c2ncccc2c1CC(=O)NCc1ccc(O)cc1;Cc1cnc2[nH]cc(CC(=O)NCc3ccc(O)cc3)c2c1;CN(Cc1cccc(O)c1)C(=O)Cc1c[nH]c2ncccc12;CN(Cc1ccccc1)C(=O)C(O)c1c[nH]c2ncccc12;CN(Cc1ccccc1)C(=O)Cc1c(O)[nH]c2ncccc12;CN(Cc1ccccc1O)C(=O)Cc1c[nH]c2ncccc12;Cc1cc(O)ccc1CNC(=O)Cc1c[nH]c2ncccc12;Cc1cc(CNC(=O)Cc2c[nH]c3ncccc23)ccc1O;Cc1occc1C(=O)Nc1ccc2c(c1)nc(C1CC1)n2C;COc1ccc(C(=O)NCCn2cnc3ccccc32)cc1;COc1ccccc1CCNC(=O)c1ccc2cn[nH]c2c1;COc1cccc(C(=O)NCCc2nc3ccccc3[nH]2)c1;O=C(Cc1c[nH]c2ncccc12)N(CO)Cc1ccccc1;CC(C)c1ccc(OCc2nc(-c3cccnc3)no2)cc1;Cc1noc(C)c1C(=O)N1CCc2c([nH]c3ccccc23)C1;COCCN(CC(=O)OC)Cc1nc2c(F)cccc2[nH]1
m_db2c0e,O=C(CCc1nc(-c2ccsc2)no1)Nc1ncccc1O;O=C(CCc1nc(-c2ccsc2)no1)Nc1cccc(O)n1;O=C(CCc1nc(-c2ccsc2)no1)Nc1cc(O)ccn1;O=C(CCc1nc(-c2ccsc2)no1)Nc1ccc(O)cn1;O=C(Nc1ccccn1)C(O)Cc1nc(-c2ccsc2)no1;O=C(CC(O)c1nc(-c2ccsc2)no1)Nc1ccccn1;Oc1cccnc1NC(O)C=Cc1nc(-c2ccsc2)no1;O=C(CCc1nc(-c2cscc2O)no1)Nc1ccccn1;O=C(CCc1nc(-c2ccsc2O)no1)Nc1ccccn1;Cc1ccc(C(=O)NCc2nc(-c3ccsc3)no2)c(=O)[nH]1;O=C(CCc1nc(-c2csc(O)c2)no1)Nc1ccccn1;O=C(CSc1ncccn1)NN=Cc1ccc2c(c1)OCO2;CC(=O)Nc1nc(Cn2c(-c3ccccc3)noc2=O)cs1;NS(=O)(=O)c1ccc(NC(=O)c2n[nH]c3ccccc23)cc1;Cn1c(=O)c2cc(NC(=O)c3cccs3)cnc2n(C)c1=O;CSCCC(NC(=O)Nc1ccc(C)c(Cl)c1)C(=O)O;O=C1Nc2ccc(F)c(F)c2C(C#CC2CC2)(C(F)(F)F)N1;N#Cc1ccccc1NC(=O)Nc1ccc(S(N)(=O)=O)cc1;Cc1occc1C(=O)Nc1nc(-c2c[nH]c(C(N)=O)c2)cs1;Cc1ccc(S(=O)(=O)Nn2nnc3ccccc3c2=O)cc1;Cc1ccc(S(=O)(=O)OC2C(O)C3OCC(O)C2O3)cc1;NC(=O)c1ccccc1NS(=O)(=O)c1c[nH]c2ncccc12;C=CCn1c(=O)c2ccccc2n2c(SCC(=O)O)nnc12;Cc1ccc(S(=O)(=O)OC2C3OCC(O)C(O3)C2O)cc1;O=C(Cc1ccccc1Cl)NCc1cc(-c2ccco2)on1
m_dbd1b2,CCn1cnnc1C1CN(C(=O)COc2ccccc2F)CCO1;CC(Oc1cccc(F)c1)C(=O)N1CCOC(c2nncn2C)C1;CN(CC1OCCC1c1ncn[nH]1)C(=O)COc1ccccc1F;O=C(CCOc1ccc(F)cc1)N1CCC(O)(Cn2ccnn2)C1;COC1CC(c2ncn[nH]2)N(C(=O)CCOc2ccc(F)cc2)C1;CCn1cnnc1C1CN(C(O)COc2ccccc2F)C=CO1;Cc1ccc(F)c(OCC(=O)N2CCC(c3nc(=O)[nH][nH]3)CC2)c1;O=C(COc1cccc(F)c1)N1CCCC(O)(Cn2ccnn2)C1;Cc1nc(CN2CCN(C(=O)COc3ccccc3F)CC2)no1;Cc1noc(C2CN(C(=O)COc3ccccc3F)CCN2C)n1;CCn1cnnc1C1CN(C(=O)CCCc2cccs2)CCO1;CCn1cnnc1C1=CN(C(O)COc2ccccc2F)CCO1;COC1CN(C(=O)CCOc2ccccc2F)CC1c1c[nH]nn1;CC(C)(C)c1coc(C2COCCN2Cc2ccc(Cl)cc2)n1;CC(C)(C)c1cc(CC2(NCc3ccc(Cl)cc3)COC2)no1;CC(C)(C)c1cc(CC2(NCc3cccc(Cl)c3)COC2)no1;CC(C)(C)c1cc(CC2(NCc3ccccc3Cl)COC2)no1;Cc1ccc(CCCC(=O)N2CCOC(c3nncn3C)C2)s1;CC(C)Cc1cc(CC2(NCc3ccccc3Cl)COC2)no1;CCOc1c(F)cccc1C(=O)N1CCC(O)(Cn2ccnn2)C1;CC(C)(C)n1cnc(C(=O)NCC(C(=O)O)c2ccc(F)cc2)n1;COc1ccc(F)cc1CC(=O)N1CC(OC)CC1c1ncn[nH]1;COc1cc(C(=O)N2CCCC(O)(Cn3ccnn3)C2)ccc1F;COc1cccc(C(=O)N2CCCC(O)(Cn3ccnn3)C2)c1F;CN1C(=O)C(OCC2CC2)C2CN(Cc3ccc(Cl)cc3)CC21
m_dbd5d0,O=C(NCC(=O)N1CC2CNCC2C1)c1cnc2ccccc2c1O;O=C(NCC(=O)N1CC2CNCC2C1)c1cc2ccccc2nc1O;O=C(NCC(=O)N1CC2CNCC2C1)c1cnc2cccc(O)c2c1;O=C(NCC(=O)N1CC2CNCC2C1)c1cnc2ccc(O)cc2c1;O=C(NCC(=O)N1CC2CNCC2C1)c1cnc2cc(O)ccc2c1;O=C(NCC(=O)N1CC2CNCC2C1)c1cnc2c(O)cccc2c1;O=C(NCC(O)N1CC2=C(CNC2)C1)c1cnc2ccccc2c1O;O=C(NC(O)C(=O)N1CC2CNCC2C1)c1cnc2ccccc2c1;O=C(NCC(O)N1C=C2CNCC2C1)c1cnc2ccccc2c1O;O=C(NCC(O)N1CC2=CNCC2C1)c1cnc2ccccc2c1O;O=C(NCC(=O)N1CC2CNCC2(O)C1)c1cnc2ccccc2c1;O=C(NCC(=O)N1CC2CNC(O)C2C1)c1cnc2ccccc2c1;O=C(NCC(=O)N1CC2CNCC2C1O)c1cnc2ccccc2c1;O=C(CNC(O)c1cnc2ccccc2c1O)N1CC2=C(CNC2)C1;Cc1noc(CC2(O)CCCN(C(=O)c3cccc4cc[nH]c34)C2)n1;COc1nc(C(=O)N2CCC3C(C2)NC(=O)N3C)cc2ccccc12;CC(=O)N1CC2Oc3cc(-c4cnn(C)c4)ccc3C(=O)N(C)C2C1;CC(C)c1nnc(C2CN(C(=O)c3ccc4cc[nH]c4c3)CCO2)o1;O=C(CNC(O)c1cnc2ccccc2c1O)N1CC2=CNCC2C1;O=C(CNC(O)c1cnc2ccccc2c1O)N1C=C2CNCC2C1;Cc1noc(C(NC(=O)c2ccc(C#N)cc2C)C2CCOCC2)n1;CN1C(=O)C2CC(O)CN2C2(CN(Cc3ccc(C#N)cc3)C2)C1=O;COc1ccc2c(c1)[nH]c1c(=O)n(CCCN3CCCC3=O)cnc12;O=C(O)C1CC2CCCCC2N1C(=O)c1ccc(-n2ccnn2)cc1;CCn1cc(C(=O)NC2COCC2Oc2cn[nH]c2)c2ccccc21
m_dc5eb2,CC(NC(=O)c1ccoc1)C(=O)NC1CCCCCCC1;CC1CCC(C)(NC(=O)C(C)NC(=O)c2ccoc2)CC1;CC(NC(=O)c1ccoc1)C(O)NC1CCC=CCCC1;CC(NC(=O)c1ccoc1)C(O)NC1CC=CCCCC1;CC(NC(=O)c1ccoc1)C(O)NC1C=CCCCCC1;CC(NC1CCN(C(=O)c2ccco2)CC1)C1CCCO1;CC(NC(=O)c1ccoc1)C(O)NC1=CCCCCCC1;CC1=CCC(C)(NC(O)C(C)NC(=O)c2ccoc2)CC1;CC1C=CC(C)(NC(O)C(C)NC(=O)c2ccoc2)CC1;CCC1CN(C(C)=O)CCC1CC(=O)NCc1ccco1;CC(C)c1cc(C(=O)NC2CCOC23CCCCC3)no1;CCC(C(=O)NC1CCCCC1)N(C=O)Cc1ccco1;CC(NC(O)c1ccoc1)C(=O)NC1CC=CCCCC1;CC(NC(O)c1ccoc1)C(=O)NC1CCC=CCCC1;COCc1cc(CC2CC(NC(=O)C3CC3)C2(C)C)no1;CC(NC(O)c1ccoc1)C(=O)NC1=CCCCCCC1;CC1=CCC(C)(NC(=O)C(C)NC(O)c2ccoc2)CC1;CC(NC(O)c1ccoc1)C(=O)NC1C=CCCCCC1;CC1CCC2C(C1)c1c(n(C)c(=O)n(C)c1=O)OC2(C)C;CC(C)Oc1ccc(C(=O)N2CCC(CO)CC2C)nc1;CC1C=CC(C)(NC(=O)C(C)NC(O)c2ccoc2)CC1;O=C1CCC(=O)N1CCC(=O)N1CCCC1C1CCCC1;Cc1cc(=O)[nH]cc1C(=O)NCC1CCOC1C(C)(C)C;CC1(C)C(Cc2cc(CO)on2)CC1NC(=O)C1CCC1;CC(C)CC(NC(=O)NCCCc1ccccc1)C(=O)O
m_dc7be7,O=C(c1ccc(-n2cncn2)nc1)N1CC2(CCCC2)c2ccccc21;CC1=CCCN(C(=O)c2ccc(-n3cncn3)nc2)c2cc(C)ccc21;CC1=CCCN(C(=O)c2ccc(-n3cncn3)nc2)c2c(C)cccc21;CC1=CCCN(C(=O)c2ccc(-n3cncn3)nc2)c2cccc(C)c21;CC1=CCCN(C(=O)c2ccc(-n3cncn3)nc2)c2ccc(C)cc21;Cc1ccc2c(c1)N(C(=O)c1ccc(-n3cncn3)nc1)C=CCC2C;Cc1cccc2c1N(C(=O)c1ccc(-n3cncn3)nc1)C=CCC2C;Cc1ccc2c(c1)N(C(=O)c1ccc(-n3cncn3)nc1)CC=CC2C;Cc1ccc2c(c1)C(C)CC=CN2C(=O)c1ccc(-n2cncn2)nc1;Cc1ccc2c(c1)C(C)C=CCN2C(=O)c1ccc(-n2cncn2)nc1;Cc1cccc2c1N(C(=O)c1ccc(-n3cncn3)nc1)CC=CC2C;Cc1cccc2c1C(C)C=CCN2C(=O)c1ccc(-n2cncn2)nc1;OC(c1ccc(-n2cncn2)nc1)N1CC2(CC=CC2)c2ccccc21;Cc1cccc2c1C(C)CC=CN2C(=O)c1ccc(-n2cncn2)nc1;CC1=CCCN(C(=O)c2ccc(-n3cnc(C)n3)nc2)c2ccccc21;CC1=CCCN(C(=O)c2ccc(-n3ncnc3C)nc2)c2ccccc21;c1cncc(-c2nnc(C3CCN(Cc4c[nH]c5ccccc45)C3)o2)c1;OC(c1ccc(-n2cncn2)nc1)N1CC2(C=CCC2)c2ccccc21;CC1=CCCN(C(=O)c2cnc(-n3cncn3)c(C)c2)c2ccccc21;CC1=CCCN(C(=O)c2ccc(-n3cncn3)nc2C)c2ccccc21;Cc1ncn(-c2ccc(C(=O)N3CC=CC(C)c4ccccc43)cn2)n1;Cc1ncnn1-c1ccc(C(=O)N2CC=CC(C)c3ccccc32)cn1;CC1=CCCN(C(=O)c2cnc(-n3cncn3)cc2C)c2ccccc21;Cc1cc(-n2cncn2)ncc1C(=O)N1CC=CC(C)c2ccccc21;Cc1nc(-n2cncn2)ccc1C(=O)N1CC=CC(C)c2ccccc21
m_dd5487,N#CCCCOc1cccc(CNCC2CCCn3ccnc32)c1;CC1Cc2ccccc2N1C(=O)CN1CCCC1c1cnn(C)c1;CCc1nc(C)cc(N(C)Cc2ccc(C(=O)NC3CC3)cc2)n1;CN1CC(NC(=O)C2Cc3ccccc3C2)C(c2cncn2C)C1;CCCn1c(C(=O)NC(C)c2cn(C)nc2C)cc2ccccc21;O=C(CCN1CCCC1Cn1cccn1)N1CCc2ccccc21;Cc1cc(CC(C)NC(=O)N2Cc3ccccc3C3(CC3)C2)n[nH]1;Cn1cc(C2CCCN2CC(=O)N2CCCc3ccccc32)cn1;Cc1cnn(CC2CCCCN2C(=O)C2CC2c2cccnc2)c1;CC(C)(C)c1c[nH]c(C2COCCN2Cc2cccc(C#N)c2)n1;CN(C)Cc1ccnc(NC(=O)C2CCN(c3ccccc3)C2)c1;COc1ccc2[nH]cc(C3CCN(Cc4ccnn4C)CC3)c2c1;CN1CCN(C(=O)C2(c3ccccc3)CC2)CC1c1nccn1C;CCN1C(=O)CC(CNC(C)c2ccccn2)C1c1cccnc1;Cc1nn(C)c(C)c1C1CCCN1C(=O)C1CC1c1cccnc1;CN1CCN(C(=O)c2cccc3c2CCC3)CC1c1nccn1C;CN1CCN(C(=O)c2ccc3c(c2)CCC3)CC1c1nccn1C;CCn1cc(CCN2CC(F)CC2C(=O)N2CCOCC2)cn1;O=C(c1n[nH]c2c1CCCCC2)N1CCCCC1c1cccnc1;O=C(NCc1ccc(C2CC2)cc1)N1CCC(c2c[nH]cn2)CC1;CCCc1ccccc1C(=O)N1CCn2c(CC3CC3)nnc2C1;O=C(NCc1ccc(C2CC2)cc1)N1CCC(c2ccn[nH]2)CC1;NC(=O)c1ccc(CN2CCCC2c2nc3c([nH]2)CCCC3)cc1;Cn1cc(NC(=O)N2CCCc3ccccc3CC2)c(C2CC2)n1;CC(C)n1cc(CCC(=O)NCCc2c[nH]cn2)c2ccccc21
m_de93b1,Cc1ccc(S(C)(=O)=O)cc1S(=O)(=O)N(C)CC1(O)CCC1;Cc1ccc(S(C)(=O)=O)cc1S(=O)(=O)N(C)CC1CC(O)C1;Cc1ccc(S(C)(=O)=O)cc1S(=O)(=O)N(C)CC1CCC1O;Cc1c(O)cc(S(C)(=O)=O)cc1S(=O)(=O)N(C)CC1CCC1;Cc1ccc(S(C)(=O)=O)cc1S(=O)(=O)N(C)C(O)C1CCC1;CN(CC1CCC1)S(=O)(=O)c1cc(S(C)(=O)=O)ccc1CO;COC1(CNS(=O)(=O)c2cc(S(C)(=O)=O)ccc2C)CCC1;Cc1cc(O)c(S(C)(=O)=O)cc1S(=O)(=O)N(C)CC1CCC1;Cc1ccc(S(C)(=O)=O)c(O)c1S(=O)(=O)N(C)CC1CCC1;Cc1cc(S(C)(=O)=O)cc(S(=O)(=O)NCC2(O)CCC2)c1C;Cc1cc(C)c(S(=O)(=O)NCC2(O)CCC2)cc1S(C)(=O)=O;Cc1ccc(S(C)(=O)=O)c(C)c1S(=O)(=O)NCC1(O)CCC1;Cc1ccc(S(C)(=O)=O)cc1S(=O)(=O)N(CO)CC1CCC1;Cc1ccc(S(=O)(=O)CO)cc1S(=O)(=O)N(C)CC1CCC1;COc1cc(C)c(S(=O)(=O)NCC2(S(C)(=O)=O)CC2)cc1C;CS(=O)(=O)c1cccc(C(=O)NC(Cc2ccccc2)C(=O)O)c1;CS(=O)(=O)c1ccccc1C(=O)NCc1ccc2c(c1)OCCO2;COCC1(C(=O)OC)CCCCN1S(=O)(=O)c1cc(C)cs1;O=S(=O)(Cc1nc(C2CC2)n[nH]1)c1nccn1-c1cccc(F)c1;CCCNC(=O)CCS(=O)(=O)c1cc(C(=O)O)c(F)cc1OC;COc1cc(C)c(S(=O)(=O)NC2CCCS(=O)(=O)C2)c(C)c1;CCCNC(=O)CCS(=O)(=O)c1cc(OC)c(F)c(C(=O)O)c1;Cc1cc(C)c(S(=O)(=O)NCC[S+](C)[O-])c(C)c1CC(=O)O;CCCNC(=O)CCS(=O)(=O)c1cc(OC)c(F)cc1C(=O)O;CCCNC(=O)CCS(=O)(=O)c1ccc(F)c(OC)c1C(=O)O
m_ded5eb,CCn1nc(C(=O)N2CCC(OC)CC2)c2ccccc2c1=O;CC1COCCN(C(=O)c2ccccc2Oc2cnn(C)c2)C1;CN(C(=O)c1ccc(NCc2ccon2)cc1)C1CCOCC1;COc1ccccc1-c1cc(C(=O)N(C)CC2(CO)CC2)[nH]n1;O=C(c1cc2cccnc2[nH]1)N1CC(O)CC2(CCOCC2)C1;COC(=O)C1CCCCN1CCn1cnc2ccccc2c1=O;O=C(c1ccc2cccnn12)N1CCOC2(CCOCC2)CC1;CCn1nc(C(=O)N2CCC(O)CC2)c2ccc(C)cc2c1=O;CCn1nc(C(=O)N2CCC(O)CC2)c2cc(C)ccc2c1=O;CCn1nc(C(=O)N2CCC(O)CC2)c2c(C)cccc2c1=O;COC1CCCN(C(=O)NCc2coc(-c3ccccc3)n2)C1;CC(O)c1onc(-c2cccnc2)c1C(=O)NC1CCCCC1;COCCN1C(=O)COC2CN(Cc3cccc(C#N)c3)CC21;CCCCNC(=O)COc1ccc2nc3n(c(=O)c2c1)CCC3;COC(=O)c1ccc2c(c1)nc1n2C(CNC2CCC2)COC1;CCn1nc(C(=O)N2CCC(O)CC2)c2cccc(C)c2c1=O;CC(C)CNC(=O)COc1ccc2nc3n(c(=O)c2c1)CCC3;CC1CCN(C(=O)c2c(-c3cccnc3)noc2C(C)O)CC1;CCC(C)NC(=O)COc1ccc2nc3n(c(=O)c2c1)CCC3;CC(NCC1CCCC1)c1onc(-c2cccnc2)c1C(=O)O;O=C(COc1nnc(-c2ccccc2)o1)NC1CCCCCC1;CC(C)NCC1Cn2c(-c3ccc4c(c3)OCO4)cnc2CO1;CC(O)c1onc(-c2cccnc2)c1C(=O)N1CCCCCC1;CCn1nc(C(O)N2CC=C(OC)CC2)c2ccccc2c1=O;COc1ccc2c(c1)[nH]c1c(=O)n(CCCOC(C)C)cnc12
m_e138be,CC(O)CN1CCN(c2cccc(F)c2C#N)CC1C;COCCN1CCN(c2cccc(F)c2C#N)CC1C;CC1CN(c2cccc(F)c2C#N)CCN1CCCO;CCCN1CCN(c2cccc(F)c2C#N)CC1CO;Cc1ccc(F)c(C#N)c1N1CCN(CCO)C(C)C1;Cc1ccc(N2CCN(CCO)C(C)C2)c(C#N)c1F;Cc1cc(F)c(C#N)c(N2CCN(CCO)C(C)C2)c1;CCCN1CCN(c2cccc(F)c2C#N)CC1(C)O;CCC(O)N1CCN(c2cccc(F)c2C#N)CC1C;CC(O)CN1CCN(Cc2ccc(F)cc2C#N)CC1;CCCN1C(C)CN(c2cccc(F)c2C#N)CC1O;CCn1c(CN2CCC(O)CC2)nc2cc(F)ccc21;COCCN1CCN(Cc2ccc(F)cc2C#N)CC1;CC(O)CN1CCN(Cc2cc(C#N)ccc2F)CC1;CCn1c(CN(CCO)C2CC2)nc2cc(F)ccc21;CCCN1CC(O)N(c2cccc(F)c2C#N)CC1C;CCCN1CCN(c2cccc(F)c2C#N)C(O)C1C;CCCN1CCN(c2c(O)ccc(F)c2C#N)CC1C;CC(C)C(Nc1ncnc2ccc(F)cc12)C(C)(C)O;Cn1c(N2CCCCC(CO)C2)nc2c(F)cccc21;CCCN1CCN(c2cc(O)cc(F)c2C#N)CC1C;CCCN1CCN(c2ccc(O)c(F)c2C#N)CC1C;CCOC1CCCN(Cc2nc3c(F)cccc3[nH]2)C1;CN1CCN(C(=O)C2CCC(N)C2)c2ccc(F)cc21;CCC(CC(C)CO)Nc1ncnc2ccc(F)cc12
m_e17598,CCCNC(=O)c1cccc(CNC2CCCc3oc(C)nc32)c1;Cc1nc2c(o1)CCCC2NCc1ccc(CC(=O)N(C)C)cc1;Cc1nc2c(o1)CCCC2NCc1cc(C)c(CC(N)=O)c(C)c1;CNC(=O)Cc1ccc(CNC2CCCc3oc(C)nc32)c(C)c1;Cc1nc2c(o1)CCCC2NCc1c(C)cc(CC(N)=O)cc1C;CNC(=O)Cc1ccc(CNC2CCCc3oc(C)nc32)cc1C;Cc1nc2c(o1)CCCC2NCc1cc(C)c(CC(N)=O)cc1C;Cc1nc2c(o1)CCCC2NCc1ccc(CC(N)=O)c(C)c1C;CNC(=O)Cc1ccc(CN(C)C2CCCc3oc(C)nc32)cc1;CC=CNC(O)c1cccc(CNC2CCCc3oc(C)nc32)c1;Cc1nc2c(o1)CCCC2N(C)Cc1ccc(CC(N)=O)c(C)c1;Cc1nc2c(o1)CCCC2N(C)Cc1ccc(CC(N)=O)cc1C;C=CC1CN2CCC1CC2CNC(=O)Nc1ccc(C(C)=O)cc1;CCOc1ccccc1CN(C)C(=O)c1cn(C)nc1C1CCC1;CC(=O)Nc1cccc(CNC(=O)c2cc(C)n(C(C)C)c2C)c1;CCCNC(O)c1cccc(CNC2C=CCc3oc(C)nc32)c1;CCCNC(O)c1cccc(CNC2CC=Cc3oc(C)nc32)c1;Cc1cccc(C)c1C(=O)NC1CCc2c(nc(C)n2CCO)C1;Cc1ccc2c(n1)N(C)C(CO)CCN(Cc1ccccc1O)C2;Cc1ccc(CC(=O)N2CCC3C(CCC(=O)N3C3CC3)C2)cn1;CC(C)c1ccccc1NC(=O)CN1CCC(c2ncco2)CC1;CCOc1ccccc1CNC(=O)N(C)C(CC)c1ccncc1;CCN(C(=O)NCc1ccc(C)cc1OC)C(C)c1cccnc1;CCCNC(O)c1cccc(CNC2=CCCc3oc(C)nc32)c1;COc1ccccc1C(C)NC(=O)N(Cc1cccnc1)C(C)C
m_e1bfd4,CC(C1Cc2ccccc2O1)N(C)C(=O)c1c[nH]nn1;COc1ccccc1C1CCN(C(=O)c2c[nH]nn2)C1;Cc1cccc2c1OC(C(C)NC(=O)c1c[nH]nn1)C2;Cc1ccc2c(c1)CC(C(C)NC(=O)c1c[nH]nn1)O2;O=C(NCc1ccccc1OCC1CC1)c1c[nH]nn1;Cc1ccc2c(c1)OC(C(C)NC(=O)c1c[nH]nn1)C2;COc1ccc(C2CCN(C(=O)c3c[nH]nn3)C2)cc1;Cc1[nH]nnc1C(=O)NC(C)C1Cc2ccccc2O1;Cc1cccc2c1CC(C(C)NC(=O)c1c[nH]nn1)O2;CCn1nncc1C(=O)NCC1Cc2ccccc2O1;CCOc1ccccc1C(=O)N1CC(n2ccnn2)C1;COc1cccc2c1CCN(C(=O)c1cnnn1C)C2;CN(CC(=O)NCc1cccc(O)c1)c1cnccn1;Cc1cc(NC(=O)C2CCCO2)n(-c2ccccn2)n1;CCn1nncc1C(=O)N1CCc2ccc(O)cc2C1;COC(=O)C1CCc2nnc(-c3ncccc3C)n2C1;CNC(=O)c1ccc(N(C)Cc2ccc(O)cc2)nn1;COC1CCN(C(=O)c2cccc(-n3ccnn3)c2)C1;CC(=C1Cc2ccccc2O1)N(C)C(O)c1c[nH]nn1;CC(c1cc2ccccc2o1)N(C)C(O)c1c[nH]nn1;COC(C)(C)c1nc(Cn2cnc3ccccc32)no1;O=C(CCn1ccnn1)N1CCc2ccc(O)cc2C1;COc1ccccc1CCNC(=O)c1nccnc1N;O=C(NCCc1n[nH]c(=O)[nH]1)C1CC1c1ccccc1;CC1CCN(C(=O)c2ncn(C)n2)c2c(O)cccc21
m_e1d7ad,Cc1cc(N2CCOC(CCF)C2)nc(C2CCC2)n1;Cc1ccc2[nH]c(C)c(CCNCc3ccccn3)c2c1;CCc1ncnc(N2CCC(C3CCCO3)CC2)c1F;Cc1cc(F)ccc1N1CCCC(NC(=O)C(C)N)C1;C#CC1CN2CCC1CC2CNCc1cccc(C#N)c1;Cc1nc2c(c3c1[nH]c1ccccc13)C(N)CC(C)(C)C2;CC(C)CC(N(C)C)C1(c2ccc(Cl)cc2)CCC1;Cc1ccc2[nH]c(CN(C)Cc3cccnc3)cc2c1C;CC1CC2=C(CC1C=NNC(N)=S)C(C)(C)CCC2;CNC(=O)CN1CCC(NCc2ccccc2F)CC1;CN1CCC(N(C)C(=O)NCc2ccccc2F)CC1;Cc1ncc(C2CCCCN2C)c2c1[nH]c1ccccc12;CC(CN1CCCN(C(N)=O)CC1)c1ccc(F)cc1;CC(C)(C)C1CCN(C(=O)Nc2ccncc2F)CC1;Cc1ccc2c(c1)c1c3n2CCN(CCC#N)C3CCC1;CCCN1CC(CSC)CC2Cc3[nH]ncc3CC21;CN1CCN(CCCNC(=O)c2cccc(F)c2)CC1;CC(CNC(=O)c1cccc(F)c1)N1CCN(C)CC1;CC(C)N(C)CC(=O)Nc1c(F)cccc1NC1CC1
m_e1f9f4,CN1CCC(NC(=O)c2cc(F)cc(Cl)c2O)C1=O;CN1CCC(NC(=O)c2cc(F)c(O)c(Cl)c2)C1=O;CN1CCC(NC(=O)c2cc(Cl)cc(F)c2O)C1=O;CN1C=CC(NC(=O)c2cc(F)cc(Cl)c2O)C1O;CN1CC=C(NC(=O)c2cc(F)cc(Cl)c2O)C1O;CN(C(=O)c1cc(F)cc(Cl)c1O)C1CCNC1=O;CN1C(=O)C(NC(=O)c2cc(F)cc(Cl)c2)CC1O;O=C(NC1CCN(CO)C1=O)c1cc(F)cc(Cl)c1;CN1CC(O)C(NC(=O)c2cc(F)cc(Cl)c2)C1=O;Cc1c(F)cc(C(=O)NC2CCNC2=O)c(O)c1Cl;Cc1c(F)cc(Cl)c(O)c1C(=O)NC1CCNC1=O;COc1c(Cl)cc(F)cc1C(=O)NC1CCNC1=O;CN1CCC(O)(NC(=O)c2cc(F)cc(Cl)c2)C1=O;CN1CC=C(NC(O)c2cc(F)cc(Cl)c2O)C1=O;O=C(O)CSc1ccc2nnc(-c3ccccc3)n2n1;Oc1cc(O)nc(Nc2nc(-c3ccccc3)cs2)n1;O=C1CN(C(=O)COc2ccc(F)cc2Cl)CCN1;CN1C=CC(NC(O)c2cc(F)cc(Cl)c2O)C1=O;Oc1ccc(-c2nnc3n2NC(c2ccco2)S3)cc1;O=C(O)c1ccc(CSc2ncnc3[nH]cnc23)cc1;Cn1nncc1C=Cc1nc2ccc(C(=O)O)cc2s1;NC(=O)Nc1ccc(-c2noc(-c3ccsc3)n2)cc1;O=C1Nc2ccc(Cl)cc2C(c2ccccc2)=NC1O;O=C(O)CCS(=O)(=O)c1ccc2c(c1)OCCCO2;O=C1CCC(C(=O)NCCc2ccc(Cl)s2)CN1
m_e2993b,CCC(CC)(CNC(=O)c1sccc1C)C(=O)O;Cc1ccsc1C(=O)NC(C)(C)C(C)(C)C(=O)O;CCOC1CC(O)(CNC(=O)c2ccc(C)s2)C1;CCC(CC)CNC(=O)c1scc(C(=O)O)c1C;CCC(CC)CNC(=O)c1sc(C(=O)O)cc1C;CCC(C)(CC(=O)O)NC(=O)CCc1ccsc1;CCC(C)C(NC(=O)Cc1ccc(C)s1)C(=O)O;COCC1CCCN1Cc1ccc(C(=O)OC)s1;Cc1n[nH]c(C)c1CNC(=O)c1cc(C(F)F)[nH]n1;CC(C)(C)CC(=O)NC(CC(=O)O)c1cccs1;COC(=O)c1ccc(CNC2CCCCC2O)s1;O=C(O)c1sccc1CN1CCCCCC1CO;CC(F)(F)C(C)(C)NC(=O)c1nc2ncccn2n1;CC1CN(CCCC(=O)O)CC(c2ccsc2)O1;O=S(=O)(Cc1ccccc1)NCCC1CCCO1;Cc1occc1[S+]([O-])CC(=O)N1CCC(C)CC1;COc1ccc(C2CCN(S(C)(=O)=O)CC2)cc1;Cc1cc(CCCC(=O)NCCC(=O)O)c(C)s1;COCCS(=O)(=O)NC(c1ccccc1)C1CC1;CSC1C(O)C(O)C(O)C1NCc1ccccc1;CN(C)C(=O)[S+]([O-])CCCCOc1ccccc1;COc1ccccc1S(=O)(=O)NC1CCCCC1;O=S(=O)(CCc1ccccc1)NC1CCCC1O;CCC(C)NC(=O)c1ccccc1S(=O)(=O)CC;COCCS(=O)(=O)NC1(c2ccccc2)CCC1
m_e3b936,O=C(c1ccc2[nH]c(=O)[nH]c2c1)N1CCNC(c2ccccc2Cl)C1;O=c1[nH]c2ccc(C(O)N3C=C(c4ccccc4Cl)NCC3)cc2[nH]1;OC1CC(c2nc(-c3ccncc3)no2)N(Cc2ccc(Cl)cc2)C1;O=c1[nH]c2ccc(C(O)N3C=CNC(c4ccccc4Cl)C3)cc2[nH]1;OC1CC(c2nc(-c3cccnc3)no2)N(Cc2ccc(Cl)cc2)C1;COC(=O)C1CN(C(=O)c2ccc(OC)cc2)CCN1S(C)(=O)=O;COc1cnccc1-c1noc(C2CCN(c3ccccc3Cl)C2)n1;COC(=O)C1CN(S(C)(=O)=O)CCN1C(=O)c1ccc(OC)cc1;Cc1ccc(C(=O)Oc2ccc3c(-c4ccccc4)cc(=O)oc3c2)cc1;COC1COC2C(NS(=O)(=O)c3ccc(NC(C)=O)cc3)COC12;COc1c2c(c(S(=O)(=O)NC(C)C)c3c1C(=O)N(C)CC3)OCO2;Cn1ncc2c(O)c(C(=O)N3CCCC3c3ccc(Cl)cc3)cnc21;Cc1cc(Cl)cc2c1CN(C(=O)c1cc(-c3cnn(C)c3)no1)CC2;Cc1ccc(S(=O)(=O)NC2COC3C(OCC(N)=O)COC23)cc1;NC(=O)COC1COC2C(NS(=O)(=O)Cc3ccccc3)COC12;NC(CCC(=O)NC(C[S+]([O-])Cc1ccccc1)C(=O)O)C(=O)O;O=C(COc1ccc2ccc(=O)oc2c1)c1ccc(-c2ccccc2)cc1;Cc1oc2cc(OC(=O)c3ccccc3)ccc2c(=O)c1-c1ccccc1;c1ccc2c(c1)nc1c3nc4ccccc4c4ccnc(c5nccc2c51)c43;O=C(COc1ccc2c(=O)c(-c3ccccc3)coc2c1)c1ccccc1;COc1ccc2c(c1)c(=O)oc1cc3occ(-c4ccc(C)cc4)c3cc12;O=C(COc1ccc2c(-c3ccccc3)cc(=O)oc2c1)c1ccccc1;O=C(Cn1nc2ccccn2c1=O)N1CCCC1c1ccccc1Cl;CC1(C)OC2OC(C(=O)Nc3nccs3)C3OC(C)(C)OC3C2O1;COc1ccc(-c2coc3c(C)c4oc(=O)c5ccccc5c4cc23)cc1
m_e44302,O=C(c1cccc(Cl)c1)N1CC(S(=O)(=O)NCc2cccnc2)C1;O=C(c1ccc(Cl)cc1)N1CC(S(=O)(=O)NCc2cccnc2)C1;O=C(c1ccccc1Cl)N1CC(S(=O)(=O)NCc2cccnc2)C1;O=C(c1ccc(Cl)cc1)N1CC(S(=O)(=O)NCc2ccccn2)C1;O=C(c1cccc(Cl)c1)N1CC(S(=O)(=O)NCc2ccccn2)C1;O=C(c1ccncc1)N1CCN(S(=O)(=O)c2cccc(Cl)c2)CC1;O=C(c1ccccc1Cl)N1CC(S(=O)(=O)NCc2ccccn2)C1;O=S(=O)(NCc1cccnc1)C1=CN(C(O)c2cccc(Cl)c2)C1;O=C(c1ccccc1)N1CC(S(=O)(=O)NCc2ccc(Cl)nc2)C1;O=C(c1ccccc1)N1CC(S(=O)(=O)NCc2cncc(Cl)c2)C1;O=C(c1ccccc1)N1CC(S(=O)(=O)NCc2cnccc2Cl)C1;O=C(c1ccccc1)N1CC(S(=O)(=O)NCc2ccc(Cl)cn2)C1;O=C(c1ccccc1)N1CC(S(=O)(=O)NCc2cccnc2Cl)C1;O=C(c1ccccc1)N1CC(S(=O)(=O)NCc2cc(Cl)ccn2)C1;O=C(c1ccccc1)N1CC(S(=O)(=O)NCc2cccc(Cl)n2)C1;O=S1(=O)NC2CN(Cc3ccccc3Cl)CC2Oc2ncccc21;O=C(c1ccccc1)N1CC(S(=O)(=O)NCc2ncccc2Cl)C1;CC1Cc2ccccc2N1NC(=O)c1ccc(Cl)c(S(N)(=O)=O)c1;Cc1ccccc1N1C(=O)c2cc(S(N)(=O)=O)c(Cl)cc2NC1C;O=C(NC1CCCNC1=O)c1csc(COc2ccc(Cl)cc2)n1;O=C(Nc1ccccc1OCC1CCCO1)c1cc(Cl)cc(Cl)c1;O=C1NC(=O)N(c2ccc(Cl)cc2)C(=O)C1=Cc1c[nH]c2ccccc12;CC(=NN=C1C(=O)Nc2cc(Cl)ccc21)c1cc2ccccc2oc1=O;O=C(NCCC1=CCCCC1)c1cc2cc(Cl)cc(Cl)c2oc1=O;CCOC(=O)C(C)N(C(=O)c1ccccc1)c1ccc(Cl)c(Cl)c1
m_e4865d,O=C(NCC1CCCCCC1)NC1COCC1O;O=C(NCC1CCCCCC1)NC1CCOC1O;COC(=O)CCCNC(=O)N(C)C1CCCCC1;O=C(NCC1CCCCCC1)NC1(O)CCOC1;COC(=O)C(C)NC(=O)NC1CCCCCCC1;O=C(NCC1CCCCCC1)NC1COC(O)C1;COC1(C)CC(NC(=O)C2CNCCO2)C1(C)C;CC1(C)CCC(NC(=O)C(N)CCC(=O)O)CC1;CC(N(C)C(=O)NCC1COCCO1)C1(C)CC1;CCN(CC)CC1OCC(NC(=O)C2CC2)C1O;OC(NCC1CC=CCCC1)NC1COCC1O;CCN1CCOCC1C(=O)NCC1(CCO)CC1;OC(NCC1CCC=CCC1)NC1COCC1O;O=C(NCC1CCCCCC1O)NC1CCOC1;O=C(NC1CCOC1)NC(O)C1CCCCCC1;CC1(C)CCCCC1CC(=O)NCCOC(N)=O;O=C(NCC1CCCCC(O)C1)NC1CCOC1;O=C(NCC1(O)CCCCCC1)NC1CCOC1;CC1(C)CCC(CC(=O)NCCOC(N)=O)CC1;CCOCC1CCCN(C(=O)C2CNCCO2)C1;OC(NCC1C=CCCCC1)NC1COCC1O;O=C(NCC1CCCC(O)CC1)NC1CCOC1;CC(=O)NCC1OCC(NC2CCCCC2)C1O;OC(NCC1=CCCCCC1)NC1COCC1O;OC(NC=C1CCCCCC1)NC1COCC1O
m_e5050e,O=C(Cc1ccc2c(c1)OCCO2)N1CCC(CN2CCOC2=O)C1;CCOc1ccccc1C(=O)N1CCN(C(=O)C2(C(=O)O)CC2)CC1;O=C(CN1CCCCC(O)C1=O)NC1(c2ccc3c(c2)OCO3)CC1;CCOC(=O)N1CCN(Cc2cc(=O)oc3cc(C)c(O)cc23)CC1;CCOC(=O)N1CCN(Cc2cc(=O)oc3c(C)c(O)ccc23)CC1;COc1ccc(CCNC(=O)Cn2c(C)cc(O)cc2=O)cc1OC;Cc1cc(=O)oc2cc(OCC(=O)NCCN3CCOCC3)ccc12;CCOC(=O)N1CCN(Cc2cc(=O)oc3cc(OC)ccc23)CC1;COc1ccc(CCNC(=O)Cn2cc(OC)c(=O)cc2CO)cc1;CCOc1ccccc1C(=O)N1CCN(CC(O)C(F)(F)F)CC1;CCC(O)C=CC=C(C)C=CC(=O)NC1=CC=C2C(O)CN2C(=O)O1;CC(O)C1CCN(C(=O)NCc2ccc(OCC(F)(F)F)cc2)C1;COc1ccccc1CCNC(=O)Cn1cc(OC)c(=O)cc1CO;COc1ccc(CCNC(=O)c2cc(=O)c(OC)cn2C)cc1OC;CC(C)NC(=O)N(C(=O)COc1ccc2ccc(=O)oc2c1)C(C)C;COc1ccc(C2CC(O)C(O)C2NC(=O)c2c(C)noc2C)cc1;COc1ccc(CNC(=O)Nc2ccc(OC)cc2OC)c(OC)c1;Cc1c(CC(=O)N2CCN(CCO)CC2)c(=O)oc2cc(O)ccc12;COCCC1(C(=O)NC2CCc3cc(C(=O)O)ccc3NC2=O)CC1;Cc1nnnn1-c1ccc(C(=O)NCCc2c[nH]c3ccccc23)cc1;CC(C)(O)c1cc(CC2(NCc3ccc4c(c3)OCO4)COC2)no1;O=C(COc1ccc2ccc(=O)oc2c1)NCCCN1CCOCC1;CCOC(=O)CC1C(=O)NCCN1C(=O)C=Cc1ccc(OC)cc1;CCCCCOC(=O)C1=C(C)NC(=O)NC1c1ccc2c(c1)OCO2;CC(Oc1ccc2ccc(=O)oc2c1)C(=O)NCCN1CCOCC1
m_e58af8,COc1ccc(F)cc1CNC(=O)N1CCCC(C(F)(F)F)C1;COc1cc(F)cc(CNC(=O)N2CCCC(C(F)(F)F)C2)c1;COc1ccc(CNC(=O)N2CCCC(C(F)(F)F)C2)cc1F;COc1c(F)cccc1CNC(=O)N1CCCC(C(F)(F)F)C1;Cc1cc(O)c(CNC(=O)N2CCCC(C(F)(F)F)C2)cc1F;Cc1c(F)ccc(O)c1CNC(=O)N1CCCC(C(F)(F)F)C1;Cc1cc(F)cc(CNC(=O)N2CCCC(C(F)(F)F)C2)c1O;COc1ccc(F)cc1CNC(O)N1C=C(C(F)(F)F)CCC1;COc1ccc(F)cc1CNC(O)N1CCC=C(C(F)(F)F)C1;COc1ccc(F)cc1CNC(O)N1CC=CC(C(F)(F)F)C1;COc1ccc(F)cc1CNC(O)N1C=CCC(C(F)(F)F)C1;CN(Cc1cc(F)ccc1O)C(=O)N1CCCC(C(F)(F)F)C1;O=C(NCC(F)(F)F)N(Cc1cccc(F)c1)CC1CCCO1;CC(NC(=O)N1CCC(O)(C(F)F)CC1)c1ccc(F)cc1F;COc1cc(C2Nc3cccc4cccc(c34)N2)ccc1OC(C)=O;Cc1c(F)cc(C(=O)NCC(F)(F)F)cc1NC(=O)C(C)(C)C;CC(C(=O)NCC(F)(F)F)N1CCOC(c2cccc(F)c2)C1;O=C(NCCc1ccccc1)c1c(O)n2c3c(cccc3c1=O)CC2;CC(=O)N1CCC(Nc2cc(F)ccc2OCC(F)(F)F)CC1;O=C1CC23C=CCN4CC=C5c6cc7c(cc6N1C5(CC2)C43)OCO7;COc1ccc(C=CC(=O)Nc2cccc3ncccc23)cc1OC;COc1ccc(C=C2CCn3c2nc2ccccc2c3=O)cc1OC;COc1ccc(C=C2CCn3c2nc(=O)c2ccccc23)c(OC)c1;CCn1cc(C2CC(=O)N(c3ccc(O)cc3)C2=O)c2ccccc21;O=C(Cc1cccc(OC(F)F)c1)N1CCN(CC(F)F)CC1
m_e5b5fa,CC1(C)Cc2[nH]ncc2CN(CCOCC(F)F)C1;O=C(NCCC1CCCC1(F)F)N1CC2CC1CN2;N#Cc1cc(F)ccc1N1CCC(N2CCCC2)CC1
m_e6b2c8,Fc1ccc(CN2CCCN(Cc3nnnn3C3CC3)CC2)cc1;CC(c1nnnn1C1CC1)N1CCN(Cc2cccc(F)c2)CC1;CCCCc1cc(=O)oc2c(CN3CCN(C)CC3)c(O)ccc12;COc1ccc(CCc2nc(C)cc(CN(C)C)c2O)cc1OC;CCOc1ccc(C2N3CC4(C)CN2CC(C)(C3)C4=O)cc1OC;CC(C)c1ccc2oc(=O)cc(CN3CCN(CCO)CC3)c2c1;COc1ccc2c(c1)CC(C(=O)N1CCC(N3CCCC3)C1)CO2;CCC12CN3CC(C)(CN(C1)C3c1ccc(OC)c(OC)c1)C2=O;CCCCC12CN3CC(C)(CN(C1)C3c1ccc(O)cc1O)C2=O;CC(C)(c1ccccc1)c1ccc(O)c(C(C)(C)c2ccccc2)c1;COc1ccc(CN2CCOCC2c2nc(C(C)(C)C)co2)cc1;CC1(C)C(Cc2cc(CCO)on2)CC1NCc1ccccc1O;O=C(CNC(=O)c1ccccc1)OCC1CCCN2CCCCC12;CCC1CN2CCC1CC2COC(=O)Nc1ccc(C(C)=O)cc1;COc1ccc(C2C3CCCCC3(O)CCN2CC#N)c(OC)c1;CC(C)(C)C(=O)N1CCC2(CC1)CC(=O)N(Cc1ccccc1)O2;Cc1ccc(O)c(NC(=O)C2CCCCC2C(=O)N2CCCC2)c1;CCCC12CN3CC(C)(CN(C1)C3c1cccc(OC)c1O)C2=O;CCC12CN3CC(CC)(CN(C1)C3c1cccc(OC)c1O)C2=O;CCCC(CC(C)=O)C(=O)N1CC2CC(C1)c1cccc(=O)n1C2;CC(NC1CC(C)(C)CC1C)C(=O)NCC1CCS(=O)(=O)C1;C#CC1(O)CCC(c2ccccc2)(c2ccccc2)CC12CCCC2;COc1cccc(C2N3CC4(C)CN2CC(C(C)C)(C3)C4=O)c1O;CCC12CCC3(O)Nc4ccccc4C3(O)CCN(CC3OC31)C2;COc1cc(C2N3CC4(C)CN2CC(C(C)C)(C3)C4=O)ccc1O
m_e6bed4,Cc1cccc(C)c1CC(=O)N1CCCC(O)(C(N)=O)C1;CC(C)(C(=O)N1CCN(CC(=O)O)CC1)c1ccccc1;O=C(CN1CCCC1C(=O)O)NCCCc1ccccc1;O=C(O)CN1CCN(C(=O)CCCc2ccccc2)CC1;CC(=O)NC(Cc1ccccc1)C(=O)N1CCCC1CO;COc1cccc(C2(NC(=O)CN3CCOCC3)CC2)c1;Cc1cccc2c1OCCC2NC(=O)N1CCCC1CO;Cc1ccc(C(C)(C)C(=O)N2CCOC(C(N)=O)C2)cc1;NC(=O)CC1CN(Cc2cccc3c2CCOC3)CCO1;O=C(NCC1OCC(NCc2ccccc2)C1O)C1CC1;CC1CN(Cc2cccc3c2CCOC3)CC(C(N)=O)O1;CC(O)C(C)C1NC(=O)C(Cc2ccccc2)N(C)C1=O;COC1CC(C(N)=O)N(CCc2ccc3c(c2)CCO3)C1;COCCN1C(=O)COC2CN(Cc3ccccc3)CC21;CC(C)CC(NC(=O)C1Cc2ccccc2CN1)C(=O)O;CCC(C)C(NC(=O)N1CCc2ccccc2C1)C(=O)O;COCc1cccc(CC(=O)N2CC(C)C(C(N)=O)C2)c1;CCC(C)C(NC(=O)C1Cc2ccccc2CN1)C(=O)O;Cn1cc(CNC2CC(CO)C(O)C2O)c2ccccc21;COC(=O)C(NC(=O)N1CCc2ccccc2C1)C(C)C;O=C(Cc1cccc2c1CCNC2)N1CCOC(CO)C1;O=C(NCC1CCCO1)NCC1Cc2ccccc2CO1;CNC(=O)C1CN(Cc2cccc3c2CCOC3)CCO1;CNC(=O)C(CC(C)C)NC(=O)c1ccc2c(c1)COC2;COc1ccccc1C=CCN1CCOC(C)C1C(N)=O
m_e73d71,CCCNC(=O)C1CCCN(c2cc(C#N)c3ccccc3n2)C1;CC(C)(C)NC(=O)C1CCN(c2cc(C#N)c3ccccc3n2)C1;CCCNC(=O)C1CCCN(c2ccc(SC(C)C)nn2)C1;CCCNC(O)C1=CN(c2cc(C#N)c3ccccc3n2)CCC1;CCCNC(O)C1=CCCN(c2cc(C#N)c3ccccc3n2)C1;CC=CNC(O)C1CCCN(c2cc(C#N)c3ccccc3n2)C1;O=C(NC1CC1)C1CCCN(c2ccnc(-c3ccccc3)n2)C1;CCCNC(O)C1C=CCN(c2cc(C#N)c3ccccc3n2)C1;N#Cc1ccc2[nH]c(C3CCN(C(=O)C4CCCCC4)C3)nc2c1;CCCNC(O)C1CC=CN(c2cc(C#N)c3ccccc3n2)C1;Cc1cccc(-c2nn3c(N4CCOCC4)cc(C)nc3c2C)c1;O=C(N1CCC(c2nc(-c3ccccc3)n[nH]2)CC1)C12CC(C1)C2;N#Cc1c(CN2CCC(C(=O)NC3CC3)CC2)cn2ccccc12;Cc1nc2c(-c3ccccc3)cnn2c(NCC2CCCO2)c1C;CN(C)CCCNC(=O)c1cccc2c(N)c3ccccc3nc12;Cc1nn(-c2ccccc2)c(CN2CCC3CCC(O)C32)c1C#N;Cc1c(-c2cccc(NC(=O)CC(C)(C)C)c2)nc2ncccn12;O=C(CC1CC2CCC(C1)N2)Nc1cnc(-c2ccccc2)nc1;N#Cc1ccnc(NCc2ccccc2CN2CCC(O)CC2)c1;CCN(C)Cc1cccc(CNc2nc3ccccc3c(=O)[nH]2)c1;CCC(C)NC(=O)CN1CCN(C(=O)c2ccncc2F)CC1;CN1c2cccnc2CN(Cc2ccc(C#N)cc2)CCC1CO;c1ccc2c(Cc3nnc(C4CCN(C5CCC5)C4)o3)c[nH]c2c1;c1ccc2c(Cc3nnc(C4CCN(CC5CC5)C4)o3)c[nH]c2c1;CN1c2cccnc2CN(Cc2cccc(C#N)c2)CCC1CO
m_e77f56,OC1CCC(NCc2c[nH]nc2-c2ccc(C(F)(F)F)cc2)C1;OC1CCCC1NCc1c[nH]nc1-c1ccc(C(F)(F)F)cc1;OC1(NCc2c[nH]nc2-c2ccc(C(F)(F)F)cc2)CCCC1;CC(C)(C)NC(=O)CNc1cc(C(F)(F)F)nc2ccccc12;FC(F)(F)c1ccn(-c2ccc(CNC3CCOCC3)cc2)n1;OCCN1CCN(c2ccnc3cc(C(F)(F)F)ccc23)CC1;OC(NC1CCCC1)c1c[nH]nc1-c1ccc(C(F)(F)F)cc1;Oc1[nH]nc(-c2ccc(C(F)(F)F)cc2)c1CNC1CCCC1;Oc1cc(-c2n[nH]cc2CNC2CCCC2)ccc1C(F)(F)F;Oc1cc(C(F)(F)F)ccc1-c1n[nH]cc1CNC1CCCC1;CCNC(=O)C1CCCN(c2ccc(C#N)cc2C(F)(F)F)C1;CCNC(=O)C1CCCN(c2ccc(C(F)(F)F)c(C#N)c2)C1;CCC(Cc1ccccc1C(F)(F)F)NC(=O)Cc1ncc[nH]1;Cn1ccc(CN2CC(O)CC2c2ccc(C(F)(F)F)cc2)n1;O=C(Nc1cccc(C(=O)N2CCCOCC2)c1)c1cccnc1;CC(C)CCn1c(=O)[nH]c(=O)c2ccc(-c3ccccc3O)nc21;COc1ccc(-c2noc(C(N)Cc3ccccc3)n2)cc1OC;COCCn1ccc2ccc(C(=O)Nc3ccc(OC)nc3)cc21;Cc1nc(-c2ccccc2)ncc1C(=O)N1CCCCC1C(=O)O;COc1cccc(C=NNC(=O)C(=O)NCCc2ccccc2)c1;CC(=O)C1=C(O)C(=O)N(CCCn2ccnc2)C1c1ccccc1;COc1ccc(C(=O)NCCc2nc3ccccc3[nH]2)cc1OC;Cc1ccn(CC(=O)N2Cc3ccccc3CC2C(N)=O)c(=O)c1;Cc1[nH]ccc(=O)c1OCC(=O)NCCc1c[nH]c2ccccc12;CC1CN(CC(=O)Nc2ccccc2C(N)=O)c2ccccc2O1
m_e7af25,Cn1cnc(S(=O)(=O)N2CCN(C(=O)C3CC3)CC2(C)C)c1;Cn1cnc(S(=O)(=O)N2CCN(C(O)C3C=C3)CC2(C)C)c1;Cn1cnc(S(=O)(=O)N2CCN(C(O)C3=CC3)CC2(C)C)c1;C=CCNC(=O)C1(NS(=O)(=O)c2cnn(C)c2)CCCCC1;O=C(CS(=O)(=O)C1CCCC1)N1CCCC(n2cncn2)C1;CS(=O)(=O)N1CCCC1C(=O)N1CCCC1Cn1cccn1;CN1C(=O)CCC(CNS(=O)(=O)C2CC2)C1c1nccn1C;Cn1ccnc1C1C(CNS(C)(=O)=O)CCC(=O)N1C1CC1;Cn1cnc(S(=O)(=O)N2C=CN(C(O)C3CC3)CC2(C)C)c1;Cn1c(NC(=O)c2ccccc2)c(-c2ccccc2)c2ccccc21;Cc1cccc(-n2c(-c3ccccc3C)nc3ccccc3c2=O)c1;O=C(Cc1c[nH]c2ccccc12)Nc1ccc(-c2ccccc2)cc1;CC(C(=O)N1CCCCCC1)S(=O)(=O)c1n[nH]c(C2CC2)n1;Cc1cccc(-n2c(-c3ccccc3)nc3ccccc3c2=O)c1C;CC(=O)Cn1nc(-c2ccccc2)c2cccc-2c1-c1ccccc1;CC(c1ccccn1)N(C)C(=O)C1CCN(S(N)(=O)=O)CC1;CS(=O)(=O)NCC1CCCCN1C(=O)c1n[nH]c2c1CCC2;CCOP(=O)(OCC)N1CC2CC(C1)c1cccc(=O)n1C2;Cc1cc(C)n(C2CN(CC(=O)NC3CCS(=O)(=O)C3)C2)n1;Cn1ncc(C(=O)NCCC2=CCCCCC2)c1S(N)(=O)=O;CCC(=O)n1nc(-c2ccccc2)c2cccc-2c1-c1ccccc1;Cn1ncc(C(=O)NC2CC2C2CCCCC2)c1S(N)(=O)=O;O=C(c1ccc2ccccc2c1)N1CCc2[nH]c3ccccc3c2C1;CS(=O)(=O)NCC1CCN(C(=O)c2n[nH]c3c2CCC3)CC1;CN1C(=O)CCC(CNS(=O)(=O)C2CC2)C1c1cnn(C)c1
m_e80818,Cn1cc(C2OCCCC2NC(=O)Nc2cccnc2)cn1;Cc1cnc(C(=O)NC2CCCOC2c2cnn(C)c2)cn1;Cc1ncncc1C(=O)NCC1CCCOC1c1cn[nH]c1;Cc1nc(C2CCCCCN2C(=O)Nc2cccnc2)no1;Cc1nnccc1C(=O)NCC1(c2cnn(C)c2)CCCO1;Cc1nnccc1C(=O)NC1CC(Cn2cccn2)CC1O;Cc1nnc(CC2CCC(NC(=O)c3ccnnc3C)C2)o1;CCn1nccc1C1OCCC1NC(=O)c1nccc(C)n1;Cc1cc(C(=O)NC2CCOC2c2ccnn2C)nc(C)n1;O=C(NCCn1ccnc1)NC1CCOC1c1cccnc1;Cc1cc(C(=O)NC2CCOC2c2cnn(C)c2)nc(C)n1;Cc1ccc(NC(=O)NC2CCOC2c2nccn2C)cn1;O=C(NCCn1cccn1)NC1CCOC1c1cccnc1;Cc1cnn(CC(=O)N2CCCC2c2noc(C3CC3)n2)c1;Cc1ncc(C(=O)NCC2CCOC2c2cn[nH]c2)c(C)n1;Cc1cc(C(=O)NC2CCOC2c2nccn2C)nc(C)n1;Cn1nc(C(=O)NC2(c3ncc[nH]3)CCOC2)cc1C1CC1;Cc1cc[nH]c1C(=O)NC1CCOCC1Nc1ccncn1;CCc1[nH]ncc1C(=O)N(C)CC(=O)Nc1cc(C)ccn1;CCc1nnc(C)cc1C(=O)NC1CCOC1c1ccn[nH]1;Cn1nccc1C1OCCC1NC(=O)c1cc(C2CC2)[nH]n1;CC1Cc2c(C(=O)N3CCn4cncc4C3)n[nH]c2C(C)O1;Cc1noc(C2CC(NC(=O)Nc3ccccc3)CN2C)n1;CNc1ccc(NC(=O)c2cn(C)nc2C2CCOC2)cn1;Cc1cnc(CNC(=O)c2n[nH]c3c2CC(C)OC3C)nc1
m_e8359d,O=C(Nc1c(-c2ccccc2)[nH]c2ccccc12)C1CC2CCC1O2;COC(C(=O)Nc1c(-c2ccccc2)[nH]c2ccccc12)=C1CCC1;COC(C(=O)Nc1c(-c2ccccc2)[nH]c2ccccc12)C1=CCC1;COC(C(=O)Nc1c(-c2ccccc2)[nH]c2ccccc12)C1C=CC1;CC1(OCC(=O)Nc2c(-c3ccccc3)[nH]c3ccccc23)C=CC1;OC(Nc1c(-c2ccccc2)[nH]c2ccccc12)C1CC2CC=C1O2;CN(C(=O)C(O)=C1CCC1)c1c(-c2ccccc2)[nH]c2ccccc12;OC(Nc1c(-c2ccccc2)[nH]c2ccccc12)C1CC2=CCC1O2;Cc1ccc2[nH]c(-c3ccccc3)c(NC(=O)C(O)=C3CCC3)c2c1;OC(Nc1c(-c2ccccc2)[nH]c2ccccc12)C1=C2CCC(C1)O2;OC(Nc1c(-c2ccccc2)[nH]c2ccccc12)C1CC2C=CC1O2;OC(Nc1c(-c2ccccc2)[nH]c2ccccc12)C1C=C2CCC1O2;OC(Nc1c(-c2ccccc2)[nH]c2ccccc12)C1=CC2CCC1O2;Cc1cccc2c(NC(=O)C(O)=C3CCC3)c(-c3ccccc3)[nH]c12;Cc1ccc2c(NC(=O)C(O)=C3CCC3)c(-c3ccccc3)[nH]c2c1;Cc1ccc(-c2[nH]c3ccccc3c2NC(=O)C(O)=C2CCC2)cc1;Cc1cccc2[nH]c(-c3ccccc3)c(NC(=O)C(O)=C3CCC3)c12;Cc1cccc2c(NC(=O)C(O)C3=CCC3)c(-c3ccccc3)[nH]c12;Cc1cccc(-c2[nH]c3ccccc3c2NC(=O)C(O)=C2CCC2)c1;CN(C(=O)C(O)C1=CCC1)c1c(-c2ccccc2)[nH]c2ccccc12;Cc1ccccc1-c1[nH]c2ccccc2c1NC(=O)C(O)=C1CCC1;Cc1ccc2c(NC(=O)C(O)C3=CCC3)c(-c3ccccc3)[nH]c2c1;Cc1ccc2[nH]c(-c3ccccc3)c(NC(=O)C(O)C3=CCC3)c2c1;Cc1ccc(-c2[nH]c3ccccc3c2NC(=O)C(O)C2=CCC2)cc1;Cc1cccc2[nH]c(-c3ccccc3)c(NC(=O)C(O)C3=CCC3)c12
m_e8d835,Cc1ccc2c(CC(=O)N3CCOCC3C(=O)O)coc2c1C;Cc1cc2occ(CC(=O)N3CCOCC3C(=O)O)c2cc1C;Cc1cc2occ(CC(=O)N3CCOC(C(=O)O)C3)c2cc1C;Cc1ccc2c(CC(=O)N3CCOC(C(=O)O)C3)coc2c1C;Cc1ccc2c(CC(=O)N3CCOCC3)c(C(=O)O)oc2c1C;Cc1cc2oc(C(=O)O)c(CC(=O)N3CCOCC3)c2cc1C;Cc1c(C(=O)O)cc2c(CC(=O)N3CCOCC3)coc2c1C;Cc1ccc2c(CC(=O)N3C=COCC3C(O)O)coc2c1C;Cc1cc(C(=O)O)c2c(CC(=O)N3CCOCC3)coc2c1C;Cc1ccc2c(CC(=O)N3CCOC=C3C(O)O)coc2c1C;Cc1cc2occ(CC(=O)N3C=COCC3C(O)O)c2cc1C;Cc1cc2occ(CC(=O)N3CCOC=C3C(O)O)c2cc1C;Cc1c(C(=O)Nc2cccc3[nH]ccc23)cnn1-c1ccccn1;Cc1ccc2c(CC(O)N3C=COCC3C(=O)O)coc2c1C;Cc1cc2occ(CC(=O)N3CCOCC3)c2c(C(=O)O)c1C;COC(=O)CNC(=O)COc1ccc2oc3c(c2c1)CCCC3;COc1ccc2c(CC(=O)N3CCCCC3C(=O)O)coc2c1;Cc1cc2occ(CC(O)N3C=COCC3C(=O)O)c2cc1C;CC(=O)OC1CN(C(=O)C=Cc2ccccc2)CC1OC(C)=O;Cc1cc2c(CC(=O)N3CCOCC3)coc2c(C(=O)O)c1C;Cc1ccc2c(CC(O)N3CCOC=C3C(=O)O)coc2c1C;CC(C(=O)N1CCOC(CC(=O)O)C1)c1cc2ccccc2o1;Cc1c(C#N)cccc1NC(=O)c1cnn(-c2ccccn2)c1C;O=C(O)C1CCCN1C(=O)C1CC1c1ccc2c(c1)OCCO2;COc1c2c(cc3c1OCO3)C13CCN(C2)C1CC(O)C1OC13
m_e993ec,NCC1CN(C(=O)c2ccc3c(c2)OCCO3)CCO1;NCC1CN(C(=O)c2cccc3c2OCCO3)CCO1;COC(=O)c1ccc(C(=O)NCC(C)(C)C(N)=O)cc1;COC(=O)C1CN(C(=O)c2ccc(OC)cc2)CCN1;COC(=O)C1CNCCN1C(=O)c1ccc(OC)cc1;CC1OCCN(Cc2cccc3c2OCO3)C1C(N)=O;CN(Cc1ccc2c(c1)OCO2)C(=O)C1CC(O)CN1;CN1CCOC(C(=O)NCc2cccc3c2OCO3)C1;CN(C(=O)NCc1ccc(C(=O)O)cc1)C1CCOC1;COc1ccc(O)cc1C(=O)N1CCCNC(=O)C1C;COc1cc2c(=O)n(C(C)C)c(=O)n(C)c2cc1OC;NCC1CN(C(O)c2ccc3c(c2)OC=CO3)CCO1;CC1(NC(=O)NCc2cccc(C(=O)O)c2)CCOC1;NC(=O)Nc1cccc(C(=O)OCC2CCCCO2)c1;CCC(C)OC(=O)C1=C(C)NC(=O)NC1c1ccco1;O=C(NCCc1ccc2c(c1)OCO2)C1CC(O)CN1;CC(C)(CC(=O)O)CC(=O)Nc1ccccc1C(N)=O;NC=C1CN(C(O)c2ccc3c(c2)OCCO3)CCO1;CCCCOC(=O)C1=C(C)NC(=O)NC1c1ccco1;CC1=C(C(=O)OC(C)(C)C)C(c2ccco2)NC(=O)N1;NCC1=CN(C(O)c2ccc3c(c2)OCCO3)CCO1;COc1ccc(CCN2C(=O)CNCC2=O)cc1OC;CNC(=O)C1CCCN1C(=O)c1cc(OC)ccc1O;NCC1CN(C(O)c2ccc3c(c2)OCCO3)C=CO1;COc1ccc(O)c(C(=O)NC2CCCN(C)C2=O)c1
m_ea2f71,Cc1c(C2CNCC2c2nc(-c3ccco3)no2)cnn1C;Cc1nn(C)cc1CC(=O)Nc1cn(C)nc1-c1ccco1;Cn1cc(C2CCCN2Cc2nc(-c3ccoc3)no2)cn1;O=C(c1cc(=O)[nH]c(C2CC2)n1)N1CCCC1c1ncc[nH]1;Cc1c(C2OCCC2NC(=O)c2ccc(C#N)[nH]2)cnn1C;CCn1cc(CC(=O)Nc2cn(C)nc2-c2ccco2)cn1;Cc1c(CNC(=O)c2ccc3c(c2)[nH]c(=O)n3C)cnn1C;Cc1c(C2OCCC2NC(=O)c2cc(C#N)c[nH]2)cnn1C;Cc1c(C2OCCC2NC(=O)c2c[nH]c(C#N)c2)cnn1C;CCc1nn(C)cc1C(=O)Nc1cn(C)nc1-c1ccco1;Cc1n[nH]c(C)c1C1COCCN1C(=O)c1ccc(C#N)[nH]1;NC(=O)c1ccc(C(=O)N2CCCC(c3ncc[nH]3)C2)cn1;Cc1n[nH]c(C)c1C1COCCN1C(=O)c1c[nH]c(C#N)c1;Cn1nccc1C1OCCC1CNC(=O)c1c[nH]c(C#N)c1;CCn1ccnc1C1OCCC1NC(=O)c1c[nH]c(C#N)c1;CCn1ccnc1C1OCCC1NC(=O)c1cc(C#N)c[nH]1;Cn1nnc2c1CC(C(=O)Nc1ccc(C(N)=O)cc1)CC2;Cc1cccc(C(=O)NC2CCN(c3cnn(C)c3)C2=O)n1;CNC(=O)C1CC(=O)N(C2CN(c3cccc(C#N)n3)C2)C1;CCn1cc(C2OCCC2NC(=O)c2cc(C#N)c[nH]2)cn1;CCN(CC)CCNC(=O)c1cc(Cl)c(N)cc1OC;Cn1c(C#N)ccc1C(=O)NCC1CCOC1c1cn[nH]c1;Cn1cc(C2OCCCC2NC(=O)c2c[nH]c(C#N)c2)cn1;CCn1cc(C2OCCC2NC(=O)c2c[nH]c(C#N)c2)cn1;Cc1c(C(=O)Nc2cccc(N3CCNC3=O)c2)cnn1C
m_ea7270,N#CC1(C(=O)Nc2nc3c(s2)CC(c2ccccc2)CC3)CCC1;N#CC1(C(O)Nc2nc3c(s2)CC(c2ccccc2)C=C3)CCC1;N#CC1(C(O)Nc2nc3c(s2)C=C(c2ccccc2)CC3)CCC1;N#CC1(C(O)Nc2nc3c(s2)CC(c2ccccc2)CC3)C=CC1;Cc1cccc2sc(N(Cc3cccnc3)C(=O)C3CCC3)nc12;N#CC1(C(O)Nc2nc3c(s2)CC(c2ccccc2)=CC3)CCC1;Cc1ccc2nc(NC(=O)CN3CCc4ccccc4C3)sc2c1;Cc1ccc2nsnc2c1NC(=O)C1(c2ccccc2)CCCC1;O=C(Nc1nc(C2CCNCC2)cs1)c1cccc2ccccc12;CC(NC(=O)CCc1ccccc1)c1nc(-c2ccncc2)cs1;N#Cc1c(NC(=O)CN2CCCc3ccccc32)sc2c1CCC2;Cc1ccc(CC(=O)NC(C)c2nc(-c3ccncc3)cs2)cc1;O=C(Cc1cn2ccsc2n1)N(C1CC1)C1CCc2ccccc21;Cc1cccc(NC(=O)CSc2ncc(-c3ccccc3)[nH]2)c1C;Cc1ccc(C(=O)NC(C)c2nc(-c3cccnc3)cs2)c(C)c1;CC1Cc2ccccc2N1CC(=O)Nc1sc2c(c1C#N)CCC2;Cc1ccc(C)c(C(=O)NC(C)c2nc(-c3cccnc3)cs2)c1;Cc1ncsc1C(=O)N(CCc1ccccc1)Cc1ccncc1;Cc1cccc(CN(Cc2ccccn2)C(=O)c2scnc2C)c1;Cc1ccccc1CC(=O)NC(C)c1nc(-c2cccnc2)cs1;Cc1ccccc1N(C(=O)c1csc(-c2ccccn2)n1)C(C)C;Cc1ccccc1CN(Cc1cccnc1)C(=O)c1scnc1C;Cc1nc(C(=O)N(CCc2ccccc2)Cc2ccncc2)cs1;CCC(C(=O)N(C)c1nnc(-c2ccccc2)s1)c1ccccc1;CC1=C(C(=O)Nc2ccccc2)C(c2ccccc2)NC(=S)N1C
m_eaecd7,O=C(O)C1CCCN1C(=O)COCc1ccccc1Cl;O=C(O)CN(C(=O)COCc1ccccc1Cl)C1CC1;O=C(COCc1ccccc1Cl)NC1(C(=O)O)CCC1;O=C(O)CC1COCCN1C(=O)Cc1ccc(Cl)cc1;O=C(O)C1COCCN1C(=O)CCc1ccc(Cl)cc1;Cc1cc(Cl)ccc1OCC(=O)N1CCC(C(=O)O)C1;Cc1ccc(C(=O)N2CCC(O)(C(=O)O)CC2)cc1Cl;O=C(O)C1CN(C(=O)CCc2ccccc2Cl)CCO1;Cc1cc(C(=O)NC2(C(=O)O)CCOCC2)ccc1Cl;COC1(C(=O)O)CCN(C(=O)c2cccc(Cl)c2C)C1;COc1ccc(Cl)cc1CC(=O)N(CC(=O)O)C1CC1;COC1(C(=O)O)CCN(C(=O)c2cccc(C)c2Cl)C1;COc1ccc(Cl)cc1CC(=O)N1CCC(C(=O)O)C1;Cc1cccc(C(=O)N2CCOCC2CC(=O)O)c1Cl;COc1cccc(Cl)c1CC(=O)N1CCCC1C(=O)O;Cc1cccc(C(=O)N2CCC(O)(C(=O)O)CC2)c1Cl;Cc1c(Cl)cccc1C(=O)N1CCOC(CC(=O)O)C1;COc1ccc(Cl)cc1CC(=O)NC1(C(=O)O)CCC1;COc1ccc(CC(=O)N2CCC(C(=O)O)C2)c(Cl)c1;COc1ccc(CC(=O)N2CCCC2C(=O)O)c(Cl)c1;COc1ccc(Cl)cc1CN(C)C(=O)C1CC1C(=O)O;COc1ccc(CC(=O)NC2(C(=O)O)CCC2)c(Cl)c1;COc1ccc(CC(=O)N(CC(=O)O)C2CC2)c(Cl)c1;O=C(O)C1CCN(C(=O)CCOc2ccccc2Cl)C1;COc1ccc(CCNC(=O)C2(C(=O)O)CC2)c(Cl)c1
m_ebcb8a,NC(=O)CCCC(=O)Nc1ccc(-n2ncc3ccccc32)cc1;N#Cc1ccc(NCc2cccc(NC(=O)C3CCCO3)c2)nc1;NC(O)C=CCC(=O)Nc1ccc(-n2ncc3ccccc32)cc1;N#Cc1cccnc1NCc1cccc(NC(=O)C2CCCO2)c1;NC(O)CC=CC(=O)Nc1ccc(-n2ncc3ccccc32)cc1;N#Cc1cccnc1NCc1cccc(C(=O)N2CCOCC2)c1;Cc1cc(-c2ccccc2)nc2cc(C(=O)N3CCOCC3)nn12;COCC(=O)NCc1cn(-c2ccccc2)nc1-c1ccncc1;NC(=O)C=CCC(O)Nc1ccc(-n2ncc3ccccc32)cc1;NC(=O)CC=CC(O)Nc1ccc(-n2ncc3ccccc32)cc1;NC(=O)C(NC(=O)CCn1cnc2ccccc21)c1ccccc1;N#Cc1cc2ccccc2nc1N1CCOC(C(=O)NC2CC2)C1;O=C(Nc1cnn(-c2ccccc2)c1)NC(CO)c1ccccc1;N#Cc1cccc(C2CN(C(=O)CCc3ccncn3)CCO2)c1;N#Cc1ccc(NCc2cccc(C(=O)N3CCOCC3)c2)nc1;CC(C)C(NC(=O)c1ccccn1)c1nc(-c2ccccc2)no1;Cc1cc(C)c2ncc(C#N)c(NCCN3C(=O)CCC3=O)c2c1;CCNC(=O)c1ccc(NCc2cc(-c3ccccc3)on2)nc1;O=C(NC(CCO)c1ccccc1)c1ncn(-c2ccccc2)n1;CCCNC(=O)c1cccc(C(=O)Nc2cccc3cn[nH]c23)c1;Cn1cnc(-c2ccc(C(=O)NC(CO)c3ccccc3)cc2)n1;O=C(NC(CO)Cc1ccccc1)c1cc(-c2ccccn2)n[nH]1;CN(C(=O)Cn1ncn(C)c1=O)c1ccccc1-c1ccccc1;O=C(Nc1ccc(Cc2nnc3ccccn23)cc1)C1CCCO1;CNC(=O)Cc1noc(-c2cc(C3CC3)nc3ccc(C)cc23)n1
m_ec2936,O=C(Cn1cc(C2CC2)nn1)N1CCCN(CC2CCCCC2)CC1;OC(Cn1cc(C2CC2)nn1)N1CCCN(CC2CC=CCC2)CC1;OC(Cn1cc(C2CC2)nn1)N1CCCN(CC2C=CCCC2)CC1;OC(Cn1cc(C2CC2)nn1)N1CCCN(CC2=CCCCC2)CC1;OC(Cn1cc(C2=CC2)nn1)N1CCCN(CC2CCCCC2)CC1;Cc1c(C2CC2)nnn1CC(=O)N1CCCC(N2CCCCCC2)C1;C=CCN(C)C(=O)C1CN2CCC1CC2Cn1cc(C(C)(C)C)nn1;OC(Cn1cc(C2CC2)nn1)N1CCCN(C=C2CCCCC2)CC1;C=CCN(C)C(=O)C1CN2CCC1CC2Cn1cc(CCCC)nn1;OC(Cn1cc(C2C=C2)nn1)N1CCCN(CC2CCCCC2)CC1;OC(Cn1cc(C2CC2)nn1)N1C=CCN(CC2CCCCC2)CC1;OC(Cn1cc(C2CC2)nn1)N1C=CN(CC2CCCCC2)CCC1;CN1CCN(CC2CCN(C(=O)NCCc3cccnc3)CC2)CC1;CCN1CCCCC1CNC(=O)N1CCN(Cc2cccnc2)CC1;OC(Cn1cc(C2CC2)nn1)N1CC=CN(CC2CCCCC2)CC1;CN(C)CC1CCN(C(=O)NC2CCN(Cc3ccncc3)CC2)C1;CC(CNC(=O)N1CCN(Cc2ccccn2)CC1)CN1CCCC1;CCCN1CCC(N2CCN(c3cccc(C(=O)NC)n3)CC2)CC1;CC1NC(CCC(O)CCCCCCC(O)CC(=O)O)CCC1O;CN1CCC(NC(=O)NC2CCN(CCc3ccncc3)CC2)CC1;c1cc(NC2CCN(CC3CCCC3)CC2)nc(N2CCOCC2)n1;Cc1cnc(C)c(N2CCN(CC(=O)N3CC(C)CC(C)C3)CC2)n1;CC(C)(C)C(=O)N1CCCN(Cc2nnc(C3CC3)n2C2CC2)CC1;CC(=O)N1CCC(CN(C)Cc2cc(C)nc(N3CCCCC3)n2)C1;Cc1nn(C)c(C)c1CC(=O)Nc1cc(C(C)(C)C)nn1C(C)(C)C
m_ec5045,Cc1c(NC(=O)CCN2CCCC2=O)noc1-c1ccccc1F;Cc1c(NC(=O)C=CN2CCCC2O)noc1-c1ccccc1F;CCN(CC)CC(=O)N1N=C(c2cccs2)CC1c1ccco1;Cc1oc(-c2ccccc2F)nc1C(=O)NC1C(=O)NCCC1C;Cc1c(-c2ccccc2)[nH]c(SCCCC(=O)N(C)C)nc1=O;Cc1ccccc1-c1noc(CSCC(=O)N2CCCCC2)n1;CC(C)n1c(SCC(=O)N2CCCC2)nc2ccccc2c1=O;CC(C)CNC(=O)C1CSCN1C(=O)c1c[nH]c2ccccc12;Cc1c(NC(=O)CCN2CC=CC2O)noc1-c1ccccc1F;Cc1c(NC(O)C=CN2CCCC2=O)noc1-c1ccccc1F;Cc1c(NC(=O)CCN2C=CCC2O)noc1-c1ccccc1F;Cc1c(NC(O)CCN2C=CCC2=O)noc1-c1ccccc1F;O=C(NCCCN1CCCC1=O)c1cc(-c2cccc(F)c2)no1;Cc1c(NC(O)CCN2CC=CC2=O)noc1-c1ccccc1F;CC(=O)N1CCN(C(=O)Cc2cc(-c3ccc(F)cc3)on2)CC1;O=C1CC(=Cc2c[nH]c3ncccc23)C(=O)N1CCc1ccccc1;CCCCCC(O)C(CC=O)SCC([N+])C(=O)NCC(=O)[O-];O=C(CN1CCCCC1=O)NCCCc1nc2ccccc2s1;CN(CC1CCCOC1)C(=O)Nc1csnc1-c1ccccc1;CC(=O)N1CCOC2CCN(C(=O)c3ccc(F)c(C#N)c3)CC21;C=CC(C)(O)C(=O)N1CC(C)(c2nnc(-c3ccccc3F)o2)C1;O=C(NCCO)c1cc2c([nH]c3ccccc32)c(-c2ccccc2)n1;CNC(=O)C(CC(C)C)NC(=O)c1ccc(-c2cscn2)cc1;N#Cc1ccc(OCC(=O)N2CCN(C(=O)C3CC3)CC2)cc1F;N#Cc1cc(C(=O)NC2CCC(=O)NC2C2CCCO2)ccc1F
m_ec755b,CCN(Cc1ccoc1)C(=O)c1cc2c(c(S(N)(=O)=O)c1)CCC2;Cc1cc(C)c(S(N)(=O)=O)cc1C(=O)N(Cc1ccco1)C1CC1;CCN(Cc1ccoc1)S(=O)(=O)c1ccc2c(c1)C(C)(C)C(=O)N2;CCN(Cc1ccoc1)C(O)c1cc2c(c(S(N)(=O)=O)c1)CC=C2;CCN(Cc1ccoc1)C(O)c1cc2c(c(S(N)(=O)=O)c1)C=CC2;CC(=O)N1c2ccc(S(=O)(=O)N(C)Cc3ccoc3)cc2CC1C;Cc1cc(S(N)(=O)=O)cc(C(=O)N2CCCC2c2ccco2)c1C;Cc1ccc(C(C)NC(=O)c2ccc3c(c2)CCN3S(C)(=O)=O)o1;Cc1occc1CN(C)S(=O)(=O)c1ccc2c(c1)C(C)(C)C(=O)N2;Cc1occc1C(=O)N1CCCc2ccc(S(=O)(=O)N(C)C)cc21;Cc1ccoc1C(=O)N1CCCc2ccc(S(=O)(=O)N(C)C)cc21;CCOc1ccc(S(=O)(=O)NC2CC(=O)N(C)C2)c2ccccc12;CC(C)(C)c1ccc2c(c1)CCN2C(=O)c1coc(S(N)(=O)=O)c1;CC1Cc2ccccc2C1NC(=O)c1ccc(CNS(C)(=O)=O)o1;COc1ccccc1CC(=O)NCCc1ccc(S(N)(=O)=O)cc1;CNS(=O)(=O)c1cc(C(=O)NCC2(c3ccccc3)CC2)c(C)o1;CCS(=O)(=O)c1ccc2oc(C3CCN(C(=O)C4CC4)C3)nc2c1;COc1ccc(S(=O)(=O)NC2CCCCNC2=O)c2ccccc12;CNS(=O)(=O)c1cc(C(=O)N2CCC(c3ccccc3C)C2)co1;Cc1ccoc1C(=O)N1CCCC(NS(=O)(=O)c2ccccc2)C1;CCOc1ccccc1C(=O)NCCc1ccc(S(N)(=O)=O)cc1;COCCn1cc(NS(=O)(=O)c2ccc3c(c2)CCC3)ccc1=O;CS(=O)(=O)NCc1ccc(C(=O)NCc2ccc3c(c2)CCC3)o1;CCC1C(C(=O)O)CCN1S(=O)(=O)c1cccc2ccc(C)nc12;Cc1ccc2cccnc2c1S(=O)(=O)N1CCC(C(=O)O)C(C)C1
m_ecbfb5,CC(NC(=O)c1cccc(N2CCCS2(=O)=O)c1)c1ccc(Cl)cc1;CC(NC(O)c1cccc(N2CC=CS2(=O)=O)c1)c1ccc(Cl)cc1;CC(NC(O)c1cccc(N2C=CCS2(=O)=O)c1)c1ccc(Cl)cc1;CC(=O)N1CCCc2cc(S(=O)(=O)Nc3cc(Cl)ccc3C)ccc21;CC(=O)N1CCCc2cc(S(=O)(=O)Nc3cccc(Cl)c3C)ccc21;CC1Cc2ccccc2N1CC(=O)Nc1cc(S(C)(=O)=O)ccc1Cl;CS(=O)(=O)c1ccc(Cl)c(NC(=O)CN2CCCc3ccccc32)c1;CCN1C(=O)CCc2cc(NS(=O)(=O)Cc3cccc(Cl)c3)ccc21;CS(=O)(=O)N1CC2CC(C1)c1ccc(-c3ccc(Cl)cc3)c(=O)n1C2;Cc1sc(C(=O)O)cc1CN(C)C1CCN(c2ccccc2Cl)C1=O;CN(CC(=O)O)C1CCN(S(=O)(=O)Cc2ccc(F)c(Cl)c2)CC1;NS(=O)(=O)c1cc(N=Nc2ccc3ccccc3n2)c(O)c2ccccc12;Cc1ncc(COP(=O)(O)O)c(CNC(CCC(=O)O)C(=O)O)c1O;COc1cc(C=C(C#N)c2nnc(NC(=O)c3ccccc3)s2)ccc1O;CCN(CC(=O)O)C1CCN(S(=O)(=O)c2cccc(Cl)c2F)CC1;COc1cccc(Oc2cc([N+](=O)[O-])cc3c2C(=O)Nc2ccccc2O3)c1;Cc1ccc(C(=O)C2=NOC3C(=O)N(c4ccc(C(=O)O)cc4)C(=O)C23)cc1;CCOC(=O)c1c(NC(=O)Nc2cccc(Cl)c2)sc2c1CCCC2;CC1(C)C(=O)Nc2ccc(S(=O)(=O)N3Cc4cc(F)c(F)cc4C3)cc21;COc1ccccc1Oc1cc([N+](=O)[O-])cc2c1C(=O)Nc1ccccc1O2;O=C(c1coc(C2CCOCC2)n1)N1CCCSc2ccc(Cl)cc21;O=C(Nc1ccccc1C(=O)O)c1cccc(Oc2ccc([N+](=O)[O-])cc2)c1;O=C(O)CCC1CCCN(C(=O)c2csc(-c3ccccc3Cl)n2)C1;CS(=O)(=O)NC1CCN(C(=O)c2cc(-c3ccccc3)ccc2Cl)C1;Cc1occ2c1C(=O)c1c(cc(O)c(O)c1O)C21NC(=O)c2ccccc2N1
m_ed201b,Cc1cc(NC(=O)N2CCC(F)(F)C2)nn1C1CCCCC1;Cn1cc(NC(=O)N2CCC(F)(F)C2)c(C2CCCCC2)n1;CCC(C)n1ncc(NC(=O)N2CCC(F)(F)C2)c1C1CC1;Cc1cc(NC(O)N2CCC(F)(F)C2)nn1C1CC=CCC1;Cc1cc(NC(O)N2CCC(F)(F)C2)nn1C1C=CCCC1;Cc1cc(NC(O)N2CCC(F)(F)C2)nn1C1=CCCCC1;Cc1cc(NC(O)N2C=CC(F)(F)C2)nn1C1CCCCC1;CC(C)(C)C1=CCN(C(=O)Nc2cnn(CC(F)F)c2)CC1;CCCCCCCCCCCc1ccc(S(=O)(=O)O)cc1;CC(C1CC1)n1cc(NC(=O)N2CCC(F)(F)C(C)C2)cn1;CC(C)n1cnnc1C1CCCN(C(=O)C2C(C)C2(F)F)C1;Cc1ccc(S(=O)(=O)OCCC(C)CCCC(C)C)cc1;CN(C)C(=O)C1c2cnn(C)c2CCN1CC1CC(F)(F)C1;CCCCCCC(CCCC)c1ccc(S(=O)(=O)O)cc1;O=C(NC1CCC(F)(F)CC1)N1CCC(n2ccnc2)CC1;Cn1ncc2c1CCCN(C(=O)NCC1CCCC1(F)F)C2;COC(=O)c1cc(NC(=O)NC(CO)CC(C)(C)C)n(C)n1;Cc1ccc(N2CCCC(NC(=O)C(C)(C)C(F)F)C2)nn1;COCC(=O)NC1C(O)COC1Cn1cc(C(C)(C)C)nn1;COCc1cn(CC2OCC(O)C2NC2CCOCC2)nn1;CC1(C)CCCN(CCNC(=O)c2cc(C(F)F)ncn2)C1;Fc1ccc2c(C3CCN(CCn4ccnc4)CC3)c[nH]c2c1;CCCCC1N2CC3([N+](=O)[O-])CN1CC([N+](=O)[O-])(C2)C3(C)C;COCc1cn(CC2CC(NC(=O)C(C)C)C(O)C2O)nn1;O=C(N1CCOCC1)N1CCN(C(=O)N2CCOCC2)CC1
m_edaa12,COc1ccc(-n2c(CN3CCOCC3C)nc3ccccc32)cc1;COc1ccc(-n2c(CN3CCOC(C)C3)nc3ccccc32)cc1;COc1cccc(-n2c(CN3CCOCC3C)nc3ccccc32)c1;COc1ccc2c(c1)nc(CN1CCOCC1C)n2-c1ccccc1;COc1ccccc1-n1c(CN2CCOCC2C)nc2ccccc21;COc1ccccc1-n1c(CN2CCOC(C)C2)nc2ccccc21;COc1cccc(-n2c(CN3CCOC(C)C3)nc3ccccc32)c1;COc1ccc2nc(CN3CCOCC3C)n(-c3ccccc3)c2c1;COc1cccc2nc(CN3CCOCC3C)n(-c3ccccc3)c12;COc1ccc2c(c1)nc(CN1CCOC(C)C1)n2-c1ccccc1;COc1cccc2nc(CN3CCOC(C)C3)n(-c3ccccc3)c12;COc1ccc2nc(CN3CCOC(C)C3)n(-c3ccccc3)c2c1;COc1cccc2c1nc(CN1CCOCC1C)n2-c1ccccc1;COc1cccc2c1nc(CN1CCOC(C)C1)n2-c1ccccc1;Cc1cc(O)ccc1-n1c(CN2CCOC(C)C2)nc2ccccc21;Cc1ccc2c(c1)nc(CN1CCOC(C)C1)n2-c1ccc(O)cc1;Cc1cc(O)ccc1-n1c(CN2CCOCC2C)nc2ccccc21;Cc1ccc2c(c1)nc(CN1CCOCC1C)n2-c1ccc(O)cc1;COc1ccc(-n2c(CNCC3(CO)CC3)nc3ccccc32)cc1;Cc1cccc2c1nc(CN1CCOCC1C)n2-c1ccc(O)cc1;Cc1cccc2c1nc(CN1CCOC(C)C1)n2-c1ccc(O)cc1;Cc1cc(-n2c(CN3CCOCC3C)nc3ccccc32)ccc1O;Cc1cc(-n2c(CN3CCOC(C)C3)nc3ccccc32)ccc1O;Cc1ccc2nc(CN3CCOCC3C)n(-c3ccc(O)cc3)c2c1;Cc1ccc2nc(CN3CCOC(C)C3)n(-c3ccc(O)cc3)c2c1
m_edccdd,Cc1nc(C)c(C(=O)N2CCNC(=O)C2C(C)C)nc1C;CC(C)=C1C(O)NCCN1C(=O)c1nc(C)c(C)nc1C;CN(C)c1ccnc(C(=O)NCC2CCC3(CNC3)O2)c1;CC(C)(C)c1ncc(C(=O)N2CC(=O)NCC2(C)C)cn1;Cc1nc(C)c(C(=O)N2C=CNC(O)C2C(C)C)nc1C;CCC1CC(C(=O)N2CCCc3n[nH]cc3C2)CC(=O)N1;CC(=O)N1CCCN(C(=O)NC(C)c2cccnc2)CC1;CC(C)=C1C(=O)NCCN1C(O)c1nc(C)c(C)nc1C;Cc1ncccc1CNC(=O)NCC1CCN(C)C(=O)C1;Cc1nccc(NC2COCCC2NC(=O)C2CC2C)n1;CN(C(=O)c1cc(N2CCNC(=O)C2)ccn1)C(C)(C)C;CC1(C)CN(C(=O)C2(O)CNC2)C1c1nccn1C1CC1;COCCN1CC2CN(Cc3ccccn3)CCN2C1=O;Cc1nnccc1C(=O)N1CCN(CC(C)C)C(=O)C1C;CN1CCC(CNC(=O)c2ccnn2C2CCC2)CC1=O;COCCN1CC2CN(Cc3cccnc3)CCN2C1=O;Cc1cn2c(n1)C(CN1C(=O)CN(C(C)C)C1=O)CCC2;Cc1ccc(N2CCCN(C(=O)C(O)C3CC3)CC2)nn1;CCC(NC(=O)c1cnc(C2CC2)nc1)(C(N)=O)C(C)C;CC1C(=O)NCCCN1C(=O)c1ccn(C2CCCC2)n1;Cc1nc(C)c(C(O)N2C=CNC(=O)C2C(C)C)nc1C;CC(C)(C)c1ccnc(N2CCC3OCC(=O)NC3C2)n1;Cc1cc(CN2CCCN(Cc3cc(C)no3)CC2)on1;O=C1CCCCN1CC(=O)N1CCCCC1c1ncc[nH]1;Cc1cnc(Cn2nc(C)c(C3COCCN3C)c2C)o1
m_edd5cd,CCOC1CCCN(S(=O)(=O)c2ccc(C(F)(F)F)nc2)C1;COCC1CN(S(=O)(=O)c2ccc(C(F)(F)F)nc2)CC1C;CCN(CC1CCCO1)S(=O)(=O)c1ccc(C(F)(F)F)nc1;CC1CN(S(=O)(=O)c2ccc(C(F)(F)F)nc2)C(C)(C)CO1;CC1CCCN(S(=O)(=O)c2ccc(C(F)(F)F)nc2)C1CO;COC1(C)CN(S(=O)(=O)c2ccc(C(F)(F)F)nc2)CC1C;COC1C(C)C(C)CN1S(=O)(=O)c1ccc(C(F)(F)F)nc1;COC1CCCN(S(=O)(=O)c2ccc(C(F)(F)F)nc2C)C1;COC1CCCN(S(=O)(=O)c2cnc(C(F)(F)F)cc2C)C1;COC1CCCN(S(=O)(=O)c2cnc(C(F)(F)F)c(C)c2)C1;COc1nc(C(F)(F)F)ccc1S(=O)(=O)N1CC(C)C(C)C1;COc1cc(C(F)(F)F)ncc1S(=O)(=O)N1CC(C)C(C)C1;Cc1nc(C(F)(F)F)ccc1S(=O)(=O)N1CC(C)C(CO)C1;Cc1cc(S(=O)(=O)N2CCCC(O)C2)c(C)nc1C(F)(F)F;COc1cc(S(=O)(=O)N2CC(C)C(C)C2)cnc1C(F)(F)F;Cc1cc(C(F)(F)F)nc(C)c1S(=O)(=O)N1CCCC(O)C1;Cc1nc(C(F)(F)F)ccc1S(=O)(=O)N1CC(C)C(C)(O)C1;Cc1nc(C(F)(F)F)ccc1S(=O)(=O)N1CCOCCC1C;Cc1c(S(=O)(=O)N2CCCC(O)C2)cnc(C(F)(F)F)c1C;Cc1cc(S(=O)(=O)N2CCOCCC2C)cnc1C(F)(F)F;Cc1cc(C(F)(F)F)ncc1S(=O)(=O)N1CC(C)C(CO)C1;Cc1cc(S(=O)(=O)N2CC(C)C(CO)C2)cnc1C(F)(F)F;Cc1cc(S(=O)(=O)N2CC(C)C(C)(O)C2)cnc1C(F)(F)F;Cc1cc(C(F)(F)F)ncc1S(=O)(=O)N1CCOCCC1C;Cc1cc(C(F)(F)F)ncc1S(=O)(=O)N1CC(C)C(C)(O)C1
m_eff2fa,CCC(C)NC(=O)c1cccc(CNC(=O)c2ccc3c(c2)NC(=O)C3(C)C)c1;CCC(C)NC(=O)c1cccc(CNC(=O)C2CC(=O)N(c3ccccc3)C2)c1;CN1C(=O)CCc2cc(C(=O)Nc3ncccc3OCC3CCCCC3)ccc21;CC=C(C)NC(O)c1cccc(CNC(=O)c2ccc3c(c2)NC(=O)C3(C)C)c1;COc1ccc(CN2CCN(C(=O)c3ccccc3N3CCCC3=O)CC2)cc1;O=C1CCc2cc(C(=O)NCC3CN(Cc4ccccc4)CCCO3)ccc2N1;CCN(CC)CCN=C(O)c1c(O)c2ccccc2n(Cc2ccccc2)c1=O;CC=C(C)NC(=O)c1cccc(CNC(=O)c2ccc3c(c2)NC(O)C3(C)C)c1;CC=C(C)NC(=O)c1cccc(CNC(O)c2ccc3c(c2)NC(=O)C3(C)C)c1;O=C(CCCC(=O)N1CC2CC(C1)c1cccc(=O)n1C2)NCc1ccccc1;CC1(C)CN(CC(=O)NCc2cccc(C(=O)NC3CC3)c2)c2ccccc2O1;CC(C)(C)OC(=O)NC(Cc1c[nH]c2ccccc12)C(=O)NCc1ccccc1;O=C1CC(c2ccccc2)NCCC2(O)CN(CCCN1)C(=O)c1ccccc12;Cc1c(NC(=O)C(C)N2CCc3ccccc32)cccc1C(=O)N1CCOCC1;CCc1ccccc1N1CC(C(=O)Nc2ccc(CC(=O)N(C)C)cc2)CC1=O;Cc1ccc(NC(=O)CCCC(=O)N2CC3CC(C2)c2cccc(=O)n2C3)cc1;CC(CCc1ccccc1)NC(=O)CCC1NC(=O)N(Cc2ccccc2)C1=O;CCC1CN(CC(=O)NCc2cccc(C(=O)NC3CC3)c2)c2ccccc2O1;COc1ccc(-c2cc(CC3(NCc4ccc(N(C)C)cc4)COC3)no2)cc1;CC(C)C(=O)Nc1ccc(C(=O)CN2CC3CC(C2)c2cccc(=O)n2C3)cc1;CC(C(=O)NCc1ccc(C(=O)N2CCOCC2)cc1)N1CCc2ccccc21;Cc1c(NCC(=O)N2c3ccccc3CC2C)cccc1C(=O)N1CCOCC1;Cc1ccc(C(=O)N2CCOCC2)cc1NCC(=O)N1CCCc2ccccc21;Cc1ccccc1NC(=O)C(Cc1c[nH]c2ccccc12)NC(=O)OCC(C)C;Cc1ccc(N2CCC(Nc3cccc(C(=O)N4CCOCC4)c3C)C2=O)cc1
m_f0bee0,CC1CC(NC(=O)NCc2cccc(C(=O)NCc3ccco3)c2)C1;O=C(NCc1cccc(C(=O)NCc2ccco2)c1)NCC1CCC1;CC1CCN(C(=O)NCc2cccc(C(=O)NCc3ccco3)c2)C1;CN(C(=O)NCc1cccc(C(=O)NCc2ccco2)c1)C1CCC1;NC(=O)NCc1ccc(C(=O)N(Cc2ccco2)C2CCCC2)cc1;CN(Cc1ccco1)C(=O)c1cccc(CNC(=O)NC2CCC2)c1;CN(Cc1cccc(C(=O)NCc2ccco2)c1)C(=O)NC1CCC1;Cc1cc(CNC(=O)NC2CCC2)cc(C(=O)NCc2ccco2)c1;Cc1ccc(CNC(=O)NC2CCC2)cc1C(=O)NCc1ccco1;Cc1ccc(C(=O)NCc2ccco2)cc1CNC(=O)NC1CCC1;Cc1c(CNC(=O)NC2CCC2)cccc1C(=O)NCc1ccco1;Cc1ccoc1CNC(=O)c1cccc(CNC(=O)NC2CCC2)c1;Cc1ccc(CNC(=O)c2cccc(CNC(=O)NC3CCC3)c2)o1;O=C(CNC(=O)N1CCC(Cc2ccccc2)C1)NCc1ccco1;CCN(C(=O)C1CC(=O)N(Cc2ccco2)C1)c1c(C)cccc1N;Cc1ccccc1C1(CNC(=O)CNC(=O)NCc2ccco2)CC1;Cc1coc(CNC(=O)c2cccc(CNC(=O)NC3CCC3)c2)c1;CN(Cc1ccco1)C(=O)CN1CCNC(=O)CC1c1ccccc1;CCN(C(=O)C1CC(=O)N(Cc2ccco2)C1)c1cc(N)ccc1C;CCN(C(=O)C1CC(=O)N(Cc2ccco2)C1)c1cccc(N)c1C;CCN(C(=O)C1CC(=O)N(Cc2ccco2)C1)c1ccc(N)cc1C;O=C(NCC1=CCC1)NCc1cccc(C(O)NCc2ccco2)c1;O=C(NCc1cccc(C(O)NCc2ccco2)c1)NCC1C=CC1;CC(=O)N1CCN(CC(=O)N(Cc2ccco2)c2ccccc2)CC1;O=C(c1ccnc(OC2CCC2)c1)N1CCN(Cc2ccco2)CC1
m_f10ba9,COC1CN(C(=O)c2c(C)coc2C)CC1c1cn(C)nn1;COC1CN(C(=O)c2oc(C)cc2C)CC1c1cn(C)nn1;Cc1cc(C)c(C(=O)N2CC(O)C(c3nnn(C)c3C)C2)o1;Cc1cc(C(=O)N2CCCC(O)(Cn3ccnn3)C2)c(C)o1;Cc1cc(C(=O)N(C)CC2OCCC2c2ncn[nH]2)oc1C;COC1CC(c2nncn2C)N(C(=O)c2oc(C)cc2C)C1;Cc1cc(C)c(C(=O)N(C)CC2OCCC2c2ncn[nH]2)o1;CCc1occc1C(=O)N1CCCC(O)(Cn2ccnn2)C1;Cc1oc(C(=O)N2CC(O)C(c3cn(C)nn3)C2)c(C)c1C;CCc1cc(C)c(C(=O)N2CCOC(c3nncn3C)C2)o1;Cc1nc(C)c(C(=O)NC2CCCC2Oc2cnn(C)c2)o1;Cc1noc(C)c1C(=O)Nc1cnn(CC2CCCCO2)c1;CCc1oc(C(=O)N2CCC(O)(Cn3ccnn3)C2)cc1C;Cc1nnc(CC2CCC(NC(=O)c3c(C)noc3C)C2)o1;Cc1nc(C(=O)NC2CCCC2Oc2cnn(C)c2)c(C)o1;CCc1ocnc1C(=O)NC1CCC(Cc2nnc(C)o2)C1;COC(=O)c1cn(C2CCN(Cc3ccc(C)o3)CC2)nn1;CCc1nocc1C(=O)NC1CCC(Cc2nnc(C)o2)C1;CC(C)c1occc1C(=O)N1CCC(O)(Cn2ccnn2)C1;CCc1ocnc1C(=O)N1CCCC(c2nnc(C)o2)C1C;Cc1n[nH]c(C2CCOC2CN(C)C(=O)c2occc2C)n1;O=C(O)C1CC(NC(=O)C2CC2)C(n2cc(C3CC3)nn2)C1;COC1=C(c2cn(C)nn2)CN(C(O)c2oc(C)cc2C)C1;COCc1n[nH]c(C2CCCCN2C(=O)c2ccoc2C)n1;CCc1oc(C(=O)N2CC(OC)CC2c2ncn[nH]2)cc1C
m_f1a045,CC(C)n1ccc(C(=O)NC(Cc2ccncc2)C(=O)O)n1;CC(C)n1cc(C(=O)NC(Cc2ccncc2)C(=O)O)cn1;CC(C)n1ccc(C(=O)NCCc2ccncc2C(=O)O)n1;CC(C)n1ccc(C(=O)NCCc2ccnc(C(=O)O)c2)n1;CC(C)n1cc(C(=O)NCCc2ccncc2C(=O)O)cn1;CC(C)n1cc(C(=O)NCCc2ccnc(C(=O)O)c2)cn1;COc1ccc(NC(=O)NCC2Cn3ccnc3CO2)cc1;CC(C)n1cc(C(=O)O)c(C(=O)NCCc2ccncc2)n1;CC(C)n1nc(C(=O)NCCc2ccncc2)cc1C(=O)O;COc1nc(C)ccc1C(=O)NC1CC(O)C1n1cccn1;CC(Oc1cccnc1)C(=O)N1CCCCC1c1ncon1;CC(C)n1cc(C(=O)NC(=Cc2ccncc2)C(O)O)cn1;CC(C)n1ncc(C(=O)NCCc2ccncc2)c1C(=O)O;CC(C)n1ccc(C(=O)NC(=Cc2ccncc2)C(O)O)n1;CC(C)n1cc(C(=O)NCCc2ccncc2)c(C(=O)O)n1;NC(Cc1cnc[nH]1)C(=O)NC(Cc1ccccc1)C(=O)O;Cc1nn(C)c(C)c1NC(=O)NCc1cccc(C(=O)O)c1;NC(Cc1ccccc1)C(=O)NC(Cc1cnc[nH]1)C(=O)O;CC(C)n1cc(NC(=O)NCc2cccc(C(=O)O)c2)cn1;COc1ccc(NC(=O)N2CCc3nc[nH]c3C2)cc1OC;O=C1C2CC(O)CN2C2(CNC2)C(=O)N1Cc1cccnc1;CNCC(=O)N1CCN2C(=O)c3ccccc3NC(=O)C2C1;CC(C)n1cc(C(O)NC(=Cc2ccncc2)C(=O)O)cn1;O=C(Cc1ccoc1)NC1CCCN(c2ncc[nH]c2=O)C1;CC(C)Cc1nc(CNc2ccc3oc(=O)n(C)c3c2)no1
m_f22b14,CN(CC1CCCN(C)C1c1cncn1C)c1ccnc(C#N)c1;CN(CC1CCCN(C)C1c1cncn1C)c1ccc(C#N)nc1;CN(CC1CCCN(C)C1c1ccnn1C)c1ccnc(C#N)c1;Cc1cc(NCC2CCCN(C)C2c2cncn2C)cnc1C#N;Cc1nc(C#N)ccc1NCC1CCCN(C)C1c1cncn1C;Cc1c(NCC2CCCN(C)C2c2cncn2C)ccnc1C#N;Cc1cc(C#N)ncc1NCC1CCCN(C)C1c1cncn1C;Cc1cc(NCC2CCCN(C)C2c2cncn2C)cc(C#N)n1;Cc1cnc(C#N)cc1NCC1CCCN(C)C1c1cncn1C;Cc1ncc(C2C(CNc3ccnc(C#N)c3)CCCN2C)n1C;Cc1ncn(C)c1C1NCCCC1CN(C)c1ccc(C#N)nc1;Cc1nc(C#N)ccc1N(C)CC1CCCNC1c1cncn1C;Cc1cc(N(C)CC2CCCNC2c2cncn2C)cnc1C#N;Cc1c(N(C)CC2CCCNC2c2cncn2C)ccnc1C#N;Cc1ncc(C2NCCCC2CN(C)c2ccc(C#N)nc2)n1C;Cc1cnc(C#N)cc1N(C)CC1CCCNC1c1cncn1C;Cc1cc(C#N)ncc1N(C)CC1CCCNC1c1cncn1C;Cc1cc(N(C)CC2CCCNC2c2cncn2C)cc(C#N)n1;Cc1ncc(C2NCCCC2CN(C)c2ccnc(C#N)c2)n1C;Cc1ncn(C)c1C1C(CNc2ccnc(C#N)c2)CCCN1C;Cc1ncn(C)c1C1NCCCC1CN(C)c1ccnc(C#N)c1;Cc1ncc(C2C(CNc3ccc(C#N)nc3)CCCN2C)n1C;Cc1ncn(C)c1C1C(CNc2ccc(C#N)nc2)CCCN1C;Cc1nc(C)n(CC2CCCN2Cc2nc3ccccc3n2C)n1;CC(C)(C)c1cc2c(N3CCCC(c4ccn[nH]4)C3)nccn2n1
m_f22bed,CCCn1nc(C(=O)N2CC(C)OC(c3ccccc3)C2)ccc1=O;CCCn1nc(C(=O)N2CCCC2c2cccc(OC)c2)ccc1=O;COCCn1nc(C(=O)N2CCCC2c2cccc(C)c2)ccc1=O;CCCn1nc(C(=O)NC(c2ccc(OC)cc2)C2CC2)ccc1=O;CCOc1ncccc1NC(=O)N1CC(C)OC(c2ccccc2)C1;COCCn1nc(C(=O)NC2CCCCc3ccccc32)ccc1=O;CC1CCC(C(=O)O)CN1C(=O)c1ccn(CCc2ccccc2)n1;CN(CC1OCCN(C)C1c1ccccc1)C(=O)c1cc[nH]c(=O)c1;COc1cc(C(=O)N2CCC(Cc3ccccc3CO)CC2)ncn1;COc1cc(C(=O)N2CCCC(CO)(Cc3ccccc3)C2)ncn1;CN(CC1OCCN(C)C1c1ccccc1)C(=O)c1ccc(O)nc1;CCCn1nc(C(O)N2C=C(C)OC(c3ccccc3)C2)ccc1=O;C=CCOc1ccc(CN(C)C(=O)c2ccc(=O)n(CCC)n2)cc1;O=C(NCCNC(=O)c1ccco1)NC(c1ccccc1)C1CCC1;Cc1noc(C2CC2)c1NC(=O)NC1(CO)CCCc2ccccc21;CC(=O)N1C=CN(C(=O)CN2CC(c3ccccc3)OC=C2C)CC1;CN(CC1OCCN(C)C1c1ccccc1)C(=O)c1cncc(O)c1;CC1=CN(C(=O)Nc2noc(C(C)C)c2C)CC(c2ccccc2)O1;Cc1cc(=O)[nH]cc1C(=O)NCC1OCCN(C)C1c1ccccc1;CC(=CCn1cc(CC2NC(=O)C(C)NC2=O)c2ccccc21)CO;CC=Cn1nc(C(O)N2CC(C)OC(c3ccccc3)C2)ccc1=O;O=C(CCC(=O)N1CCc2[nH]c3ccccc3c2C1)N1CCOCC1;CCOC(=O)C(Cc1ccccc1)N(C(=O)c1cnn(C)c1)C1CC1;CC1=CN(C(=O)Nc2cc(C(C)C)on2)CC(c2ccc(C)cc2)O1;O=C(NCC1OCC(NCc2ccccc2)C1O)Nc1ccccc1
m_f24d72,COc1ccc(C)cc1S(=O)(=O)NCCc1cccc(C(=O)O)n1;COc1cc(C)cc(S(=O)(=O)NCCc2cccc(C(=O)O)n2)c1;COc1ccc(C)cc1S(=O)(=O)NCCc1cc(C(=O)O)ccn1;COc1c(C)cccc1S(=O)(=O)NCCc1cccc(C(=O)O)n1;COc1ccc(S(=O)(=O)NCCc2cccc(C(=O)O)n2)cc1C;COc1ccc(C)cc1S(=O)(=O)NCCc1ccc(C(=O)O)cn1;COc1ccc(C)cc1S(=O)(=O)NCCc1ncccc1C(=O)O;Cc1cc(O)c(S(=O)(=O)NCCc2cccc(C(=O)O)n2)cc1C;Cc1ccc(O)c(S(=O)(=O)NCCc2cccc(C(=O)O)n2)c1C;Cc1cc(C)c(O)c(S(=O)(=O)NCCc2cccc(C(=O)O)n2)c1;COc1ccc(CCNS(=O)(=O)c2cccc(C)c2)nc1C(=O)O;COc1cc(C(=O)O)c(C)cc1S(=O)(=O)NCCc1ccccn1;Cc1ccc(O)c(S(=O)(=O)N(C)CCc2cccc(C(=O)O)n2)c1;COc1cc(CCNS(=O)(=O)c2cccc(C)c2)nc(C(=O)O)c1;COc1ccc(C(=O)O)cc1S(=O)(=O)N(C)CCc1ccccn1;COc1ccc(C(=O)O)cc1S(=O)(=O)N(C)CCc1cccnc1;COc1ccc(C(=O)O)nc1CCNS(=O)(=O)c1cccc(C)c1;COc1ccc(C)c(C(=O)O)c1S(=O)(=O)NCCc1ccccn1;COc1c(C(=O)O)cc(C)cc1S(=O)(=O)NCCc1ccccn1;Cc1ccc(O)c(S(=O)(=O)NCCc2ccc(C)c(C(=O)O)n2)c1;Cc1ccc(O)c(S(=O)(=O)NCCc2nc(C(=O)O)ccc2C)c1;Cc1cc(CCNS(=O)(=O)c2cc(C)ccc2O)nc(C(=O)O)c1;COc1ccc(C(=O)NCc2ccc(S(N)(=O)=O)cc2)cc1OC;COc1ccc(C(=O)NCc2ccc(S(N)(=O)=O)cc2)c(OC)c1;COc1ccc(CC(=O)Nc2ccc(S(N)(=O)=O)cc2)cc1OC
m_f2d901,Cc1noc(C2COCCN2Cc2cccc(F)c2F)n1;Cc1noc(C2COCCN2Cc2cc(F)ccc2F)n1;Cc1cc(C(=O)Nc2c[nH]nc2-c2ccccc2)ccc1F;O=C(NCCc1ccc(F)cc1)c1ccc2nccnc2c1;CCn1ccnc(Nc2ccc(OCC(F)F)cc2)c1=O;Cc1ccc(-c2cc(C(=O)Nc3ccccc3F)[nH]n2)cc1;O=c1c2ccccc2nc(NC2CC(F)(F)C2)n1CCO;N#Cc1cc(F)c(NCC(O)CN2CCCC2=O)c(F)c1;O=C(Cc1n[nH]c2ccccc12)N1CCC(OC(F)F)C1;CCCOP(=S)(NNC(C)=C(C)N=O)OCCC;N#CC1(C(=O)Nc2cccc(OCC(F)F)n2)CCCC1;CCc1ccnc(-c2noc(C3CC(OC(F)F)C3)n2)c1;COc1c(F)cc(NC(=O)c2cc(C(C)C)[nH]n2)cc1F;Cc1noc(C2CC(O)CN2c2nc(C(C)C)ns2)n1;Cc1n[nH]c(-c2ccccc2)c1NC(=O)c1ccccc1F;OCC1COC(Cn2cncn2)(c2ccc(F)cc2F)C1;Fc1ccc(F)c(NCc2noc(C3CCOCC3)n2)c1;c1cncc(CN2CCC(c3nc4ccccc4s3)C2)c1;O=C(CN1CCCc2cc(F)c(F)cc21)N1CCNC1=O;OCC1CN(c2ncnc3c(F)c(F)ccc23)CCC1O;CCc1nsc(N2CC(OC)CC2c2nnc(C)o2)n1;CS(=O)(=O)NC1CCN(c2ncnc3[nH]ccc23)CC1;COC(C)(C)c1nsc(NCc2nc(C)cc(=O)[nH]2)n1;N#Cc1ccc(CN2c3ccccc3CC2C(N)=O)c(F)c1;c1ccc(CN2CCC(c3nc4ccccc4s3)C2)nc1
m_f55e93,O=C(NCC1CCC(F)(F)C1)c1ccc(Cn2nnc3ccccc32)cc1;Cn1cnc2cc(C(=O)N(Cc3cc(F)ccc3F)C3CCCC3)cnc21;OC(NC=C1CCC(F)(F)C1)c1ccc(Cn2nnc3ccccc32)cc1;OC(NCC1=CCC(F)(F)C1)c1ccc(Cn2nnc3ccccc32)cc1;OC(NCC1=CC(F)(F)CC1)c1ccc(Cn2nnc3ccccc32)cc1;OC(NCC1C=CC(F)(F)C1)c1ccc(Cn2nnc3ccccc32)cc1;Cn1c(CN2CCOC(c3ccc(F)cc3F)C2)nnc1-c1ccccc1;CCCc1cc(NC(=O)NC(c2ccc(OC)c(F)c2)C(F)F)n(C)n1;N#Cc1ccccc1N1CCCN(CC(=O)Nc2ccc(F)c(F)c2)CC1;CN1CCC(N2CCC(NC(=O)c3cccc(C(F)(F)F)n3)CC2)C1=O;Cc1cnc(C(C)CNC(=O)N2CCN(c3ncccc3C#N)CC2)s1;O=C(NCCc1c[nH]c2cc(F)cc(F)c12)c1ccc(NCC2CC2)nc1;Cc1nn(C)c(OCC(F)(F)F)c1CN1CCC(Oc2cccnc2)C1;CN(Cc1nccc(N)n1)C1CCCN(C(=O)c2sccc2C#N)CC1;Cc1cc2c(NCC3CC(=O)N(C)C3c3cnn(C)c3C)ncnc2s1;CC(NC(Cc1c[nH]cn1)C(=O)O)C(NC(=O)C(N)CC(N)=O)C(=O)O;CN1CCC(=O)Nc2cc(C(=O)N3CCN(CC(F)(F)F)CC3)ccc21;CN(C)c1ccc(NC(=O)C(C)(C)C)c(Cc2nnc(C(F)(F)F)o2)c1;CC(C)(C)c1cnc(NC(=O)N2CCN(c3ccc(C#N)cn3)CC2)s1;COc1ccc(CN(C)c2nc(N(C)C)cc(C(F)(F)F)n2)c(OC)c1;O=C(O)c1ccc(CN2Cc3[nH]cnc3CC2C(=O)N2CCOCC2)cc1;COc1cc2c(cc1OC)CN(C(=O)CCNC(=O)c1cnccn1)CC2;CC(C)N1C(=O)COC(c2ccc(NC(=O)c3cnccn3)cc2)C1CO;CN(Cc1ccccc1)C(=O)C1Cc2nc[nH]c2CN1C(=O)CCC(=O)O;Cc1cc(C)n2nc(C)c(C(=O)NC3CCN(c4nccs4)CC3)c2n1
m_f5c42c,Cc1ccccc1C1(CNC(=O)NCC2(O)CCC2)CC1;O=C(NCC1(O)CCC1)NC(Cc1ccccc1)C1CC1;CC1(O)CCN(C(=O)NCC2CC(c3ccccc3)C2)C1;O=C(NCC1CC(O)C1)NC(Cc1ccccc1)C1CC1;O=C(NCC1CCC1O)NC(Cc1ccccc1)C1CC1;O=C(NCCC1Cc2ccccc2C1)N1CCCC(O)C1;Cc1ccccc1C1(CNC(=O)NC2CCOCC2)CC1;CC1COCCN1C(=O)NC(Cc1ccccc1)C1CC1;O=C(NCC1CCCO1)N1CCC(Cc2ccccc2)C1;O=C(NC(O)C1CCC1)NC(Cc1ccccc1)C1CC1;O=C(NCC1CCC1)NC(Cc1ccccc1)C1(O)CC1;O=C(NCC1CCC1)NC(C1CC1)C(O)c1ccccc1;O=C(NCC1CCC1)NC(Cc1ccccc1)C1CC1O;CC(NC(=O)NC(c1ccccc1)C1CC1)C1CCCO1;CNC(=O)C1CN(CC2(c3ccccc3)CCC2)CCO1;CC1CN(C(=O)C2(C)CCNC2)CC(c2ccccc2)O1;CC1c2ccccc2CCN1C(=O)CNCC1CCCO1;CC(O)C1CCN(C(=O)NCc2ccc3c(c2)CCC3)C1;O=C(NCC1CCC1)NC(O)(Cc1ccccc1)C1CC1;Cc1cccc2c1CCC2NC(=O)NC(C)(CO)C1CC1;Cc1ccccc1C1(CNC(=O)C2NCCOC2C)CC1;Cc1ccc(CCC(=O)NC2CCCCNC2=O)c(C)c1;Cc1ccccc1C1CN(C(=O)C2CCCC2N)CCO1;CCCC(NC(=O)NC1CC2CCC1O2)c1ccccc1;CCOCC1CCN(C(=O)C2Cc3ccccc3CN2)C1
m_f7002e,O=C(NC1CCC(O)CC1)C1CC1c1cccc(Br)c1;O=C(NC1CCC(O)CC1)C1CC1c1ccc(Br)cc1;O=C(NC1CCCC(O)C1)C1CC1c1cccc(Br)c1;O=C(NC1CCCCC1O)C1CC1c1cccc(Br)c1;O=C(NC1CCCC(O)C1)C1CC1c1ccc(Br)cc1;O=C(NC1CCCCC1O)C1CC1c1ccc(Br)cc1;O=C(NC1(O)CCCCC1)C1CC1c1cccc(Br)c1;O=C(NC1(O)CCCCC1)C1CC1c1ccc(Br)cc1;OC1CCC(NC(O)C2=CC2c2ccc(Br)cc2)CC1;O=C(NC1CCCCC1)C1C(O)C1c1cccc(Br)c1;OC1CCC(NC(O)C2C=C2c2ccc(Br)cc2)CC1;COCCC1(C(=O)NC2CC2c2ccccc2Br)CC1;OC1CCC(NC(O)C2=C(c3ccc(Br)cc3)C2)CC1;OC1CCC(NC(O)C2=CC2c2cccc(Br)c2)CC1;OC1=CCC(NC(O)C2CC2c2ccc(Br)cc2)CC1;O=C(NC1CCCCC1)C1(O)CC1c1ccc(Br)cc1;O=C(NC1CCCCC1)C1(O)CC1c1cccc(Br)c1;O=C(NC1CCCCC1)C1C(O)C1c1ccc(Br)cc1;OC1CCC(NC(O)C2C=C2c2cccc(Br)c2)CC1;OC1CCC(NC(O)C2=C(c3cccc(Br)c3)C2)CC1;OC1=CCC(NC(O)C2CC2c2cccc(Br)c2)CC1;O=C(NC1CCCCC1)C1CC1c1ccc(O)c(Br)c1;O=C(NC1CCCCC1)C1CC1(O)c1ccc(Br)cc1;O=C(Cc1ccc(Br)cc1)NC1CCC12CCOCC2;O=C(NC1CCCCC1)C1CC1(O)c1cccc(Br)c1
m_f7302f,CC(C)n1ncc(C(=O)N2CCNCC2)c1C(F)(F)F;CCN1CCC(NC(=O)c2nc[nH]c2C(F)(F)F)CC1;CCn1ncc(C(=O)N2CCCNCC2)c1C(F)(F)F;CC(C)n1nc(N)c(C(=O)N2CCCC2)c1C(F)(F)F;CN1CCCC1CNC(=O)c1cn(C)nc1C(F)(F)F;CC(C)n1ncc(C(O)N2C=CNCC2)c1C(F)(F)F;CCn1ncc(NC(=O)NC(C)C2CC2)c1C(F)(F)F;O=c1nc(CN2CCC(C(F)(F)F)C3(CCC3)C2)[nH][nH]1;CCn1ncc(C(O)N2C=CNCCC2)c1C(F)(F)F;CCn1ncc(C(O)N2CC=CNCC2)c1C(F)(F)F;COCC1OC(OC)C2OC(C)(C)OC2C1OC(C)=O;COC1C(O)C(C)OC(OC2CC3OC3C(C)O2)C1O;COC(=O)C(O)C1OC(C)(C)OC1C1COC(C)(C)O1;CCn1ncc(C(O)N2C=CCNCC2)c1C(F)(F)F;COC(=O)CC(C)OC(=O)CC(C)OC(=O)CC(C)O;CCCCCC1=C(CO)C(O)C(OC(=O)O)C(O)C1O;O=C(NCC1CCCNC1)c1ccn(CC(F)(F)F)n1;CC(C)C(=O)NCc1nnc2n1CC(C(F)(F)F)CC2;OCCNC1CCN(c2nccc(C(F)(F)F)n2)CC1;CN(CC(F)(F)F)C(=O)Nc1ccc(C(C)(C)C)nn1;CCn1cc(NC(=O)N2CCC(C(F)(F)F)CC2)cn1;Cc1cc(C(=O)NCC2CCN(CC(F)(F)F)C2)[nH]n1;Cc1cc(C(=O)NC2CCC(C(F)(F)F)N(C)C2)[nH]n1;COc1cc(Cc2cnc(N)nc2N)cc(OC)c1OC;Cn1nccc1C(=O)NCC1CCN(CC(F)(F)F)C1
m_f82743,Cn1cc(CC(=O)N2CCCC2(C)Cc2cccc(F)c2)cn1;Cn1cc(CCC(=O)N2CCCC2Cc2ccc(F)cc2)cn1;Cn1cc(CCC(=O)N2CCCC2Cc2cccc(F)c2)cn1;Cc1ccc(C2CCCN2C(=O)CCc2cnn(C)c2)cc1F;Cc1c(F)cccc1C1CCCN1C(=O)CCc1cnn(C)c1;Cc1ccc(F)cc1C1CCCN1C(=O)CCc1cnn(C)c1;Cc1cc(F)cc(C2CCCN2C(=O)CCc2cnn(C)c2)c1;CCc1cc(C(=O)N2CCCC2(C)Cc2cccc(F)c2)[nH]n1;Cc1nn(C)cc1CCC(=O)N1CCCC1c1cccc(F)c1;Cc1c(CCC(=O)N2CCCC2c2cccc(F)c2)cnn1C;Cn1nccc1C(=O)N(CCc1cccc(F)c1)C1CCCC1;Cc1cnn(CC2CCCCN2C(=O)Cc2cccc(F)c2)c1;O=C(CCc1ccccc1F)N1CCCCC1Cn1cccn1;CC1CN(C(=O)CCc2cncn2C)CCc2ccc(F)cc21;Cc1n[nH]c(C)c1C(C)C(=O)N1CCCC1c1ccc(F)cc1;Cc1n[nH]c(C)c1CC(=O)N1CCC(c2ccccc2F)CC1;CCn1ccnc1C1OCCC1NCC=Cc1ccc(F)cc1;CC(C)C(c1ccc(F)cc1)N(C)C(=O)c1cc2n(n1)CCC2;Fc1ccc(CC2CCN(Cc3nnc(C4CC4)o3)CC2)cc1;Cc1n[nH]c(C)c1C(C)C(=O)N1CCc2cc(F)ccc2C1C;Cc1n[nH]c(C)c1C(C)C(=O)NC(c1ccc(F)cc1)C1CC1;Cc1cc(NC(=O)C2CC2c2ccc(F)cc2)n(C(C)(C)C)n1;CC(Nc1cc(C(N)=O)ccc1CN(C)C)c1cccc(F)c1;Fc1ccc(Cn2cc(CN3CCOCC34CCC4)cn2)cc1;Cn1nc(C(=O)NCC2(O)CCC(C)(C)CC2)cc1C(F)F
m_f858ee,CCOc1nc(C(=O)N2CCCc3c2cccc3C(F)(F)F)co1;Cc1cccc2c(O)c(C(=O)N3CCOC(C(F)(F)F)C3)cnc12;Cc1cc(C(=O)N2CC(C)(C)Oc3ccc(C(F)(F)F)cc32)no1;CCS(=O)(=O)Nc1ccc(C(C)Nc2cc(F)cc(F)c2)cc1;Cc1cc(C(=O)N2CCOC(c3ccccc3C(F)(F)F)C2)no1;O=C(c1c[nH]c(=O)c2ccccc12)N1CCC(C(F)(F)F)C1CO;COC(=O)CCCC#CC=CCCCCCCC=CBr;CCOc1nc(C(O)N2CC=Cc3c2cccc3C(F)(F)F)co1;C=C1CC(OC(C)=O)C(Br)C(C)(C)C12CC=C(C)CC2;Cn1c(C(=O)N(CC(=O)O)C2CC2)cc2cc(C(F)(F)F)ccc21;Cn1c(C(=O)N2CCC(C(=O)O)C2)cc2cc(C(F)(F)F)ccc21;CC(=O)OCC1=CC=C(C2CCC(Br)C(C)(C)C2)CC1;C=C1CC=CC(C)(C)C1CC=C(C)C(CBr)OC(C)=O;Cc1cc(=O)c(OCC(=O)Nc2ccc3c(C)cc(=O)[nH]c3c2)co1;CCOC(=O)C1Oc2c(c(=O)oc3ccccc23)C1c1cnn(C)c1;CCOc1nc(C(O)N2C=CCc3c2cccc3C(F)(F)F)co1;COC(=O)c1ccc(COc2ccc3nc4n(c(=O)c3c2)CCC4)o1;Cc1ocnc1C(=O)N1CCOC(c2ccc(C(F)(F)F)cc2)C1;CC1COC(c2cccc(C(F)(F)F)c2)CN1C(=O)c1ccon1;O=C(Cc1ccon1)N1CCOC(c2ccc(C(F)(F)F)cc2)C1;COC(Cc1ccccc1)C(=O)Nc1cc(C(F)(F)F)c[nH]c1=O;O=C(C1CN(c2nnc(C3CC3)s2)CCO1)N1CCSCC1;Cc1csc(NC(=O)CCCCC2SCC3NC(=O)NC32)n1;CCOc1nc2cccc(C(=O)O)c2n1Cc1ccc(C(=O)O)cc1;CCOC(C(=O)Nc1cc(C(F)(F)F)c[nH]c1=O)c1ccccc1
m_f866a0,Cn1nc2c(c1NC(=O)C1CCN(S(=O)(=O)c3cccs3)CC1)CCC2;Cn1nc2c(c1NC(O)C1C=CN(S(=O)(=O)c3cccs3)CC1)CCC2;Cn1nc2c(c1NC(O)C1=CCN(S(=O)(=O)c3cccs3)CC1)CCC2;Cn1nc2c(c1NC(O)C1CCN(S(=O)(=O)c3cccs3)CC1)CC=C2;Cn1nc2c(c1NC(O)C1CCN(S(=O)(=O)c3cccs3)CC1)C=CC2;CCCCOC1C(O)C(COP(=O)(O)O)OC1n1cc(C)c(O)nc1=O;CC1(O)CCC2C3CCC4=CC(=O)CCC4(C)C3(Br)C(=O)CC21C;CC(=O)OCC1OC(n2cnc3c(=O)[nH]cnc32)C(OC(C)=O)C1OC(C)=O;COC1=C(OC)C(=O)c2c(cc3nc(O)n(C)c3c2-c2ccc(OC)cc2)C1=O;CS(=O)(=O)N1CCc2c(ncn(Cc3csc(C4CCCC4)n3)c2=O)C1;COc1ccc(N2CC(CNC(=O)c3cccc(C(F)(F)F)c3)OC2=O)cc1;COc1cc2c(cc1OC)-c1cc(Oc3ccc4c(c3)OCO4)nc(=O)n1CC2;CON=C(C(=O)O)c1ccccc1CON=C(C)c1cccc(C(F)(F)F)c1;O=C(c1ccc(CN2C(=O)CCC2=O)cc1)N(Cc1ccco1)CC(F)(F)F;O=C1OC(N2C(=O)CCC2C(=O)Nc2ccc3c(c2)OCCO3)c2ccccc21;COC1=C(OC)C(=O)c2c(cc3c(nc(O)n3C)c2-c2ccc(OC)cc2)C1=O;COc1ccc2c(Cn3ncc4ccc(OC)c(OC)c4c3=O)cc(=O)oc2c1;COCc1cc(=O)c(O)c(-c2[nH]c(-c3ccco3)nc2-c2ccc(OC)cc2)o1;CN(C(=O)COc1ccc(F)cc1)C(c1cccs1)c1c[nH]c2ccccc12;CCC1(O)C(=O)OCc2c1cc1n(c2=O)C(O)c2cc3c(OC)cccc3nc2-1;Cc1cc(N2CCCS2(=O)=O)ccc1C(=O)Nc1nnc(C(C)(C)C)s1;O=C(Nc1ccccc1C(=O)NC(Cc1ccc(O)cc1)C(=O)O)c1ccco1;CCOC(=O)Nn1c2c(c3ccc(OC)c(OC)c3c1=O)C(=O)c1ccccc1-2;O=C(NCc1cc2c(cc1OC(F)F)OCO2)NC1CCc2cc(F)ccc21;COC(=O)N1CCc2ccc(F)cc2C1C(=O)Nc1cccc(OC(F)F)c1
m_f8bf38,COC1(C(=O)O)CCN(C(=O)c2cccc(C)n2)C1;O=C(O)CC1COCCN1C(=O)Cc1cccnc1;O=C(O)CC1COCCN1C(=O)Cc1ccncc1;COC1CCN(C(=O)c2ccc(C(=O)O)c(C)n2)C1;Cc1nc(C(=O)NC2(C)CCOC2)ccc1C(=O)O;COC1CCN(C(=O)c2cc(C(=O)O)cc(C)n2)C1;COC1CCN(C(=O)c2nc(C)ccc2C(=O)O)C1;Cc1ccc(C)c(C(=O)N2CCC(O)(C(=O)O)C2)n1;Cc1ccc(C(=O)N2CCC(O)(C(=O)O)C2)nc1C;Cc1cc(C)nc(C(=O)N2CCC(O)(C(=O)O)C2)c1;COc1nc(C)ccc1C(=O)NC1CC(C(=O)O)C1;NC1COC2C(OC(=O)Nc3ccccc3)COC12;COC1(C(O)O)C=CN(C(=O)c2cccc(C)n2)C1;CCNC(=O)COC(=O)c1cccc(NC(C)=O)c1;Cc1ccc(C(=O)N2CCCCC2C(=O)O)c(=O)[nH]1;COC(=O)c1ccccc1NC(=O)C(C)CC(N)=O;COc1ncccc1C(=O)NC(C)(C(=O)O)C1CC1;COC1COC2C(NC(=O)c3ccccn3)COC12;O=C(O)C1COCCN1C(=O)CCc1cccnc1;CC(C)=Cc1nc(N2C(=O)CC(O)C2C)cc(=O)o1;COc1ccc(C(=O)N2CCCC2CC(=O)O)cn1;COC1(C(=O)O)C=CN(C(O)c2cccc(C)n2)C1;Cn1ccc(C(=O)N2CCCC(C(=O)O)C2)cc1=O;CC(=O)Nc1ccc(C(O)C2COCC(=O)N2)cc1;Cc1cc(O)cc(=O)n1CC(=O)NC1C2COCC21
m_f8d39e,CCCN(C(=O)c1cc(C)cc(O)n1)C1CCc2ccccc2C1;CCCN(C(=O)c1nccc(C)c1O)C1CCc2ccccc2C1;CCCN(C(=O)c1cc(C)c(O)cn1)C1CCc2ccccc2C1;CCCN(Cc1ncccc1C(=O)O)C1CCc2ccccc2C1;CCCN(C(=O)c1cc(CO)ccn1)C1CCc2ccccc2C1;Cc1cc(=O)c(C(=O)NC2c3ccccc3CCC2C(C)C)c[nH]1;Cc1ccnc(C(=O)N(CC(C)O)C2CCc3ccccc3C2)c1;Cc1ccnc(C(=O)N(CCCO)C2CCc3ccccc3C2)c1;c1ccc(C2CC(NCc3ccnc(OC4CCOC4)c3)C2)cc1;CCC(O)N(C(=O)c1cc(C)ccn1)C1CCc2ccccc2C1;CCOc1ncccc1CNC(=O)Cc1ccc2c(c1)CCCC2;Cc1ccccc1C1(C(=O)NCc2ccc(O)nc2)CCCCC1;CNC(=O)COc1ccccc1CNCC1(c2ccccc2)CC1;CC1CC(c2ccccc2)C(C)N1C(=O)CCn1ccccc1=O;CC1(c2ccccc2)CCCN(C(=O)CCn2ccccc2=O)C1;CC=CN(C1CCc2ccccc2C1)C(O)c1cc(C)cc(O)n1;CCCN(C1C=Cc2ccccc2C1)C(O)c1cc(C)cc(O)n1;CCCN(C(=O)c1cc(C)ccn1)C1CCc2ccccc2C1O;CCCN(C(=O)c1cc(C)ccn1)C1Cc2ccccc2C(O)C1;Cc1cccn(CC(=O)NC2c3ccccc3CCC2(C)C)c1=O;Cc1cc(C)cc(C2CCN(Cc3ncccc3C(=O)O)CC2)c1;CCCN(C(=O)c1cc(C)ccn1)C1Cc2ccccc2CC1O;Cc1ccc(C2CCCC2N(C)Cc2ncccc2C(=O)O)cc1;CCCN(C(=O)c1cc(C)ccn1)C1(O)CCc2ccccc2C1;CC(CCc1ccncc1)NC(=O)C1(O)CCc2ccccc2C1
m_f8ef30,O=C(CCc1nccs1)N1CCN(CCO)CC1;CC(O)N1CCN(C(=O)CCc2nccs2)CC1;CCN1CCN(C(=O)CCc2nccs2)CC1O;CCN1CCN(C(=O)CCc2nccs2)C(O)C1;CCc1ncc(C(=O)NCCN2CCOCC2)s1;CCN1CCN(C(=O)CC(O)c2nccs2)CC1;Cc1nc(C)c(C(=O)NCC(=O)NC(C)(C)C)s1;CCN1CCN(C(=O)C(O)Cc2nccs2)CC1;OCCN1CCN(C(O)C=Cc2nccs2)CC1;Cc1ncc(CN(C)C(=O)NCC2CCCO2)s1;OCCN1C=CN(C(O)CCc2nccs2)CC1;CCN1CCN(C(=O)CCc2ncc(O)s2)CC1;CCN1CCN(C(=O)CCc2nc(O)cs2)CC1;c1ccc(-c2ccc(-c3cc4ccccn4c3)cc2)cc1;Cc1ccc2c(c1)C(=Cc1ccccc1)c1cccnc1-2;Cc1cc2c(cn1)C(=Cc1ccccc1)c1ccccc1-2;NC12c3ccccc3C(c3ccccc31)c1ccccc12;CCOCC1CCN(C(=O)NCc2nccs2)C1;Cc1ncsc1CN(C)C(=O)NCC1CCCO1;O=C(NCCc1nccs1)N1CCCC(CO)C1;OC=CN1CCN(C(O)CCc2nccs2)CC1;Cc1ncc(C(=O)NCCN2CCOCC2C)s1;O=C(NCCN1CCOCC1)NCc1cccs1;CCc1cnc(N2CCN(CCC(=O)O)CC2)s1;CCOC1CCCN(C(=O)c2csc(CN)n2)C1
m_fb2bcc,CCOC1CC(CC(=O)Nc2c(C(=O)OC)n(C)c3ccccc23)C1;CCOC1CC(=CC(O)Nc2c(C(=O)OC)n(C)c3ccccc23)C1;CCOC1C=C(CC(O)Nc2c(C(=O)OC)n(C)c3ccccc23)C1;CCOC1=CC(CC(O)Nc2c(C(=O)OC)n(C)c3ccccc23)C1;CCOC1CC(CC(=O)Nc2c(C(=O)O)n(C)c3c(C)cccc23)C1;CCOC1CC(CC(=O)N(C)c2c(C(=O)O)n(C)c3ccccc23)C1;CCOC1CC(CC(=O)Nc2c(C(=O)O)n(C)c3ccc(C)cc23)C1;CCOC1CC(CC(=O)Nc2c(C(=O)O)n(C)c3cccc(C)c23)C1;CCOC1CC(CC(=O)Nc2c(C(=O)O)n(C)c3cc(C)ccc23)C1;COC(=O)c1c(N(C)C(=O)C2CCCCO2)c2cc(C)ccc2n1C;COC(=O)c1c(N(C)C(=O)C2CCCCO2)c2c(C)cccc2n1C;COC(=O)c1c(N(C)C(=O)C2CCCCO2)c2cccc(C)c2n1C;COC(=O)CC1(CC(=O)Nc2cccc3c2CN(C)C3=O)CCCC1;COC(=O)c1c(NC(=O)C2CCCCO2)c2c(C)c(C)ccc2n1C;COC(=O)c1c(N(C)C(=O)C2CCCCO2)c2ccc(C)cc2n1C;COC(=O)c1c(NC(=O)C2CCCCO2)c2cc(C)c(C)cc2n1C;COC(=O)c1c(NC(=O)C2CCCCO2)c2c(C)ccc(C)c2n1C;CCOC1CC(=CC(=O)Nc2c(C(O)OC)n(C)c3ccccc23)C1;COC(=O)c1c(NC(=O)C2CCCCO2)c2ccc(C)c(C)c2n1C;CCc1cccc2c(CC(=O)NCC3(C(=O)O)CCOCC3)c[nH]c12;COC(=O)c1c(NC(=O)C2CCCCO2)c2c(C)cc(C)cc2n1C;COC(=O)c1c(NC(=O)C2CCCCO2)c2cc(C)cc(C)c2n1C;CCn1cc(CC(=O)N(CC(=O)O)C2CCOCC2)c2ccccc21;CCOC1=CC(CC(=O)Nc2c(C(O)OC)n(C)c3ccccc23)C1;Cc1nc(-c2ccc(NC(=O)CCOC3CCOCC3)cc2)oc1C
m_fb6996,CCOC(=O)c1ccc2c(c1)N(CC(=O)NC1CCN(C(C)=O)CC1)CCO2;CCOC(=O)c1ccc2c(c1)N(CC(O)NC1C=CN(C(C)=O)CC1)CCO2;CCOC(=O)c1ccc2c(c1)N(CC(=O)NC1=CCN(C(C)O)CC1)CCO2;CCOC(=O)c1ccc2c(c1)N(CC(=O)NC1C=CN(C(C)O)CC1)CCO2;CCOC(=O)N1CCC(NC(=O)C2CC(=O)N(c3ccccc3OC)C2)CC1;CCOC(=O)c1ccc2c(c1)N(CC(O)NC1=CCN(C(C)=O)CC1)CCO2;CCOC(=O)c1ccc2c(c1)N(CC(=O)NC1CCN(C(C)O)CC1)C=CO2;CCOC(O)c1ccc2c(c1)N(CC(=O)NC1CCN(C(C)=O)CC1)C=CO2;CCOC(=O)c1ccc2c(c1)N(CC(O)NC1CCN(C(C)=O)CC1)C=CO2;CCOC(O)c1ccc2c(c1)N(CC(=O)NC1C=CN(C(C)=O)CC1)CCO2;O=C(O)c1cccc(CN2CC3CC(O)CN3C3(C2)CN(C(=O)CCO)C3)c1;CCOC(O)c1ccc2c(c1)N(CC(=O)NC1=CCN(C(C)=O)CC1)CCO2;CN(C)c1ccc([N+](=O)[O-])cc1C(=O)OCC(=O)N1CCCC2CCCCC21;COc1cc2ncn(C3C4OCC(O4)C(NC4CCCC4)C3O)c2cc1OC;COc1cc2nc(C)n(CC(=O)NC3CCOC(C)(C)C3)c(=O)c2cc1OC;COCC(=O)N1CC2COCCN2C2(C1)CN(C(=O)COc1ccccc1)C2;COC(=O)C1CN(C(=O)c2ccc(OC)cc2)CCN1C(=O)C1CCNCC1;C=CC(C)(C)C(=O)Nc1ccccc1C(=O)CCNC(=O)CCC(N)C(=O)O;COCCN1CCC(N2CCCN(C(=O)c3ccc4c(c3)OCO4)CC2)C1=O;O=C(OC1CCN2CC3CC(CN4C(=O)C(O)C(O)CC34)C2C1)c1ccc[nH]1;COC(=O)C1CN(C(=O)C2CCNCC2)CCN1C(=O)c1ccc(OC)cc1;COC(=O)CCC1CNC(=O)C2C(CCN2Cc2ccc(C(=O)O)cc2)N1C;CCC(C)C1(OC)NC(=O)C(C(C)C)n2c1nc1c(c2=O)C=C(OC)C=CO1;Cc1ccc(CN2C(=O)C3CC(O)CN3C3(CN(C4CCOCC4)C3)C2=O)o1;COc1cc2nc(O)c(C(=O)NCCCN3CCCCC3)c(O)c2cc1OC
m_fbf20a,CC1(C(N)=O)CCCCN1CC(=O)NC1CCOCC1;CC1(C(N)=O)CCCCN1CC(O)NC1=CCOCC1;CC1CCC(C(N)=O)CN1C(=O)CNCC1CCCO1;CC1(C(N)=O)CCCCN1CC(O)NC1C=COCC1;CNC(=O)C(C)(C)N1CCCC1C(=O)N1CCOCC1;CNC(=O)C(C1CC1)N1CCCC1C(=O)NCCOC;CCN1CC2(C1)CN(C(=O)CCO)CC1CC(O)CN12;CC1(C(N)=O)CCC=CN1CC(O)NC1CCOCC1;CC(C(=O)O)N1CCN(CC(=O)N2CCCCC2)CC1;CC1(C(N)O)CCCCN1CC(=O)NC1=CCOCC1;CC1(C(N)O)CCCCN1CC(=O)NC1C=COCC1;COCC(=O)N1CCN2C(CN(C(C)=O)CC2(C)C)C1;CC1(C(N)=O)CC=CCN1CC(O)NC1CCOCC1;CC(=O)NCC1CN(C(=O)C2(N)CCCCC2)CCO1;CCC(C(=O)O)N1CCN(CC(=O)N2CCCC2)CC1;CC1(C(N)=O)C=CCCN1CC(O)NC1CCOCC1;CCNC(=O)C1CCCN1C1(C(=O)NC)CCOCC1;CC(=O)N1CC2(CN(CCCO)CC3CC(O)CN32)C1;COCCN1CC2CN(C3CCOCC3)CCN2C1=O;CC(=O)N1CCN(C(=O)CN2CCOCC(C)C2)CC1;COC1CCC(NC(=O)NC2CCCN(C)C2=O)CC1;CCCC1(COC)CCCN1Cc1nc(COC)no1;COCC(=O)N1CCC(NC(=O)NC2CCCC2)CC1;CCN(CC)C(=O)C1CCCN1C1(C(=O)NC)COC1;CCCNC(=O)CCNC(=O)N1CCC2(CCOC2)C1
m_fd4556,CN(C)c1ccncc1C(=O)NC1CCN(C2CCOCC2)C1=O;CNc1c(C)cncc1C(=O)NC1CCN(C2CCOCC2)C1=O;CNc1ccnc(C)c1C(=O)NC1CCN(C2CCOCC2)C1=O;Cc1ccc(NC(=O)N2CCN(C(=O)C3CCCO3)CC2)c(C)n1;CNc1cc(C)ncc1C(=O)NC1CCN(C2CCOCC2)C1=O;CN(C)c1ccncc1C(=O)NC1CC(O)C(=O)N(C)C1C1CC1;COC1CC(NC(=O)c2cnccc2N(C)C)C(C2CC2)NC1=O;CN(C)c1ccncc1C(=O)N(C)C1C(O)CC(=O)NC1C1CC1;CN(C)c1ccncc1C(=O)N(C)C1CCC(=O)NC1(O)C1CC1;COC1(C2CC2)NC(=O)CCC1NC(=O)c1cnccc1N(C)C;COC1(C2NC(=O)CCC2NC(=O)c2cnccc2N(C)C)CC1;CN(C)c1ccncc1C(=O)NC1CCC(=O)N(C)C1C1(O)CC1;CN(C)c1ccncc1C(=O)N(C)C1CCC(=O)NC1C1(O)CC1;CN(C)c1ccncc1C(=O)NC1CCC(=O)N(C)C1C1CC1O;COC1CC(=O)NC(C2CC2)C1NC(=O)c1cnccc1N(C)C;COC1CC1C1NC(=O)CCC1NC(=O)c1cnccc1N(C)C;CN(C)c1ccncc1C(=O)N(C)C1CC(O)C(=O)NC1C1CC1;CN(C)c1ccncc1C(=O)NC1CCC(=O)N(C)C1(O)C1CC1;CN(C)c1ccncc1C(=O)N(C)C1CCC(=O)NC1C1CC1O;CN(C)c1ccncc1C(=O)NC1CCN(C2=CCOCC2)C1O;CN(C)c1ccncc1C(=O)NC1C(O)CC(=O)N(C)C1C1CC1;CNC(=O)C12CCOCC1CN(C(=O)c1cc(N(C)C)ccn1)C2;CN(C)c1ccncc1C(=O)N(C)C1(O)CCC(=O)NC1C1CC1;CN(C)c1ccncc1C(=O)NC1C=CN(C2CCOCC2)C1O;CN(C)c1ccncc1C(=O)NC1(O)CCC(=O)N(C)C1C1CC1
m_fd693e,CCN(C)C(=O)NCCOc1ccc(C(F)(F)F)cn1;CCNC(=O)N(C)CCOc1ccc(C(F)(F)F)cn1;Cc1nocc1NC(=O)N(CC1CCC1)CC(F)(F)F;CC(C)(C)CC(NC(=O)c1ccc(=O)[nH]n1)C(F)(F)F;O=C(NCC1(O)CCCC(C(F)(F)F)C1)c1cc[nH]n1;CC(C)(C)OC(=O)N1CCc2c(C(F)(F)F)n[nH]c2C1;CC(C)(C)OC(=O)N1CCc2[nH]nc(C(F)(F)F)c2C1;COc1cc(C)nc(N2CCC(O)(C(F)(F)F)CC2)n1;COC(=O)C1CN(C(=O)c2cccnc2)CCN1C(C)=O;O=C(COCC(F)(F)F)N1CCCC(n2cccn2)C1;CCN(C)C(O)NC=COc1ccc(C(F)(F)F)cn1;O=C(NCC1CCN(CC(F)(F)F)CC1)c1ccon1;CC(C)c1nnc(C2COCCN2C(=O)c2ccoc2)o1;CCNC(=O)NCCOc1ncc(C(F)(F)F)cc1C;CCNC(=O)NCCOc1ccc(C(F)(F)F)c(C)n1;CNC(=O)C1CCCCN1C(=O)c1ccc(C(=O)O)nc1;COCc1nn(CC(=O)NCc2ccccc2C)c(=O)o1;CCNC(=O)NCCOc1cc(C)c(C(F)(F)F)cn1;O=C(CCC1NC(=O)NC1=O)NC1CCCc2occc21;CC(c1ccc(F)c(F)c1)N(C)C(=O)Nc1ccncc1;OC1CC(c2cc(F)ccc2F)N(Cc2ncccn2)C1;COc1ccccc1NC(=O)N1CC2(CC(=O)N(C)O2)C1;NC1(CNC(=O)c2ncoc2C(F)(F)F)CCCCC1;COC(=O)CC1C(=O)NCCN1C(=O)Nc1ccccc1;COCCNC(=O)CC1NC(=O)c2ccccc2NC1=O
m_fe6eaa,O=C(Nc1nnc(Cc2ccccc2)s1)N1CCCC1C(F)F;O=C(NCc1nc(-c2ccncc2)cs1)N1CCCC1C(F)F;OC(Nc1nnc(Cc2ccccc2)s1)N1CCCC1=C(F)F;OC(Nc1nnc(Cc2ccccc2)s1)N1C=CCC1C(F)F;OC(Nc1nnc(Cc2ccccc2)s1)N1CCC=C1C(F)F;OC(Nc1nnc(Cc2ccccc2)s1)N1CC=CC1C(F)F;CC(NC(=O)c1cccnc1)c1onc(-c2cccnc2)c1C(=O)O;O=C(NCC1CCCc2ccccc21)Nc1nnc(C(F)F)s1;NS(=O)(=O)c1cccnc1NCC1CCN(CC(F)(F)F)C1;CC(NC(=O)c1ccccn1)c1onc(-c2cccnc2)c1C(=O)O;CC(NC(=O)c1cc2c(=O)[nH]cnc2cn1)c1ccc2c(c1)OCO2;CC(C)CC1COCCN1C(=O)Nc1nnc(C(F)(F)F)s1;O=C(c1ccc2c(c1)OCO2)N1CCc2nc3cc[nH]n3c(=O)c2C1;CC(NC(=O)c1cnccn1)c1onc(-c2ccccc2)c1C(=O)O;O=C(C=Cc1ccc(O)cc1)C1C(O)C(O)C(O)CC1(O)C(=O)O;O=C(C=Cc1ccc(O)cc1)OC(=O)C1(O)CC(O)C(O)C(O)C1;COC(=O)CC(O)(COC(=O)C=Cc1ccc(O)cc1)C(=O)OC;O=C(C=Cc1ccc(O)cc1)OC1(C(=O)O)CC(O)C(O)C(O)C1;COC(=O)C1(O)CC2OC(COC(=O)c3ccccc3)C(O1)C2O;COc1cc(O)c2c(c1)C(O)C13CC(C)(O)C(O)C(O)C1(O3)C2=O;O=C(O)C=Cc1ccc(OC2(C(=O)O)CC(O)C(O)C(O)C2)cc1;COC(=O)CC(OC(=O)C=Cc1ccc(O)c(OC)c1)C(=O)OC;COC1C(O)C(=O)OC1C(O)COC(=O)C=Cc1ccc(O)cc1;O=C(O)c1ccc(C(=O)Nc2cccc(-c3nc(C4CC4)n[nH]3)c2)o1;COC(=O)CCC(=O)Oc1ccc(OC(=O)CCC(=O)OC)cc1
m_fe9649,CN(C)C(CNc1cc(N2CCOCC2)ncn1)c1ccc(F)cc1;CNC(CN(C)c1cc(N2CCOCC2)ncn1)c1ccc(F)cc1;CNC(CNc1cc(N2CCOCC2)ncn1)c1ccc(F)cc1C;CNC(CNc1cc(N2CCOCC2)ncn1)c1ccc(F)c(C)c1;CNC(CNc1cc(N2CCOCC2)nc(C)n1)c1ccc(F)cc1;CN(C)C(CNC(=O)NC1CC1c1cccc(F)c1)c1cnn(C)c1;CN(C)C(CNC(=O)NC1CC1c1ccc(F)cc1)c1cnn(C)c1;CNC(CNc1ncnc(N2CCOCC2)c1C)c1ccc(F)cc1;CCN1CCN(c2ccc(F)cc2C(C)NC(=O)c2cc[nH]n2)CC1;Cc1[nH]ncc1C(=O)NC(C)c1cc(F)ccc1N1CCN(C)CC1;CCNC(=O)N1CCC(NCc2cnn(Cc3ccc(F)cc3)c2)C1;CCc1ncnc(N2CCC(Oc3ccnc(CN(C)C)c3)C2)c1F;COC1CC(CN)N(c2cc(NCCc3cccc(F)c3)ncn2)C1;COc1ccc2c3c1OC1C(OC)(OC)CCC4C(C2)N(C)CCC341;COc1cc2c(cc1OC)C13CCN(C)C(C2)C1CC(=O)C(OC)C3;COc1cc2c3c4c1OC1(OC)CC4(CCC3N(C)CC2)CCC1O;COc1cc2c3c4c1OC1(OC)CC(O)CCC41CCC3N(C)CC2;CN1CCCN(C(=O)NC(c2cccc(F)c2)c2nccn2C)CC1;CN1CCCN(C(=O)NC(c2ccc(F)cc2)c2nccn2C)CC1;COc1c2c(cc3c1C(CC(=O)CCC=C(C)C)N(C)CC3)OCO2;COc1cc2c(cc1OC)C13CCN(C)C(C2)C1CC(OC)C(=O)C3;CC(C)(C)n1cc(CN2CCN(Cc3cccc(F)c3)C(=O)C2)nn1;CN1CCCN(C(=O)NC(c2ccccc2F)c2nccn2C)CC1;CCOC1OC2CC=C3CCN(C)C3C2c2cc(OC)c(OC)cc21;CCN1CCN(c2ccc(C(=O)NCc3nccn3C)cc2F)CC1
m_fea652,Cc1ccc(-c2nc(CCNC(=O)N(C)Cc3ccco3)co2)cc1;Cc1ccc(-c2nc(CCN(C)C(=O)NCc3ccco3)co2)cc1;Cc1ccc(-c2nc(CCNC(=O)NCc3ccc(C)o3)co2)cc1;Cc1ccc(-c2nc(CCNC(=O)NCc3cc(C)co3)co2)cc1;Cc1ccc(-c2nc(CCNC(=O)NCc3occc3C)co2)cc1;Cc1ccc(-c2nc(CCNC(=O)NCc3ccco3)c(C)o2)cc1;Cc1ccc(-c2nc(CCNC(=O)N3CCCC(=C=O)C3)co2)cc1;O=C(CCCc1c[nH]c2ccccc12)NCC(=O)NCc1ccco1;Cc1ccc(-c2nc(CCNC(=O)N3CC=C=C(CO)C3)co2)cc1;Cc1ccc(-c2nc(CCNC(=O)N3C=C=CC(CO)C3)co2)cc1;Cc1ccc(-c2nc(CCNC(=O)N3C=CC=C(CO)C3)co2)cc1;Cc1ccc(-c2nc(CCNC(=O)N3C=C(CO)C=CC3)co2)cc1;Cc1ccc(-c2nc(CCNC(=O)NCc3ccco3)co2)cc1C;Cc1ccc(-c2nc(CCNC(=O)NCc3ccco3)co2)c(C)c1;Cc1ccc(-c2nc(CCNC(=O)N3C=CCC(CO)=C3)co2)cc1;Cc1ccc(-c2nc(C=CNC(O)N(C)Cc3ccco3)co2)cc1;Cc1ccc(-c2nc(CCNC(=O)N3CC=CC(=CO)C3)co2)cc1;CNC(=O)CC1CN(C(=O)NCc2c(F)cccc2OC)CC1O;Cc1ccc(-c2nnc(C3CCN(Cc4ccc(CO)o4)C3)o2)cc1;O=C(O)C1CCC1C(=O)Nc1ccnn1C1CCCc2ccccc21;Cc1cc(=O)c(OCC(=O)NCCc2c[nH]c3ccccc23)cn1C;CC1Cc2ccccc2N1Cc1occc1C(=O)N1CCNC(=O)C1;COc1cn(CC(=O)NCCc2c[nH]c3ccccc23)c(C)cc1=O;COc1ccc(NC(=O)NCCc2c[nH]c3ccccc23)c(OC)c1;Cc1ccc(-c2nc(CCNC(=O)N3C=CCC(=CO)C3)co2)cc1
m_feb5c1,O=C(Nc1ccc(-c2ccc(Cl)s2)nc1)N1CCC2CCC(O)C21;O=C(Nc1ccc(-c2ccc(Cl)s2)nc1)N1CC(O)C2CCCC21;O=C(Nc1ccc(-c2ccc(Cl)s2)nc1)N1CCC2(O)CCCC12;O=C(Nc1ccc(-c2ccc(Cl)s2)nc1)N1CCC2C(O)CCC21;O=C(Nc1ccc(-c2ccc(Cl)s2)nc1)N1C(O)CC2CCCC21;O=C(Nc1ccc(-c2ccc(Cl)s2)nc1)N1CCC2CCCC21O;O=C(Nc1ccc(-c2ccc(Cl)s2)nc1)N1CCC2CC(O)CC21;O=C(Nc1ccc(-c2cc(O)c(Cl)s2)nc1)N1CCC2CCCC21;O=C(Nc1ccc(-c2sc(Cl)cc2O)nc1)N1CCC2CCCC21;O=C(Nc1ccc(-c2ccc(Cl)s2)nc1O)N1CCC2CCCC21;O=C(Nc1cnc(-c2ccc(Cl)s2)cc1O)N1CCC2CCCC21;OC1=C2C(CC1)CCN2C(O)Nc1ccc(-c2ccc(Cl)s2)nc1;O=C(Nc1cnc(-c2ccc(Cl)s2)c(O)c1)N1CCC2CCCC21;OC1CCC2=C1N(C(O)Nc1ccc(-c3ccc(Cl)s3)nc1)CC2;OC1C=CC2CCN(C(O)Nc3ccc(-c4ccc(Cl)s4)nc3)C12;OC1CC=C2CCN(C(O)Nc3ccc(-c4ccc(Cl)s4)nc3)C21;OC1CCC2C=CN(C(O)Nc3ccc(-c4ccc(Cl)s4)nc3)C12;OC1CCC2=CCN(C(O)Nc3ccc(-c4ccc(Cl)s4)nc3)C21;Nc1ncnc2c1ncn2C1OC2=CC(CC(=O)O)(C(=O)O)OC2C1O;O=C(O)C12CCCC1CN(c1nnc(Cc3ccc(Cl)cc3)s1)C2;CCN(CC)S(=O)(=O)c1ccc(-c2cn3cc(Cl)ccc3n2)cc1;O=C(c1cc2c(Cl)cccc2s1)N1CCCC(N2CCNC2=O)C1;CC(C)C(=O)Nc1nc(CC(=O)N2CCc3ccc(Cl)cc32)cs1;CC(C)C(=O)Nc1nc(CC(=O)N2CCc3c(Cl)cccc32)cs1;CC(NS(C)(=O)=O)C(=O)NC1CCN(c2ccc(F)c(Cl)c2)C1
m_ff32bb,O=C(Nc1cnn(-c2ncccn2)c1)c1ccc(F)cc1;O=C(Nc1ccc(-n2cncn2)nc1)c1ccc(F)cc1;O=C(O)C1CCC(O)(O)CN1C(=O)c1ccc(F)cc1;O=C(O)C1CC(O)(O)CCN1C(=O)c1ccc(F)cc1;O=C(O)C1C(O)CC(O)CN1C(=O)c1ccc(F)cc1;O=C(O)C1C(O)C(O)CCN1C(=O)c1ccc(F)cc1;O=C(O)C1N(C(=O)c2ccc(F)cc2)CCCC1(O)O;O=C(O)C1CC(O)C(O)CN1C(=O)c1ccc(F)cc1;O=C(O)c1cccc(S(=O)(=O)N2CCCCCC2)c1;CN(Cc1ccc(C(=O)O)cc1)S(=O)(=O)CC1CC1;CC(C)(C(=O)N1CCOC(C(=O)O)C1)c1cccs1;O=C(c1ccc(F)cc1)N1C(O)CCCC1(O)C(=O)O;O=C(O)C1COCCN1C(=O)CCCc1cccs1;Cc1cc(C(=O)N2CCOCC2CC(=O)O)c(C)s1;O=C(c1ccc(F)cc1)N1CC(O)CCC1(O)C(=O)O;CC(C(=O)NC1c2ccccc2CC1O)S(C)(=O)=O;CC1(C(=O)NCc2cccc(S(C)(=O)=O)c2)COC1;COc1ccccc1C(=O)NC(CCSC)C(=O)O;COc1cccc(C(=O)NC2CCS(=O)(=O)C2C)c1;CC(Cc1cccs1)C(=O)N1CCOCC1C(=O)O;O=C(c1ccc(F)cc1)N1CCC(O)CC1(O)C(=O)O;O=C(COc1ccccc1)NC1CCS(=O)(=O)CC1;CCc1ccc(C(=O)N2CCOCC2CC(=O)O)s1;CN(C1CCC1)S(=O)(=O)c1cccc2c1OCCO2;O=C(O)c1ccc(S(=O)(=O)NC2CCCCC2)cc1
m_ff4ed5,CCc1ccc(C(CO)NC(=O)c2ncccc2Br)cc1;Brc1cc(CNCc2cccnc2)cc2c1OCCCO2;CCc1nc(C(=O)NC2CC(c3ccc(Br)cc3)C2)co1;Cc1cccc(CN(CCO)C(=O)c2ncccc2Br)c1;Cc1c(Br)cccc1CCNC(=O)c1ncoc1C1CC1;O=C(NC(c1ccccn1)C1CCCC1)c1ccc(Br)o1;Cc1ccc(Br)c(C(=O)N(CCO)Cc2cccnc2)c1;CCCCC(=NNC(=O)c1ccc(Br)o1)c1ccccc1;CN1CC2(CCN(C(=O)c3cc4cccc(Br)c4o3)C2)C1;O=C(NC1CC2CCC(C1)N2)c1cc2cc(Br)ccc2o1;COc1c(C)cnc(CNC(=O)c2ccccc2Br)c1C;CCc1ncoc1C(=O)NC1(c2ccccc2Br)CCC1;COc1ccc(Br)c(CC(=O)N(C)c2cccc(C)n2)c1;Cc1ccc(C(=O)N(CCO)Cc2cccnc2)c(Br)c1;Cn1cc(NC(=O)C(C)(C)c2ccccc2)cc(Br)c1=O;Cn1cc(NC(=O)CCCc2ccccc2)cc(Br)c1=O;Cn1cc(Br)c(=O)c(NC(=O)CCCc2ccccc2)c1;N#CC1(C(=O)N2CCOc3ccc(Br)cc3C2)CCCC1;CC(C)OCc1cccc(NC(=O)c2ncccc2Br)c1;CC(NC(=O)c1ncccc1Br)c1ccc(CCO)cc1;Cc1ccc(OCCNC(=O)c2cncc(Br)c2)cc1C;CCc1ccc(C(C)NC(=O)c2nccc(O)c2Br)cc1;Cc1cc(C)c(OCC(=O)NCc2cccnc2)c(Br)c1;Cc1cc(C2(C(=O)NC(C)c3ccc(Br)cc3)CC2)on1;CCc1ccc(C(C)NC(=O)c2ncccc2Br)cc1O
m_ff5db9,Cc1n[nH]c(C2OCCC2NS(=O)(=O)c2ccc(F)cc2F)n1;O=S(=O)(NCC1CCC(c2ncn[nH]2)O1)c1ccc(F)cc1F;O=S(=O)(NCC1CCC(c2ncn[nH]2)O1)c1cccc(F)c1F;COC1CN(S(=O)(=O)c2cccc(F)c2F)CC1c1c[nH]nn1;COC1CC(c2ncn[nH]2)N(S(=O)(=O)c2cccc(F)c2F)C1;COc1ccc(NC(=S)C(=NNC(N)=S)c2ccccc2)cc1;COc1c(O)c(O)c(O)c2c1C1OC(CO)C(O)C(O)C1OC2=O;COc1ccc(C(=O)OC2OC(C(=O)O)C(O)C(O)C2O)cc1O;COc1cc(C(=O)O)ccc1OC1OC(C(=O)O)C(O)C(O)C1O;O=C(O)C(=O)c1ccc(O)c(C2OC(CO)C(O)C(O)C2O)c1O;COc1cc(C(=O)OC2OC(C(=O)O)C(O)C(O)C2O)ccc1O;O=C(OC1C(O)CC(O)(C(=O)O)CC1O)c1cc(O)c(O)c(O)c1;Cc1ccc2c(c1)ncn2C1OC(COP(=O)(O)O)C(O)C1O;NC(=O)OC1C(O)C(O)C(OP(=O)(O)O)C(N=C(N)N)C1O;O=C(Cc1csc(-c2ccsc2)n1)NC1CCc2nccn2C1;O=C(OC1CC(O)(C(=O)O)CC(O)C1O)c1cc(O)c(O)c(O)c1;O=C(O)c1cc(OC2OC(CO)C(O)C(O)C2O)cc(C(=O)O)c1;O=C(c1cc(O)c(O)c(O)c1)C1C(O)C(O)C(O)CC1(O)C(=O)O;Cc1cc(NC(=O)C2CCCN2c2ncnc3sccc23)cs1;CC(NC(=O)CCc1cscn1)c1nc(-c2ccncc2)cs1;Cc1cn2c(n1)CCC(NC(=O)c1csc(-c3ccsc3)n1)C2;CC1CCc2c(sc3ncn(Cc4ccc(Cl)cc4)c(=O)c23)C1;O=C(CN1CCCC1)N1c2ccccc2Sc2ccc(Cl)cc21;O=C(c1csc(-c2cccs2)n1)N1CCCC1Cn1cccn1;CN(C)c1ncccc1CNC(=O)c1cnc(-c2ccsc2)s1
m_ff7740,Cc1cnc(CCNS(=O)(=O)Cc2cc(Cl)ccc2F)s1;Cc1nc(C)c(S(=O)(=O)N(C)Cc2ccc(F)cc2Cl)s1;Cc1cnc(CCNS(=O)(=O)Cc2ccc(F)c(Cl)c2)s1;Cc1nc(CNS(=O)(=O)Cc2ccc(F)c(Cl)c2)sc1C;CCC(NS(=O)(=O)Cc1ccc(F)c(Cl)c1)c1nccs1;O=C(Nc1cccc(Cl)c1)Nc1nnc(-c2ccc(Cl)cc2)o1;O=C1C(COCc2cc(O)cc(Cl)c2O)=CC(O)C(O)C1Cl;O=C1c2ccccc2C(c2ccc(Br)cc2)c2ccccc21;Cc1noc(C2CC2)c1NS(=O)(=O)c1c(Cl)ccc(F)c1F;O=C(O)COc1ccc2c(c1)OC(=Cc1c(F)cccc1Cl)C2=O;CNS(=O)(=O)N1CCOC(c2ccc(Br)cc2)C1C;CNS(=O)(=O)CC(=O)NC(C)Cc1ccccc1Br;Cc1ccc(S(=O)(=O)NC(C)(C)CC(N)=O)c(Br)c1;O=C(NCCc1csc(-c2ccc(Cl)cc2)n1)c1cccs1;Cc1ccc(CC(=O)NCCNS(C)(=O)=O)cc1Br;COc1ccc(S(=O)(=O)N2CCCC(N)C2)c(Br)c1;CNS(=O)(=O)CC(=O)NC(C)Cc1ccc(Br)cc1;COc1nsc(C(=O)NC2CCC(OC)CC2)c1Br;O=C(Nc1cc(-c2cc(Cl)cc(Cl)c2)[nH]n1)c1cccc(=O)[nH]1;CCS(=O)(=O)Nc1cc(N2CCOCC2)ccc1Br;O=C(Cn1c(=O)cnc2ccccc21)Nc1cc(Cl)c(Cl)cn1;O=C(NCc1nc(-c2ccccn2)no1)c1ccc(Cl)c(Cl)c1;COc1ccccc1Oc1c(Cl)nc(-c2ncccn2)nc1Cl;COc1ccc(Br)cc1S(=O)(=O)N1CCN(C)CC1;COc1ccc(Br)cc1S(=O)(=O)NCC1CCCN1
m_ff926d,CN(Cc1cccc2c1OC(C)(C)C2)Cc1ncnn1C;CN(Cc1cccc2c1OC(C)(C)C2)Cc1nncn1C;CCOc1ccc(C2CCCN2CCn2cncn2)cc1;CC(NC(=O)c1ccccc1CC(C)(C)C)c1nc[nH]n1;COc1ccc(C2CCN(CCn3cncn3)CC2)cc1;CCn1cnnc1NC(=O)c1ccc(C(C)(C)CC)cc1;CCC(C)(C)c1ccc(C(=O)Nc2nc(C)n(C)n2)cc1;CCn1nnc(C)c1CN1CCOC(c2ccccc2)C1;Cc1ccc(CCN2CCC(O)(Cn3ccnn3)C2)cc1;COc1ccccc1C(C)NCc1nnc(C2CC2)n1C;CCc1ccccc1CN1CC(OC)CC1c1ncn[nH]1;Cc1cccc(CN2CCOCC2c2ncnn2C)c1C;Cc1ccc(C)c(CC(=O)NCc2nncn2C(C)C)c1;CCc1ccccc1NC(=O)CC(C)Nc1cnn(C)c1;CC(CCc1ccc(O)cc1)NC1CCc2ncnn2C1;CCN(C(=O)c1ncn(C(C)(C)C)n1)c1ccccc1C;Cc1cccc(CC(C)NC2COCC2n2ccnn2)c1;CC(C)(C)C(=O)N1CCN(c2cccc3[nH]ncc23)CC1;Cc1ccc(CO)cc1NCc1nnc2n1CCCCC2;Cc1nnc(C2CCN(Cc3ccc(N(C)C)cc3)C2)o1;O=C(C1C2CC3CC(C2)CC1C3)N1CCn2nncc2C1;Cc1ccc(NC(=O)CC(C)n2nc(C)nc2C)c(C)c1;CC(C)CNC(=O)NCc1ccc(Cn2cccn2)cc1;Cc1cc(CNC2CCOC2(C)C)ccc1-n1cncn1;Cc1ccc(NC(=O)CC(C)Nc2cnn(C)c2)c(C)c1
